seed,mobility,phase_profile,reference_index,delta_slots,delta_time,rho_obs,rho_over_time
53001,slow,0,0,1,0.1,0.03478647244000502,0.3478647244000502
53001,slow,0,0,2,0.2,0.04120229297033787,0.20601146485168934
53001,slow,0,0,5,0.5,0.04402638941453903,0.08805277882907805
53001,slow,0,0,10,1.0,0.06496604552454342,0.06496604552454342
53001,slow,0,0,20,2.0,0.06280611522731473,0.031403057613657366
53001,slow,0,10,1,0.1,0.03322001866816705,0.3322001866816705
53001,slow,0,10,2,0.2,0.028267935062827602,0.141339675314138
53001,slow,0,10,5,0.5,0.040153837424018915,0.08030767484803783
53001,slow,0,10,10,1.0,0.05193761238528667,0.05193761238528667
53001,slow,0,10,20,2.0,0.10792731151076247,0.053963655755381236
53001,slow,0,20,1,0.1,0.03177112309725788,0.3177112309725788
53001,slow,0,20,2,0.2,0.04100302073492048,0.20501510367460238
53001,slow,0,20,5,0.5,0.05392000609430021,0.10784001218860043
53001,slow,0,20,10,1.0,0.07357056757667463,0.07357056757667463
53001,slow,0,20,20,2.0,0.07752793778000809,0.038763968890004045
53001,slow,0,30,1,0.1,0.03883859045133356,0.3883859045133356
53001,slow,0,30,2,0.2,0.037130354825827015,0.18565177412913506
53001,slow,0,30,5,0.5,0.047503350575631376,0.09500670115126275
53001,slow,0,30,10,1.0,0.060092359158081046,0.060092359158081046
53001,slow,0,30,20,2.0,0.07285286897453024,0.03642643448726512
53001,slow,0,40,1,0.1,0.04390686556122288,0.43906865561222874
53001,slow,0,40,2,0.2,0.04177923185814891,0.20889615929074457
53001,slow,0,40,5,0.5,0.05676839255717571,0.11353678511435142
53001,slow,0,40,10,1.0,0.07297029955334892,0.07297029955334892
53001,slow,0,50,1,0.1,0.03442452267566502,0.3442452267566502
53001,slow,0,50,2,0.2,0.03042040864874689,0.15210204324373444
53001,slow,0,50,5,0.5,0.05808970542596965,0.1161794108519393
53001,slow,1,0,1,0.1,0.017434216767195462,0.17434216767195462
53001,slow,1,0,2,0.2,0.019506286500562173,0.09753143250281086
53001,slow,1,0,5,0.5,0.026998194466154323,0.053996388932308646
53001,slow,1,0,10,1.0,0.02898382585258684,0.02898382585258684
53001,slow,1,0,20,2.0,0.04301703677136794,0.02150851838568397
53001,slow,1,10,1,0.1,0.021687283132395718,0.21687283132395715
53001,slow,1,10,2,0.2,0.020744993961653985,0.10372496980826992
53001,slow,1,10,5,0.5,0.027808833969290743,0.055617667938581486
53001,slow,1,10,10,1.0,0.038635000803167285,0.038635000803167285
53001,slow,1,10,20,2.0,0.046885516553560415,0.023442758276780207
53001,slow,1,20,1,0.1,0.02114137936395991,0.21141379363959908
53001,slow,1,20,2,0.2,0.02977368309847625,0.14886841549238125
53001,slow,1,20,5,0.5,0.03767672250098864,0.07535344500197728
53001,slow,1,20,10,1.0,0.04256037472095038,0.04256037472095038
53001,slow,1,20,20,2.0,0.049446858688263706,0.024723429344131853
53001,slow,1,30,1,0.1,0.024672698926499204,0.24672698926499204
53001,slow,1,30,2,0.2,0.023473700608040236,0.11736850304020117
53001,slow,1,30,5,0.5,0.0323097134312824,0.0646194268625648
53001,slow,1,30,10,1.0,0.037255335289075965,0.037255335289075965
53001,slow,1,30,20,2.0,0.05057446067542749,0.025287230337713747
53001,slow,1,40,1,0.1,0.01915684076587511,0.1915684076587511
53001,slow,1,40,2,0.2,0.021004268208857906,0.10502134104428952
53001,slow,1,40,5,0.5,0.028940343728504403,0.057880687457008806
53001,slow,1,40,10,1.0,0.03257743935290815,0.03257743935290815
53001,slow,1,50,1,0.1,0.022833450239251103,0.22833450239251102
53001,slow,1,50,2,0.2,0.023886265192561675,0.11943132596280837
53001,slow,1,50,5,0.5,0.04100605421711195,0.0820121084342239
53001,slow,2,0,1,0.1,0.019073533969619912,0.1907353396961991
53001,slow,2,0,2,0.2,0.02398235627567888,0.1199117813783944
53001,slow,2,0,5,0.5,0.03148603432219353,0.06297206864438706
53001,slow,2,0,10,1.0,0.05105748771053045,0.05105748771053045
53001,slow,2,0,20,2.0,0.06962194938001282,0.03481097469000641
53001,slow,2,10,1,0.1,0.020773973553197798,0.20773973553197797
53001,slow,2,10,2,0.2,0.022931718803043333,0.11465859401521666
53001,slow,2,10,5,0.5,0.03334201725185152,0.06668403450370304
53001,slow,2,10,10,1.0,0.03356728962588972,0.03356728962588972
53001,slow,2,10,20,2.0,0.05381684097274212,0.02690842048637106
53001,slow,2,20,1,0.1,0.020455045830436183,0.20455045830436183
53001,slow,2,20,2,0.2,0.019608806400080846,0.09804403200040422
53001,slow,2,20,5,0.5,0.043584689839045516,0.08716937967809103
53001,slow,2,20,10,1.0,0.057783905481346154,0.057783905481346154
53001,slow,2,20,20,2.0,0.05926841714564623,0.029634208572823114
53001,slow,2,30,1,0.1,0.024396036894938317,0.24396036894938317
53001,slow,2,30,2,0.2,0.029747268344190857,0.14873634172095426
53001,slow,2,30,5,0.5,0.04536674207238257,0.09073348414476513
53001,slow,2,30,10,1.0,0.058473232834482775,0.058473232834482775
53001,slow,2,30,20,2.0,0.06167986843506981,0.030839934217534906
53001,slow,2,40,1,0.1,0.026181353025691453,0.2618135302569145
53001,slow,2,40,2,0.2,0.026866182188834537,0.13433091094417268
53001,slow,2,40,5,0.5,0.04130428911764315,0.0826085782352863
53001,slow,2,40,10,1.0,0.03966559861129842,0.03966559861129842
53001,slow,2,50,1,0.1,0.022638588555086547,0.22638588555086547
53001,slow,2,50,2,0.2,0.028956086160689308,0.14478043080344652
53001,slow,2,50,5,0.5,0.052434871207864366,0.10486974241572873
53001,slow,3,0,1,0.1,0.019280569082037978,0.19280569082037977
53001,slow,3,0,2,0.2,0.019199280567827555,0.09599640283913777
53001,slow,3,0,5,0.5,0.022001528201403203,0.044003056402806405
53001,slow,3,0,10,1.0,0.032070296777608386,0.032070296777608386
53001,slow,3,0,20,2.0,0.05117685911169473,0.025588429555847364
53001,slow,3,10,1,0.1,0.022890905514816047,0.22890905514816046
53001,slow,3,10,2,0.2,0.01762387583927817,0.08811937919639083
53001,slow,3,10,5,0.5,0.034294695540426766,0.06858939108085353
53001,slow,3,10,10,1.0,0.03701823757549255,0.03701823757549255
53001,slow,3,10,20,2.0,0.03381658784484561,0.016908293922422806
53001,slow,3,20,1,0.1,0.023676465065858913,0.23676465065858912
53001,slow,3,20,2,0.2,0.03026332201559485,0.15131661007797426
53001,slow,3,20,5,0.5,0.03315984786130552,0.06631969572261104
53001,slow,3,20,10,1.0,0.04084657377266279,0.04084657377266279
53001,slow,3,20,20,2.0,0.058970946117917894,0.029485473058958947
53001,slow,3,30,1,0.1,0.030398744908490517,0.30398744908490516
53001,slow,3,30,2,0.2,0.0328221352272313,0.16411067613615649
53001,slow,3,30,5,0.5,0.0390068199846994,0.0780136399693988
53001,slow,3,30,10,1.0,0.04586658320263652,0.04586658320263652
53001,slow,3,30,20,2.0,0.0541724138994112,0.0270862069497056
53001,slow,3,40,1,0.1,0.027552568279478117,0.2755256827947812
53001,slow,3,40,2,0.2,0.021557297453305025,0.10778648726652512
53001,slow,3,40,5,0.5,0.023985297220507466,0.04797059444101493
53001,slow,3,40,10,1.0,0.028972630051770382,0.028972630051770382
53001,slow,3,50,1,0.1,0.01822284092655967,0.1822284092655967
53001,slow,3,50,2,0.2,0.024024532582142814,0.12012266291071406
53001,slow,3,50,5,0.5,0.03043170210920834,0.06086340421841668
53001,medium,0,0,1,0.1,0.12375817472585027,1.2375817472585027
53001,medium,0,0,2,0.2,0.17478321100554742,0.8739160550277371
53001,medium,0,0,5,0.5,0.2281317930338313,0.4562635860676626
53001,medium,0,0,10,1.0,0.37664358585667657,0.37664358585667657
53001,medium,0,0,20,2.0,0.4199983182253106,0.2099991591126553
53001,medium,0,10,1,0.1,0.1321396161314291,1.321396161314291
53001,medium,0,10,2,0.2,0.1682801368030337,0.8414006840151684
53001,medium,0,10,5,0.5,0.232904208253505,0.46580841650701
53001,medium,0,10,10,1.0,0.42471037260247485,0.42471037260247485
53001,medium,0,10,20,2.0,0.7530396895461277,0.3765198447730638
53001,medium,0,20,1,0.1,0.12228494665763605,1.2228494665763605
53001,medium,0,20,2,0.2,0.17466566295889704,0.8733283147944851
53001,medium,0,20,5,0.5,0.3802598473312255,0.760519694662451
53001,medium,0,20,10,1.0,0.4968908331773889,0.4968908331773889
53001,medium,0,20,20,2.0,0.5398830724096356,0.2699415362048178
53001,medium,0,30,1,0.1,0.14631613364320206,1.4631613364320206
53001,medium,0,30,2,0.2,0.17528309696155814,0.8764154848077906
53001,medium,0,30,5,0.5,0.3115372580344056,0.6230745160688111
53001,medium,0,30,10,1.0,0.32512205859031573,0.32512205859031573
53001,medium,0,30,20,2.0,0.46882863352277254,0.23441431676138627
53001,medium,0,40,1,0.1,0.13348245317313895,1.3348245317313894
53001,medium,0,40,2,0.2,0.1624091640621924,0.8120458203109621
53001,medium,0,40,5,0.5,0.27672152733638494,0.5534430546727699
53001,medium,0,40,10,1.0,0.320006783529535,0.320006783529535
53001,medium,0,50,1,0.1,0.09528402414303844,0.9528402414303844
53001,medium,0,50,2,0.2,0.15645792925913507,0.7822896462956753
53001,medium,0,50,5,0.5,0.3411835258328064,0.6823670516656128
53001,medium,1,0,1,0.1,0.06721417796609039,0.6721417796609038
53001,medium,1,0,2,0.2,0.08034199225741302,0.4017099612870651
53001,medium,1,0,5,0.5,0.15037491502176076,0.3007498300435215
53001,medium,1,0,10,1.0,0.18709437039658852,0.18709437039658852
53001,medium,1,0,20,2.0,0.24998030397507887,0.12499015198753943
53001,medium,1,10,1,0.1,0.0605665324761955,0.605665324761955
53001,medium,1,10,2,0.2,0.10938577052546682,0.546928852627334
53001,medium,1,10,5,0.5,0.1400438496227648,0.2800876992455296
53001,medium,1,10,10,1.0,0.21543182267950262,0.21543182267950262
53001,medium,1,10,20,2.0,0.3401457985378979,0.17007289926894895
53001,medium,1,20,1,0.1,0.09720748243998516,0.9720748243998515
53001,medium,1,20,2,0.2,0.13511356828661933,0.6755678414330966
53001,medium,1,20,5,0.5,0.22274051520721524,0.4454810304144305
53001,medium,1,20,10,1.0,0.23837755224802404,0.23837755224802404
53001,medium,1,20,20,2.0,0.34478214912301425,0.17239107456150712
53001,medium,1,30,1,0.1,0.08520723211328923,0.8520723211328923
53001,medium,1,30,2,0.2,0.10955525136792497,0.5477762568396248
53001,medium,1,30,5,0.5,0.18179332568841405,0.3635866513768281
53001,medium,1,30,10,1.0,0.238494308938247,0.238494308938247
53001,medium,1,30,20,2.0,0.38983700262132,0.19491850131066
53001,medium,1,40,1,0.1,0.09496190782065167,0.9496190782065167
53001,medium,1,40,2,0.2,0.09042866201737908,0.45214331008689534
53001,medium,1,40,5,0.5,0.1686031007830018,0.3372062015660036
53001,medium,1,40,10,1.0,0.22772327023389047,0.22772327023389047
53001,medium,1,50,1,0.1,0.06470933942585798,0.6470933942585797
53001,medium,1,50,2,0.2,0.12467377824170332,0.6233688912085166
53001,medium,1,50,5,0.5,0.1655680224617335,0.331136044923467
53001,medium,2,0,1,0.1,0.09739638413369328,0.9739638413369328
53001,medium,2,0,2,0.2,0.1073574675306349,0.5367873376531744
53001,medium,2,0,5,0.5,0.20460324979951494,0.4092064995990299
53001,medium,2,0,10,1.0,0.32339378294157395,0.32339378294157395
53001,medium,2,0,20,2.0,0.4970596184081791,0.24852980920408954
53001,medium,2,10,1,0.1,0.0640369517340581,0.640369517340581
53001,medium,2,10,2,0.2,0.10396669956267639,0.519833497813382
53001,medium,2,10,5,0.5,0.15235317797799347,0.30470635595598694
53001,medium,2,10,10,1.0,0.2181643039634842,0.2181643039634842
53001,medium,2,10,20,2.0,0.32334083507669953,0.16167041753834976
53001,medium,2,20,1,0.1,0.08728026970165849,0.8728026970165849
53001,medium,2,20,2,0.2,0.09982392970279236,0.4991196485139618
53001,medium,2,20,5,0.5,0.2076031869994592,0.4152063739989184
53001,medium,2,20,10,1.0,0.2751186933955705,0.2751186933955705
53001,medium,2,20,20,2.0,0.2885931414619895,0.14429657073099475
53001,medium,2,30,1,0.1,0.10055485239710688,1.0055485239710686
53001,medium,2,30,2,0.2,0.14444124773263622,0.7222062386631811
53001,medium,2,30,5,0.5,0.21582719548566429,0.43165439097132857
53001,medium,2,30,10,1.0,0.3272221566371296,0.3272221566371296
53001,medium,2,30,20,2.0,0.35487617857491655,0.17743808928745827
53001,medium,2,40,1,0.1,0.07732615173140871,0.773261517314087
53001,medium,2,40,2,0.2,0.09190740997943288,0.4595370498971644
53001,medium,2,40,5,0.5,0.20299597355174154,0.4059919471034831
53001,medium,2,40,10,1.0,0.17374486989443536,0.17374486989443536
53001,medium,2,50,1,0.1,0.07023180134622758,0.7023180134622758
53001,medium,2,50,2,0.2,0.12935882420640737,0.6467941210320368
53001,medium,2,50,5,0.5,0.18513688397384265,0.3702737679476853
53001,medium,3,0,1,0.1,0.06773476555806521,0.677347655580652
53001,medium,3,0,2,0.2,0.08439494812547535,0.4219747406273767
53001,medium,3,0,5,0.5,0.12655617022525914,0.2531123404505183
53001,medium,3,0,10,1.0,0.21409164062198957,0.21409164062198957
53001,medium,3,0,20,2.0,0.2997291842796041,0.14986459213980205
53001,medium,3,10,1,0.1,0.07999974831964535,0.7999974831964535
53001,medium,3,10,2,0.2,0.11175797551109118,0.5587898775554558
53001,medium,3,10,5,0.5,0.14181504472615977,0.28363008945231954
53001,medium,3,10,10,1.0,0.19516559208961687,0.19516559208961687
53001,medium,3,10,20,2.0,0.22124349493141995,0.11062174746570998
53001,medium,3,20,1,0.1,0.08986167323549478,0.8986167323549478
53001,medium,3,20,2,0.2,0.12069186091100859,0.6034593045550429
53001,medium,3,20,5,0.5,0.16908600389260292,0.33817200778520584
53001,medium,3,20,10,1.0,0.21782837237554942,0.21782837237554942
53001,medium,3,20,20,2.0,0.4404188129442364,0.2202094064721182
53001,medium,3,30,1,0.1,0.10629757953227531,1.062975795322753
53001,medium,3,30,2,0.2,0.15894011634903288,0.7947005817451643
53001,medium,3,30,5,0.5,0.20758149577220178,0.41516299154440356
53001,medium,3,30,10,1.0,0.3268896981371507,0.3268896981371507
53001,medium,3,30,20,2.0,0.43368691642211554,0.21684345821105777
53001,medium,3,40,1,0.1,0.08086313376364716,0.8086313376364715
53001,medium,3,40,2,0.2,0.08676013634354439,0.4338006817177219
53001,medium,3,40,5,0.5,0.1587223249370568,0.3174446498741136
53001,medium,3,40,10,1.0,0.1945662349008116,0.1945662349008116
53001,medium,3,50,1,0.1,0.0612249837441502,0.612249837441502
53001,medium,3,50,2,0.2,0.1104276842327589,0.5521384211637944
53001,medium,3,50,5,0.5,0.18766319302029896,0.3753263860405979
53001,fast,0,0,1,0.1,0.36893845780837214,3.6893845780837213
53001,fast,0,0,2,0.2,0.5444687237458906,2.722343618729453
53001,fast,0,0,5,0.5,0.670340516232064,1.340681032464128
53001,fast,0,0,10,1.0,0.9922236283652243,0.9922236283652243
53001,fast,0,0,20,2.0,1.1746697125647358,0.5873348562823679
53001,fast,0,10,1,0.1,0.39203152281915177,3.9203152281915177
53001,fast,0,10,2,0.2,0.4998040570576106,2.499020285288053
53001,fast,0,10,5,0.5,0.6437924924137701,1.2875849848275402
53001,fast,0,10,10,1.0,1.1056610210097593,1.1056610210097593
53001,fast,0,10,20,2.0,1.5498749919936397,0.7749374959968198
53001,fast,0,20,1,0.1,0.4111370574501458,4.111370574501458
53001,fast,0,20,2,0.2,0.5118126355293718,2.559063177646859
53001,fast,0,20,5,0.5,1.1258311046907452,2.2516622093814904
53001,fast,0,20,10,1.0,0.9283255396969082,0.9283255396969082
53001,fast,0,20,20,2.0,1.305516171653773,0.6527580858268865
53001,fast,0,30,1,0.1,0.3491520450734717,3.4915204507347166
53001,fast,0,30,2,0.2,0.5566543753960503,2.7832718769802516
53001,fast,0,30,5,0.5,0.8256962877228671,1.6513925754457341
53001,fast,0,30,10,1.0,0.963463005704029,0.963463005704029
53001,fast,0,30,20,2.0,1.2579294630727986,0.6289647315363993
53001,fast,0,40,1,0.1,0.2788763370182236,2.788763370182236
53001,fast,0,40,2,0.2,0.3257286512366591,1.6286432561832955
53001,fast,0,40,5,0.5,0.6227812485487859,1.2455624970975718
53001,fast,0,40,10,1.0,0.7159610001185495,0.7159610001185495
53001,fast,0,50,1,0.1,0.22706945806094092,2.270694580609409
53001,fast,0,50,2,0.2,0.37617709054263965,1.8808854527131982
53001,fast,0,50,5,0.5,0.8877714354994608,1.7755428709989216
53001,fast,1,0,1,0.1,0.21263960312110392,2.126396031211039
53001,fast,1,0,2,0.2,0.24602374514590034,1.2301187257295016
53001,fast,1,0,5,0.5,0.4707799694671507,0.9415599389343015
53001,fast,1,0,10,1.0,0.5721732592193695,0.5721732592193695
53001,fast,1,0,20,2.0,0.6982452891747407,0.34912264458737036
53001,fast,1,10,1,0.1,0.21535319342146575,2.1535319342146573
53001,fast,1,10,2,0.2,0.3841667161166047,1.9208335805830234
53001,fast,1,10,5,0.5,0.5132969928329878,1.0265939856659756
53001,fast,1,10,10,1.0,0.6499144898861521,0.6499144898861521
53001,fast,1,10,20,2.0,1.295862575467995,0.6479312877339976
53001,fast,1,20,1,0.1,0.31733070242484956,3.1733070242484955
53001,fast,1,20,2,0.2,0.43279055400511807,2.16395277002559
53001,fast,1,20,5,0.5,0.6938461317432354,1.3876922634864708
53001,fast,1,20,10,1.0,0.7634130951916293,0.7634130951916293
53001,fast,1,20,20,2.0,0.8854933202909369,0.44274666014546843
53001,fast,1,30,1,0.1,0.29598598422346056,2.9598598422346054
53001,fast,1,30,2,0.2,0.3808863443293826,1.904431721646913
53001,fast,1,30,5,0.5,0.6263915502580992,1.2527831005161985
53001,fast,1,30,10,1.0,0.8617190121305573,0.8617190121305573
53001,fast,1,30,20,2.0,1.2215647297090586,0.6107823648545293
53001,fast,1,40,1,0.1,0.24638269006743513,2.463826900674351
53001,fast,1,40,2,0.2,0.2593554075895727,1.2967770379478634
53001,fast,1,40,5,0.5,0.4752708000810561,0.9505416001621122
53001,fast,1,40,10,1.0,0.6005930025837949,0.6005930025837949
53001,fast,1,50,1,0.1,0.19636941933457902,1.96369419334579
53001,fast,1,50,2,0.2,0.42047442312058436,2.102372115602922
53001,fast,1,50,5,0.5,0.4244628639558214,0.8489257279116428
53001,fast,2,0,1,0.1,0.3141724328139503,3.1417243281395026
53001,fast,2,0,2,0.2,0.3177275842313537,1.5886379211567685
53001,fast,2,0,5,0.5,0.5962425589708619,1.1924851179417237
53001,fast,2,0,10,1.0,0.9575489030463863,0.9575489030463863
53001,fast,2,0,20,2.0,1.3359006298330205,0.6679503149165102
53001,fast,2,10,1,0.1,0.2175285380314068,2.175285380314068
53001,fast,2,10,2,0.2,0.3693577846363309,1.8467889231816543
53001,fast,2,10,5,0.5,0.4847979404765304,0.9695958809530608
53001,fast,2,10,10,1.0,0.607169207560601,0.607169207560601
53001,fast,2,10,20,2.0,0.7661883860235824,0.3830941930117912
53001,fast,2,20,1,0.1,0.3921369482633526,3.921369482633526
53001,fast,2,20,2,0.2,0.43839355918989575,2.1919677959494788
53001,fast,2,20,5,0.5,0.5483238698326854,1.0966477396653709
53001,fast,2,20,10,1.0,0.659373084923197,0.659373084923197
53001,fast,2,20,20,2.0,0.7714189530746286,0.3857094765373143
53001,fast,2,30,1,0.1,0.3816775039730493,3.8167750397304925
53001,fast,2,30,2,0.2,0.5691744284464839,2.8458721422324196
53001,fast,2,30,5,0.5,0.8122610862106044,1.6245221724212089
53001,fast,2,30,10,1.0,1.1783409998114382,1.1783409998114382
53001,fast,2,30,20,2.0,1.0952333444499651,0.5476166722249826
53001,fast,2,40,1,0.1,0.21918255603934772,2.191825560393477
53001,fast,2,40,2,0.2,0.3030462422291815,1.5152312111459072
53001,fast,2,40,5,0.5,0.516276542655241,1.032553085310482
53001,fast,2,40,10,1.0,0.6398644860967027,0.6398644860967027
53001,fast,2,50,1,0.1,0.22579461189484223,2.2579461189484222
53001,fast,2,50,2,0.2,0.38701721196111427,1.9350860598055712
53001,fast,2,50,5,0.5,0.48164233315720184,0.9632846663144037
53001,fast,3,0,1,0.1,0.20935220656902892,2.093522065690289
53001,fast,3,0,2,0.2,0.25427240960367326,1.2713620480183663
53001,fast,3,0,5,0.5,0.3745166788063949,0.7490333576127898
53001,fast,3,0,10,1.0,0.6607581868046898,0.6607581868046898
53001,fast,3,0,20,2.0,0.7749525993825567,0.38747629969127834
53001,fast,3,10,1,0.1,0.23869639599118384,2.386963959911838
53001,fast,3,10,2,0.2,0.4375454724353642,2.1877273621768207
53001,fast,3,10,5,0.5,0.5035103029901329,1.0070206059802658
53001,fast,3,10,10,1.0,0.6102222263223854,0.6102222263223854
53001,fast,3,10,20,2.0,0.6640028832703769,0.33200144163518847
53001,fast,3,20,1,0.1,0.3084121064367559,3.0841210643675585
53001,fast,3,20,2,0.2,0.3327361318042958,1.6636806590214788
53001,fast,3,20,5,0.5,0.4197941455148293,0.8395882910296586
53001,fast,3,20,10,1.0,0.6412176172217428,0.6412176172217428
53001,fast,3,20,20,2.0,1.393942229830965,0.6969711149154825
53001,fast,3,30,1,0.1,0.40052319605794084,4.005231960579408
53001,fast,3,30,2,0.2,0.6302843053216219,3.1514215266081096
53001,fast,3,30,5,0.5,0.7249213661461862,1.4498427322923724
53001,fast,3,30,10,1.0,0.8449279916519902,0.8449279916519902
53001,fast,3,30,20,2.0,0.8617256933039068,0.4308628466519534
53001,fast,3,40,1,0.1,0.2809830356075774,2.809830356075774
53001,fast,3,40,2,0.2,0.32396559053237606,1.6198279526618802
53001,fast,3,40,5,0.5,0.6888921279581015,1.377784255916203
53001,fast,3,40,10,1.0,0.913342019758124,0.913342019758124
53001,fast,3,50,1,0.1,0.24173299363871337,2.4173299363871337
53001,fast,3,50,2,0.2,0.4067108572026372,2.033554286013186
53001,fast,3,50,5,0.5,0.6778559220670002,1.3557118441340004
53002,slow,0,0,1,0.1,0.0284077814822168,0.284077814822168
53002,slow,0,0,2,0.2,0.032027180186721696,0.16013590093360847
53002,slow,0,0,5,0.5,0.03349719432603901,0.06699438865207802
53002,slow,0,0,10,1.0,0.03692028297932262,0.03692028297932262
53002,slow,0,0,20,2.0,0.04992053488206902,0.02496026744103451
53002,slow,0,10,1,0.1,0.032797534410014935,0.32797534410014934
53002,slow,0,10,2,0.2,0.022961272890023317,0.11480636445011658
53002,slow,0,10,5,0.5,0.03401463032210134,0.06802926064420269
53002,slow,0,10,10,1.0,0.04613322152695419,0.04613322152695419
53002,slow,0,10,20,2.0,0.05538238487396794,0.02769119243698397
53002,slow,0,20,1,0.1,0.03029818641298415,0.3029818641298415
53002,slow,0,20,2,0.2,0.02794287999261804,0.13971439996309018
53002,slow,0,20,5,0.5,0.04222871436072968,0.08445742872145937
53002,slow,0,20,10,1.0,0.06775517189222258,0.06775517189222258
53002,slow,0,20,20,2.0,0.0720793138491784,0.0360396569245892
53002,slow,0,30,1,0.1,0.02209599181031899,0.2209599181031899
53002,slow,0,30,2,0.2,0.03656807797761687,0.18284038988808432
53002,slow,0,30,5,0.5,0.06423039261961432,0.12846078523922863
53002,slow,0,30,10,1.0,0.05988009430644593,0.05988009430644593
53002,slow,0,30,20,2.0,0.05154093452804542,0.02577046726402271
53002,slow,0,40,1,0.1,0.020596068028400392,0.2059606802840039
53002,slow,0,40,2,0.2,0.031177574694195714,0.15588787347097857
53002,slow,0,40,5,0.5,0.035939626973182245,0.07187925394636449
53002,slow,0,40,10,1.0,0.05030522952728157,0.05030522952728157
53002,slow,0,50,1,0.1,0.02802789462668277,0.2802789462668277
53002,slow,0,50,2,0.2,0.03851034254293616,0.19255171271468077
53002,slow,0,50,5,0.5,0.03317805617419736,0.06635611234839472
53002,slow,1,0,1,0.1,0.028781573403720555,0.2878157340372055
53002,slow,1,0,2,0.2,0.028272658820254648,0.14136329410127324
53002,slow,1,0,5,0.5,0.04477999212901374,0.08955998425802748
53002,slow,1,0,10,1.0,0.05444883327223793,0.05444883327223793
53002,slow,1,0,20,2.0,0.05337185606908492,0.02668592803454246
53002,slow,1,10,1,0.1,0.03420821148335582,0.3420821148335582
53002,slow,1,10,2,0.2,0.02789992766274058,0.13949963831370288
53002,slow,1,10,5,0.5,0.04055702252314719,0.08111404504629438
53002,slow,1,10,10,1.0,0.04670763954197579,0.04670763954197579
53002,slow,1,10,20,2.0,0.061186098876785895,0.030593049438392948
53002,slow,1,20,1,0.1,0.0229415520427438,0.22941552042743799
53002,slow,1,20,2,0.2,0.030960376215416772,0.15480188107708384
53002,slow,1,20,5,0.5,0.04881876342542237,0.09763752685084474
53002,slow,1,20,10,1.0,0.047733957827234594,0.047733957827234594
53002,slow,1,20,20,2.0,0.05105855113456576,0.02552927556728288
53002,slow,1,30,1,0.1,0.024897276543271632,0.24897276543271632
53002,slow,1,30,2,0.2,0.03288305394853686,0.1644152697426843
53002,slow,1,30,5,0.5,0.0308159683452865,0.061631936690573
53002,slow,1,30,10,1.0,0.03637133168601451,0.03637133168601451
53002,slow,1,30,20,2.0,0.06971440121121923,0.034857200605609616
53002,slow,1,40,1,0.1,0.0315454332339807,0.31545433233980696
53002,slow,1,40,2,0.2,0.02888396521909715,0.14441982609548576
53002,slow,1,40,5,0.5,0.035514205310286755,0.07102841062057351
53002,slow,1,40,10,1.0,0.05612435640266759,0.05612435640266759
53002,slow,1,50,1,0.1,0.024982831008552718,0.24982831008552717
53002,slow,1,50,2,0.2,0.02055675370898768,0.1027837685449384
53002,slow,1,50,5,0.5,0.045362907685629957,0.09072581537125991
53002,slow,2,0,1,0.1,0.035292833948702224,0.35292833948702224
53002,slow,2,0,2,0.2,0.036123976743965606,0.180619883719828
53002,slow,2,0,5,0.5,0.045093226842265265,0.09018645368453053
53002,slow,2,0,10,1.0,0.05587183708264987,0.05587183708264987
53002,slow,2,0,20,2.0,0.09976024506614496,0.04988012253307248
53002,slow,2,10,1,0.1,0.031167786502764933,0.3116778650276493
53002,slow,2,10,2,0.2,0.04905500409987976,0.2452750204993988
53002,slow,2,10,5,0.5,0.04851036145344273,0.09702072290688546
53002,slow,2,10,10,1.0,0.06074246477582585,0.06074246477582585
53002,slow,2,10,20,2.0,0.07136325058316768,0.03568162529158384
53002,slow,2,20,1,0.1,0.031926690013540523,0.3192669001354052
53002,slow,2,20,2,0.2,0.03623240467232364,0.18116202336161819
53002,slow,2,20,5,0.5,0.05280404381211477,0.10560808762422955
53002,slow,2,20,10,1.0,0.05412591594824861,0.05412591594824861
53002,slow,2,20,20,2.0,0.07270754625449816,0.03635377312724908
53002,slow,2,30,1,0.1,0.031975701029764554,0.3197570102976455
53002,slow,2,30,2,0.2,0.037158627571848735,0.18579313785924367
53002,slow,2,30,5,0.5,0.05297015952474845,0.1059403190494969
53002,slow,2,30,10,1.0,0.06070481136526787,0.06070481136526787
53002,slow,2,30,20,2.0,0.08130755724810973,0.040653778624054865
53002,slow,2,40,1,0.1,0.02591600718305913,0.2591600718305913
53002,slow,2,40,2,0.2,0.04438978319385441,0.22194891596927202
53002,slow,2,40,5,0.5,0.047082265702164096,0.09416453140432819
53002,slow,2,40,10,1.0,0.05732279190572914,0.05732279190572914
53002,slow,2,50,1,0.1,0.03186562207265908,0.31865622072659083
53002,slow,2,50,2,0.2,0.026981292552141222,0.13490646276070611
53002,slow,2,50,5,0.5,0.05300671095336204,0.10601342190672408
53002,slow,3,0,1,0.1,0.023933121365697353,0.23933121365697352
53002,slow,3,0,2,0.2,0.030787851397590223,0.1539392569879511
53002,slow,3,0,5,0.5,0.039872578974374004,0.07974515794874801
53002,slow,3,0,10,1.0,0.058012934407323836,0.058012934407323836
53002,slow,3,0,20,2.0,0.08024985049844399,0.040124925249221996
53002,slow,3,10,1,0.1,0.021656752552722335,0.21656752552722333
53002,slow,3,10,2,0.2,0.028377996973817873,0.14188998486908935
53002,slow,3,10,5,0.5,0.05032613219341065,0.1006522643868213
53002,slow,3,10,10,1.0,0.05837808014275575,0.05837808014275575
53002,slow,3,10,20,2.0,0.09343356582550448,0.04671678291275224
53002,slow,3,20,1,0.1,0.016537637611979777,0.16537637611979775
53002,slow,3,20,2,0.2,0.0309698813851339,0.1548494069256695
53002,slow,3,20,5,0.5,0.029737188689693494,0.05947437737938699
53002,slow,3,20,10,1.0,0.060337626177069274,0.060337626177069274
53002,slow,3,20,20,2.0,0.06717256859934231,0.03358628429967116
53002,slow,3,30,1,0.1,0.04262045710571816,0.42620457105718157
53002,slow,3,30,2,0.2,0.05541503910865924,0.2770751955432962
53002,slow,3,30,5,0.5,0.051439168406923266,0.10287833681384653
53002,slow,3,30,10,1.0,0.03666772531692959,0.03666772531692959
53002,slow,3,30,20,2.0,0.06344155112233621,0.031720775561168105
53002,slow,3,40,1,0.1,0.025704988013884666,0.25704988013884666
53002,slow,3,40,2,0.2,0.024713099758255884,0.12356549879127941
53002,slow,3,40,5,0.5,0.0372488172214378,0.0744976344428756
53002,slow,3,40,10,1.0,0.04381806952738937,0.04381806952738937
53002,slow,3,50,1,0.1,0.01701585471664491,0.1701585471664491
53002,slow,3,50,2,0.2,0.021884744051316945,0.10942372025658471
53002,slow,3,50,5,0.5,0.03506999861528018,0.07013999723056036
53002,medium,0,0,1,0.1,0.09192696230489336,0.9192696230489336
53002,medium,0,0,2,0.2,0.10918221900998924,0.5459110950499462
53002,medium,0,0,5,0.5,0.20081734064971005,0.4016346812994201
53002,medium,0,0,10,1.0,0.245148449783883,0.245148449783883
53002,medium,0,0,20,2.0,0.33545105108307144,0.16772552554153572
53002,medium,0,10,1,0.1,0.10416731546914802,1.0416731546914801
53002,medium,0,10,2,0.2,0.0904577622855609,0.4522888114278045
53002,medium,0,10,5,0.5,0.2574871423073341,0.5149742846146682
53002,medium,0,10,10,1.0,0.33127617193303804,0.33127617193303804
53002,medium,0,10,20,2.0,0.49188046418324444,0.24594023209162222
53002,medium,0,20,1,0.1,0.11804153486805137,1.1804153486805136
53002,medium,0,20,2,0.2,0.1453481330534259,0.7267406652671294
53002,medium,0,20,5,0.5,0.21042345340134636,0.4208469068026927
53002,medium,0,20,10,1.0,0.44286176230170954,0.44286176230170954
53002,medium,0,20,20,2.0,0.49708647067917316,0.24854323533958658
53002,medium,0,30,1,0.1,0.11250838898737957,1.1250838898737956
53002,medium,0,30,2,0.2,0.22933259018797805,1.1466629509398902
53002,medium,0,30,5,0.5,0.3632567963205156,0.7265135926410312
53002,medium,0,30,10,1.0,0.33872484328915475,0.33872484328915475
53002,medium,0,30,20,2.0,0.37923180002098394,0.18961590001049197
53002,medium,0,40,1,0.1,0.08525262540168306,0.8525262540168306
53002,medium,0,40,2,0.2,0.10063214427236002,0.5031607213618
53002,medium,0,40,5,0.5,0.21506418694942864,0.4301283738988573
53002,medium,0,40,10,1.0,0.2919426933984438,0.2919426933984438
53002,medium,0,50,1,0.1,0.12977257155562835,1.2977257155562834
53002,medium,0,50,2,0.2,0.2074942125757639,1.0374710628788193
53002,medium,0,50,5,0.5,0.2501846622970874,0.5003693245941748
53002,medium,1,0,1,0.1,0.09873317895174205,0.9873317895174205
53002,medium,1,0,2,0.2,0.12854972687770952,0.6427486343885476
53002,medium,1,0,5,0.5,0.27355361968869946,0.5471072393773989
53002,medium,1,0,10,1.0,0.31302313335021703,0.31302313335021703
53002,medium,1,0,20,2.0,0.38694534741549624,0.19347267370774812
53002,medium,1,10,1,0.1,0.09659193976493911,0.965919397649391
53002,medium,1,10,2,0.2,0.13839611007476382,0.6919805503738191
53002,medium,1,10,5,0.5,0.2870126429483589,0.5740252858967178
53002,medium,1,10,10,1.0,0.3480759420913556,0.3480759420913556
53002,medium,1,10,20,2.0,0.5215686070252342,0.2607843035126171
53002,medium,1,20,1,0.1,0.10257229727906347,1.0257229727906347
53002,medium,1,20,2,0.2,0.1536308149734621,0.7681540748673105
53002,medium,1,20,5,0.5,0.29479633164325453,0.5895926632865091
53002,medium,1,20,10,1.0,0.3172862764341814,0.3172862764341814
53002,medium,1,20,20,2.0,0.3398854627697114,0.1699427313848557
53002,medium,1,30,1,0.1,0.0751718035943052,0.751718035943052
53002,medium,1,30,2,0.2,0.14269335029233157,0.7134667514616578
53002,medium,1,30,5,0.5,0.131599747210286,0.263199494420572
53002,medium,1,30,10,1.0,0.2537171656708996,0.2537171656708996
53002,medium,1,30,20,2.0,0.4636910689718318,0.2318455344859159
53002,medium,1,40,1,0.1,0.09211847335675953,0.9211847335675952
53002,medium,1,40,2,0.2,0.1266346778616253,0.6331733893081265
53002,medium,1,40,5,0.5,0.22502083135174522,0.45004166270349044
53002,medium,1,40,10,1.0,0.3120364936781627,0.3120364936781627
53002,medium,1,50,1,0.1,0.08603266147827517,0.8603266147827516
53002,medium,1,50,2,0.2,0.14006485204173175,0.7003242602086587
53002,medium,1,50,5,0.5,0.24324886402559268,0.48649772805118535
53002,medium,2,0,1,0.1,0.17267729398487058,1.7267729398487057
53002,medium,2,0,2,0.2,0.15782697988964192,0.7891348994482096
53002,medium,2,0,5,0.5,0.27476602350586504,0.5495320470117301
53002,medium,2,0,10,1.0,0.4237626305865096,0.4237626305865096
53002,medium,2,0,20,2.0,0.6530096189698749,0.32650480948493743
53002,medium,2,10,1,0.1,0.12382093381367236,1.2382093381367236
53002,medium,2,10,2,0.2,0.16013430597366435,0.8006715298683217
53002,medium,2,10,5,0.5,0.23231562463905323,0.46463124927810645
53002,medium,2,10,10,1.0,0.3143763633237735,0.3143763633237735
53002,medium,2,10,20,2.0,0.45346274941723863,0.22673137470861932
53002,medium,2,20,1,0.1,0.12751684845864733,1.2751684845864732
53002,medium,2,20,2,0.2,0.20470904111212188,1.0235452055606094
53002,medium,2,20,5,0.5,0.34506802416920784,0.6901360483384157
53002,medium,2,20,10,1.0,0.36268083021395403,0.36268083021395403
53002,medium,2,20,20,2.0,0.49900423433774793,0.24950211716887397
53002,medium,2,30,1,0.1,0.1343984516179511,1.343984516179511
53002,medium,2,30,2,0.2,0.16488313707565264,0.8244156853782632
53002,medium,2,30,5,0.5,0.2234797988958689,0.4469595977917378
53002,medium,2,30,10,1.0,0.2915358242829122,0.2915358242829122
53002,medium,2,30,20,2.0,0.46599228323473363,0.23299614161736681
53002,medium,2,40,1,0.1,0.11550431312553246,1.1550431312553244
53002,medium,2,40,2,0.2,0.17788001849406082,0.889400092470304
53002,medium,2,40,5,0.5,0.2661886709940612,0.5323773419881224
53002,medium,2,40,10,1.0,0.35906448552329817,0.35906448552329817
53002,medium,2,50,1,0.1,0.1066819710138606,1.0668197101386059
53002,medium,2,50,2,0.2,0.15525555419379108,0.7762777709689553
53002,medium,2,50,5,0.5,0.19947205133960622,0.39894410267921243
53002,medium,3,0,1,0.1,0.07790882643801454,0.7790882643801453
53002,medium,3,0,2,0.2,0.12664509897147513,0.6332254948573757
53002,medium,3,0,5,0.5,0.2242156349195807,0.4484312698391614
53002,medium,3,0,10,1.0,0.2682513023387008,0.2682513023387008
53002,medium,3,0,20,2.0,0.4602874912917768,0.2301437456458884
53002,medium,3,10,1,0.1,0.08196264395568041,0.819626439556804
53002,medium,3,10,2,0.2,0.11607704719352845,0.5803852359676422
53002,medium,3,10,5,0.5,0.30389482817517677,0.6077896563503535
53002,medium,3,10,10,1.0,0.30765031590978026,0.30765031590978026
53002,medium,3,10,20,2.0,0.6136206091450648,0.3068103045725324
53002,medium,3,20,1,0.1,0.10145287261427946,1.0145287261427944
53002,medium,3,20,2,0.2,0.1367997056694832,0.683998528347416
53002,medium,3,20,5,0.5,0.21472686534382454,0.4294537306876491
53002,medium,3,20,10,1.0,0.4451248089343641,0.4451248089343641
53002,medium,3,20,20,2.0,0.5269440706040963,0.26347203530204816
53002,medium,3,30,1,0.1,0.16094677814275657,1.6094677814275655
53002,medium,3,30,2,0.2,0.24969900193021827,1.2484950096510912
53002,medium,3,30,5,0.5,0.2740510998546552,0.5481021997093104
53002,medium,3,30,10,1.0,0.17049130988097808,0.17049130988097808
53002,medium,3,30,20,2.0,0.3637036851314107,0.18185184256570536
53002,medium,3,40,1,0.1,0.09269959289464347,0.9269959289464347
53002,medium,3,40,2,0.2,0.17077178070200236,0.8538589035100117
53002,medium,3,40,5,0.5,0.26839503763905315,0.5367900752781063
53002,medium,3,40,10,1.0,0.32626544046192973,0.32626544046192973
53002,medium,3,50,1,0.1,0.11507103111642476,1.1507103111642476
53002,medium,3,50,2,0.2,0.08960847927369726,0.4480423963684863
53002,medium,3,50,5,0.5,0.22030529772911012,0.44061059545822023
53002,fast,0,0,1,0.1,0.26967125010479837,2.6967125010479833
53002,fast,0,0,2,0.2,0.3223342840753522,1.6116714203767608
53002,fast,0,0,5,0.5,0.5730071987594116,1.1460143975188233
53002,fast,0,0,10,1.0,0.6899495289883286,0.6899495289883286
53002,fast,0,0,20,2.0,0.8552247191194878,0.4276123595597439
53002,fast,0,10,1,0.1,0.3519766357445255,3.5197663574452545
53002,fast,0,10,2,0.2,0.32064206356774666,1.6032103178387331
53002,fast,0,10,5,0.5,0.9414744998074215,1.882948999614843
53002,fast,0,10,10,1.0,1.076993135855687,1.076993135855687
53002,fast,0,10,20,2.0,1.4844949104368077,0.7422474552184039
53002,fast,0,20,1,0.1,0.33278707786637557,3.3278707786637556
53002,fast,0,20,2,0.2,0.4137839508799563,2.0689197543997815
53002,fast,0,20,5,0.5,0.6019486651254726,1.2038973302509453
53002,fast,0,20,10,1.0,1.1466179794821116,1.1466179794821116
53002,fast,0,20,20,2.0,0.8946370650489015,0.44731853252445075
53002,fast,0,30,1,0.1,0.2987603921476837,2.9876039214768366
53002,fast,0,30,2,0.2,0.43199597484597535,2.159979874229877
53002,fast,0,30,5,0.5,0.6043893515536305,1.208778703107261
53002,fast,0,30,10,1.0,0.684508986656604,0.684508986656604
53002,fast,0,30,20,2.0,0.9590786206100529,0.47953931030502644
53002,fast,0,40,1,0.1,0.24165156917751318,2.416515691775132
53002,fast,0,40,2,0.2,0.3254085082452088,1.6270425412260439
53002,fast,0,40,5,0.5,0.7020231264345038,1.4040462528690076
53002,fast,0,40,10,1.0,0.7651485515639236,0.7651485515639236
53002,fast,0,50,1,0.1,0.3826043643288604,3.826043643288604
53002,fast,0,50,2,0.2,0.6202306127594904,3.101153063797452
53002,fast,0,50,5,0.5,0.6930504714652094,1.3861009429304187
53002,fast,1,0,1,0.1,0.3239217097073895,3.2392170970738947
53002,fast,1,0,2,0.2,0.42903842069423487,2.145192103471174
53002,fast,1,0,5,0.5,0.8454871872098582,1.6909743744197163
53002,fast,1,0,10,1.0,0.887023138960493,0.887023138960493
53002,fast,1,0,20,2.0,1.035310440548149,0.5176552202740745
53002,fast,1,10,1,0.1,0.31365206649438176,3.1365206649438173
53002,fast,1,10,2,0.2,0.42114727098599936,2.105736354929997
53002,fast,1,10,5,0.5,0.9098604488900215,1.819720897780043
53002,fast,1,10,10,1.0,1.0599144827255134,1.0599144827255134
53002,fast,1,10,20,2.0,1.2388741975370428,0.6194370987685214
53002,fast,1,20,1,0.1,0.36532506360068745,3.653250636006874
53002,fast,1,20,2,0.2,0.46030879300226785,2.301543965011339
53002,fast,1,20,5,0.5,0.7525632318639002,1.5051264637278003
53002,fast,1,20,10,1.0,0.8436786854928424,0.8436786854928424
53002,fast,1,20,20,2.0,0.8637925203053257,0.43189626015266286
53002,fast,1,30,1,0.1,0.20573908305040634,2.057390830504063
53002,fast,1,30,2,0.2,0.3830020520500071,1.9150102602500354
53002,fast,1,30,5,0.5,0.38005990303750625,0.7601198060750125
53002,fast,1,30,10,1.0,0.6487520401317795,0.6487520401317795
53002,fast,1,30,20,2.0,0.991020177586364,0.495510088793182
53002,fast,1,40,1,0.1,0.21720934231726374,2.172093423172637
53002,fast,1,40,2,0.2,0.3168235465097641,1.5841177325488203
53002,fast,1,40,5,0.5,0.6124112029646543,1.2248224059293087
53002,fast,1,40,10,1.0,0.7715143590753248,0.7715143590753248
53002,fast,1,50,1,0.1,0.3205394170188257,3.205394170188257
53002,fast,1,50,2,0.2,0.5129793406898047,2.564896703449023
53002,fast,1,50,5,0.5,0.8618392278574344,1.7236784557148688
53002,fast,2,0,1,0.1,0.5290378692085851,5.29037869208585
53002,fast,2,0,2,0.2,0.5177738883273149,2.5888694416365743
53002,fast,2,0,5,0.5,0.7500101268532182,1.5000202537064364
53002,fast,2,0,10,1.0,1.1383783639926606,1.1383783639926606
53002,fast,2,0,20,2.0,1.6490775214721554,0.8245387607360777
53002,fast,2,10,1,0.1,0.36620094766323447,3.6620094766323446
53002,fast,2,10,2,0.2,0.4971769335976449,2.4858846679882243
53002,fast,2,10,5,0.5,0.582722872859842,1.165445745719684
53002,fast,2,10,10,1.0,0.8867145122421431,0.8867145122421431
53002,fast,2,10,20,2.0,1.1795185262606216,0.5897592631303108
53002,fast,2,20,1,0.1,0.3904248499915091,3.904248499915091
53002,fast,2,20,2,0.2,0.6407833188821016,3.203916594410508
53002,fast,2,20,5,0.5,0.9585462124290742,1.9170924248581485
53002,fast,2,20,10,1.0,0.8157982621115037,0.8157982621115037
53002,fast,2,20,20,2.0,1.0094285130109102,0.5047142565054551
53002,fast,2,30,1,0.1,0.44314658408062646,4.431465840806264
53002,fast,2,30,2,0.2,0.581823549517015,2.909117747585075
53002,fast,2,30,5,0.5,0.5611908353955976,1.122381670791195
53002,fast,2,30,10,1.0,0.7260692129787978,0.7260692129787978
53002,fast,2,30,20,2.0,1.184407756793401,0.5922038783967005
53002,fast,2,40,1,0.1,0.32543224436913804,3.2543224436913802
53002,fast,2,40,2,0.2,0.47566155179854536,2.378307758992727
53002,fast,2,40,5,0.5,0.7428992607410355,1.485798521482071
53002,fast,2,40,10,1.0,1.0807301763803803,1.0807301763803803
53002,fast,2,50,1,0.1,0.20108196057762356,2.0108196057762355
53002,fast,2,50,2,0.2,0.29260592780702094,1.4630296390351045
53002,fast,2,50,5,0.5,0.4644386576145202,0.9288773152290404
53002,fast,3,0,1,0.1,0.24532974936304738,2.453297493630474
53002,fast,3,0,2,0.2,0.4308071034835543,2.154035517417771
53002,fast,3,0,5,0.5,0.6892615045722886,1.3785230091445773
53002,fast,3,0,10,1.0,0.775549043822754,0.775549043822754
53002,fast,3,0,20,2.0,1.0624328155666267,0.5312164077833134
53002,fast,3,10,1,0.1,0.2640377128381099,2.6403771283810986
53002,fast,3,10,2,0.2,0.30270171699079457,1.5135085849539727
53002,fast,3,10,5,0.5,0.7830923935748216,1.5661847871496433
53002,fast,3,10,10,1.0,0.9727125332934425,0.9727125332934425
53002,fast,3,10,20,2.0,1.3174682652416296,0.6587341326208148
53002,fast,3,20,1,0.1,0.34602820736226964,3.4602820736226962
53002,fast,3,20,2,0.2,0.43941189605399567,2.1970594802699783
53002,fast,3,20,5,0.5,0.632301351896671,1.264602703793342
53002,fast,3,20,10,1.0,1.1555828047248031,1.1555828047248031
53002,fast,3,20,20,2.0,1.072116311464662,0.536058155732331
53002,fast,3,30,1,0.1,0.2981707106035493,2.981707106035493
53002,fast,3,30,2,0.2,0.48638421737713994,2.4319210868856995
53002,fast,3,30,5,0.5,0.5236162229322631,1.0472324458645261
53002,fast,3,30,10,1.0,0.47114060990846385,0.47114060990846385
53002,fast,3,30,20,2.0,0.7802826396309768,0.3901413198154884
53002,fast,3,40,1,0.1,0.19012563132435803,1.9012563132435802
53002,fast,3,40,2,0.2,0.373525300311863,1.8676265015593148
53002,fast,3,40,5,0.5,0.5926328251636839,1.1852656503273677
53002,fast,3,40,10,1.0,0.6798359721688557,0.6798359721688557
53002,fast,3,50,1,0.1,0.28917054855034946,2.8917054855034943
53002,fast,3,50,2,0.2,0.3063158954825042,1.5315794774125209
53002,fast,3,50,5,0.5,0.4718159125057806,0.9436318250115612
53003,slow,0,0,1,0.1,0.04074593941854621,0.4074593941854621
53003,slow,0,0,2,0.2,0.04197667666681533,0.20988338333407663
53003,slow,0,0,5,0.5,0.038955229924992944,0.07791045984998589
53003,slow,0,0,10,1.0,0.05688475938812518,0.05688475938812518
53003,slow,0,0,20,2.0,0.07394405919789662,0.03697202959894831
53003,slow,0,10,1,0.1,0.018177082599586926,0.18177082599586925
53003,slow,0,10,2,0.2,0.026898925199529557,0.13449462599764778
53003,slow,0,10,5,0.5,0.024506794043933463,0.049013588087866926
53003,slow,0,10,10,1.0,0.03202348777193558,0.03202348777193558
53003,slow,0,10,20,2.0,0.0399394805054985,0.01996974025274925
53003,slow,0,20,1,0.1,0.031129762129246685,0.31129762129246685
53003,slow,0,20,2,0.2,0.04031834403179029,0.20159172015895144
53003,slow,0,20,5,0.5,0.028123640360449557,0.056247280720899115
53003,slow,0,20,10,1.0,0.04096332877407906,0.04096332877407906
53003,slow,0,20,20,2.0,0.04745258645400953,0.023726293227004765
53003,slow,0,30,1,0.1,0.0378420153066631,0.37842015306663096
53003,slow,0,30,2,0.2,0.03343890267353131,0.16719451336765653
53003,slow,0,30,5,0.5,0.04030447994840113,0.08060895989680227
53003,slow,0,30,10,1.0,0.0453290133835823,0.0453290133835823
53003,slow,0,30,20,2.0,0.05006960941727484,0.02503480470863742
53003,slow,0,40,1,0.1,0.018141297369057573,0.1814129736905757
53003,slow,0,40,2,0.2,0.022995125790818933,0.11497562895409466
53003,slow,0,40,5,0.5,0.040211888839986595,0.08042377767997319
53003,slow,0,40,10,1.0,0.03929468173480358,0.03929468173480358
53003,slow,0,50,1,0.1,0.027719197852152166,0.27719197852152166
53003,slow,0,50,2,0.2,0.03471308089938952,0.1735654044969476
53003,slow,0,50,5,0.5,0.03616370216295926,0.07232740432591853
53003,slow,1,0,1,0.1,0.02805175247586866,0.2805175247586866
53003,slow,1,0,2,0.2,0.031562867601832016,0.15781433800916006
53003,slow,1,0,5,0.5,0.02708931444975535,0.0541786288995107
53003,slow,1,0,10,1.0,0.038838648444845913,0.038838648444845913
53003,slow,1,0,20,2.0,0.08771184592832657,0.04385592296416328
53003,slow,1,10,1,0.1,0.03300902620737216,0.33009026207372155
53003,slow,1,10,2,0.2,0.03009537309123002,0.1504768654561501
53003,slow,1,10,5,0.5,0.051215450071649765,0.10243090014329953
53003,slow,1,10,10,1.0,0.07978430509796595,0.07978430509796595
53003,slow,1,10,20,2.0,0.06835481556767134,0.03417740778383567
53003,slow,1,20,1,0.1,0.03222088246496344,0.3222088246496344
53003,slow,1,20,2,0.2,0.03585626500826287,0.17928132504131433
53003,slow,1,20,5,0.5,0.05034012804521709,0.10068025609043418
53003,slow,1,20,10,1.0,0.037291646714948626,0.037291646714948626
53003,slow,1,20,20,2.0,0.04636582907681627,0.023182914538408136
53003,slow,1,30,1,0.1,0.037225785102723716,0.37225785102723713
53003,slow,1,30,2,0.2,0.038524644071801666,0.1926232203590083
53003,slow,1,30,5,0.5,0.058766391822928976,0.11753278364585795
53003,slow,1,30,10,1.0,0.03651902672346235,0.03651902672346235
53003,slow,1,30,20,2.0,0.05111998279641952,0.02555999139820976
53003,slow,1,40,1,0.1,0.026056552175555157,0.26056552175555153
53003,slow,1,40,2,0.2,0.032149795164029195,0.16074897582014597
53003,slow,1,40,5,0.5,0.06023857336174644,0.12047714672349288
53003,slow,1,40,10,1.0,0.04731564753536315,0.04731564753536315
53003,slow,1,50,1,0.1,0.03450500236811361,0.3450500236811361
53003,slow,1,50,2,0.2,0.02396617862163119,0.11983089310815594
53003,slow,1,50,5,0.5,0.02536904217224796,0.05073808434449592
53003,slow,2,0,1,0.1,0.04415852259054328,0.44158522590543275
53003,slow,2,0,2,0.2,0.0529741427399897,0.2648707136999485
53003,slow,2,0,5,0.5,0.07593376965815606,0.1518675393163121
53003,slow,2,0,10,1.0,0.04936269563414336,0.04936269563414336
53003,slow,2,0,20,2.0,0.11252564601850819,0.056262823009254094
53003,slow,2,10,1,0.1,0.048568858297032516,0.48568858297032513
53003,slow,2,10,2,0.2,0.03841627231714973,0.19208136158574865
53003,slow,2,10,5,0.5,0.05103325136474714,0.10206650272949427
53003,slow,2,10,10,1.0,0.07200533225981073,0.07200533225981073
53003,slow,2,10,20,2.0,0.12015610922603054,0.06007805461301527
53003,slow,2,20,1,0.1,0.023072465352598635,0.23072465352598634
53003,slow,2,20,2,0.2,0.024608098731225325,0.12304049365612663
53003,slow,2,20,5,0.5,0.03279290668557878,0.06558581337115756
53003,slow,2,20,10,1.0,0.061582114274393064,0.061582114274393064
53003,slow,2,20,20,2.0,0.07389639737969884,0.03694819868984942
53003,slow,2,30,1,0.1,0.04444914941074585,0.4444914941074585
53003,slow,2,30,2,0.2,0.06905312255891498,0.34526561279457485
53003,slow,2,30,5,0.5,0.05053897020938974,0.10107794041877947
53003,slow,2,30,10,1.0,0.03926511921327944,0.03926511921327944
53003,slow,2,30,20,2.0,0.05530325367409785,0.027651626837048925
53003,slow,2,40,1,0.1,0.036240026700374246,0.36240026700374245
53003,slow,2,40,2,0.2,0.03175238740396695,0.15876193701983474
53003,slow,2,40,5,0.5,0.03822975246742614,0.07645950493485228
53003,slow,2,40,10,1.0,0.05131185543084734,0.05131185543084734
53003,slow,2,50,1,0.1,0.021074727210063933,0.21074727210063932
53003,slow,2,50,2,0.2,0.03284326347657394,0.16421631738286968
53003,slow,2,50,5,0.5,0.045003185110746635,0.09000637022149327
53003,slow,3,0,1,0.1,0.018376152929990064,0.18376152929990064
53003,slow,3,0,2,0.2,0.024496174289628612,0.12248087144814306
53003,slow,3,0,5,0.5,0.03816671719768022,0.07633343439536044
53003,slow,3,0,10,1.0,0.04817920499395434,0.04817920499395434
53003,slow,3,0,20,2.0,0.07326438202459994,0.03663219101229997
53003,slow,3,10,1,0.1,0.027055900598649655,0.2705590059864965
53003,slow,3,10,2,0.2,0.028756350953325314,0.14378175476662655
53003,slow,3,10,5,0.5,0.03066649220684305,0.0613329844136861
53003,slow,3,10,10,1.0,0.05650023683209751,0.05650023683209751
53003,slow,3,10,20,2.0,0.057873461928633484,0.028936730964316742
53003,slow,3,20,1,0.1,0.021487464655425285,0.21487464655425284
53003,slow,3,20,2,0.2,0.030680561120551723,0.1534028056027586
53003,slow,3,20,5,0.5,0.03225435227635095,0.0645087045527019
53003,slow,3,20,10,1.0,0.04972741823970321,0.04972741823970321
53003,slow,3,20,20,2.0,0.05943252139753481,0.029716260698767406
53003,slow,3,30,1,0.1,0.02373867761825878,0.2373867761825878
53003,slow,3,30,2,0.2,0.024207970171378268,0.12103985085689134
53003,slow,3,30,5,0.5,0.0346269696422335,0.069253939284467
53003,slow,3,30,10,1.0,0.035254692123823025,0.035254692123823025
53003,slow,3,30,20,2.0,0.04359121620406462,0.02179560810203231
53003,slow,3,40,1,0.1,0.033042288166013734,0.33042288166013734
53003,slow,3,40,2,0.2,0.03500558820708682,0.17502794103543406
53003,slow,3,40,5,0.5,0.04187635134844457,0.08375270269688914
53003,slow,3,40,10,1.0,0.03285725688613802,0.03285725688613802
53003,slow,3,50,1,0.1,0.02701305623437429,0.2701305623437429
53003,slow,3,50,2,0.2,0.03186084436057547,0.15930422180287734
53003,slow,3,50,5,0.5,0.04833806833931748,0.09667613667863496
53003,medium,0,0,1,0.1,0.08384869931034312,0.8384869931034312
53003,medium,0,0,2,0.2,0.1063182109787615,0.5315910548938074
53003,medium,0,0,5,0.5,0.12258152412618979,0.24516304825237958
53003,medium,0,0,10,1.0,0.2216723354081689,0.2216723354081689
53003,medium,0,0,20,2.0,0.41779471249503736,0.20889735624751868
53003,medium,0,10,1,0.1,0.059681392044639445,0.5968139204463944
53003,medium,0,10,2,0.2,0.10185356606914328,0.5092678303457163
53003,medium,0,10,5,0.5,0.13769223321810434,0.2753844664362087
53003,medium,0,10,10,1.0,0.2573061983675846,0.2573061983675846
53003,medium,0,10,20,2.0,0.2883637577493577,0.14418187887467884
53003,medium,0,20,1,0.1,0.08581731474703803,0.8581731474703803
53003,medium,0,20,2,0.2,0.11148659479341197,0.5574329739670598
53003,medium,0,20,5,0.5,0.1472608683542018,0.2945217367084036
53003,medium,0,20,10,1.0,0.23652842337678207,0.23652842337678207
53003,medium,0,20,20,2.0,0.3235469079406612,0.1617734539703306
53003,medium,0,30,1,0.1,0.09394508140047937,0.9394508140047937
53003,medium,0,30,2,0.2,0.11990343990080998,0.5995171995040499
53003,medium,0,30,5,0.5,0.19182680871354799,0.38365361742709597
53003,medium,0,30,10,1.0,0.22150935127875243,0.22150935127875243
53003,medium,0,30,20,2.0,0.390361869860691,0.1951809349303455
53003,medium,0,40,1,0.1,0.08624349738943206,0.8624349738943206
53003,medium,0,40,2,0.2,0.15123134994782145,0.7561567497391072
53003,medium,0,40,5,0.5,0.21346263558513626,0.4269252711702725
53003,medium,0,40,10,1.0,0.2764913021325061,0.2764913021325061
53003,medium,0,50,1,0.1,0.09136430809517475,0.9136430809517474
53003,medium,0,50,2,0.2,0.10470942034703631,0.5235471017351815
53003,medium,0,50,5,0.5,0.1979310950651901,0.3958621901303802
53003,medium,1,0,1,0.1,0.10555258755012471,1.055525875501247
53003,medium,1,0,2,0.2,0.1442372858633599,0.7211864293167994
53003,medium,1,0,5,0.5,0.20972755058033757,0.41945510116067514
53003,medium,1,0,10,1.0,0.22827856033851865,0.22827856033851865
53003,medium,1,0,20,2.0,0.40913591478050787,0.20456795739025393
53003,medium,1,10,1,0.1,0.10126049187150814,1.0126049187150814
53003,medium,1,10,2,0.2,0.12970686202041057,0.6485343101020528
53003,medium,1,10,5,0.5,0.23403650946060245,0.4680730189212049
53003,medium,1,10,10,1.0,0.4159068854108745,0.4159068854108745
53003,medium,1,10,20,2.0,0.5774031654873485,0.28870158274367425
53003,medium,1,20,1,0.1,0.08151800142227603,0.8151800142227602
53003,medium,1,20,2,0.2,0.09169461397623845,0.4584730698811922
53003,medium,1,20,5,0.5,0.1522259231915356,0.3044518463830712
53003,medium,1,20,10,1.0,0.24754494720409378,0.24754494720409378
53003,medium,1,20,20,2.0,0.25641015588961696,0.12820507794480848
53003,medium,1,30,1,0.1,0.08087890363768528,0.8087890363768527
53003,medium,1,30,2,0.2,0.1559223931133269,0.7796119655666345
53003,medium,1,30,5,0.5,0.16028369999239409,0.32056739998478817
53003,medium,1,30,10,1.0,0.19133990445080284,0.19133990445080284
53003,medium,1,30,20,2.0,0.23982079680212268,0.11991039840106134
53003,medium,1,40,1,0.1,0.08999065729033331,0.8999065729033331
53003,medium,1,40,2,0.2,0.1388012414957075,0.6940062074785375
53003,medium,1,40,5,0.5,0.3449666710647153,0.6899333421294306
53003,medium,1,40,10,1.0,0.2582021300929873,0.2582021300929873
53003,medium,1,50,1,0.1,0.0690569416618202,0.690569416618202
53003,medium,1,50,2,0.2,0.08904202032744948,0.4452101016372474
53003,medium,1,50,5,0.5,0.18081148526553853,0.36162297053107706
53003,medium,2,0,1,0.1,0.09358220796569297,0.9358220796569297
53003,medium,2,0,2,0.2,0.16617423014955418,0.8308711507477708
53003,medium,2,0,5,0.5,0.28943068235926356,0.5788613647185271
53003,medium,2,0,10,1.0,0.2520143263873829,0.2520143263873829
53003,medium,2,0,20,2.0,0.6289458880788849,0.3144729440394424
53003,medium,2,10,1,0.1,0.16267376939233988,1.6267376939233986
53003,medium,2,10,2,0.2,0.12686650810679861,0.634332540533993
53003,medium,2,10,5,0.5,0.3217410251580976,0.6434820503161952
53003,medium,2,10,10,1.0,0.5484414524799833,0.5484414524799833
53003,medium,2,10,20,2.0,0.7432688595965529,0.37163442979827643
53003,medium,2,20,1,0.1,0.08579620104661927,0.8579620104661926
53003,medium,2,20,2,0.2,0.19443409781160062,0.9721704890580031
53003,medium,2,20,5,0.5,0.18361556783366817,0.36723113566733634
53003,medium,2,20,10,1.0,0.34531644419500157,0.34531644419500157
53003,medium,2,20,20,2.0,0.4129317858719717,0.20646589293598586
53003,medium,2,30,1,0.1,0.11088046183960239,1.1088046183960238
53003,medium,2,30,2,0.2,0.20163216456228206,1.0081608228114103
53003,medium,2,30,5,0.5,0.21483578282348534,0.4296715656469707
53003,medium,2,30,10,1.0,0.204002850531655,0.204002850531655
53003,medium,2,30,20,2.0,0.3686146978566765,0.18430734892833825
53003,medium,2,40,1,0.1,0.10961014485313844,1.0961014485313842
53003,medium,2,40,2,0.2,0.12934694991840143,0.646734749592007
53003,medium,2,40,5,0.5,0.21394072687443125,0.4278814537488625
53003,medium,2,40,10,1.0,0.287967716308463,0.287967716308463
53003,medium,2,50,1,0.1,0.07385661933624642,0.7385661933624641
53003,medium,2,50,2,0.2,0.16951469853562856,0.8475734926781427
53003,medium,2,50,5,0.5,0.3334643545174188,0.6669287090348376
53003,medium,3,0,1,0.1,0.08027117067083218,0.8027117067083218
53003,medium,3,0,2,0.2,0.14350931294241642,0.7175465647120821
53003,medium,3,0,5,0.5,0.19057649183084222,0.38115298366168443
53003,medium,3,0,10,1.0,0.27325532485297793,0.27325532485297793
53003,medium,3,0,20,2.0,0.4376862144465463,0.21884310722327316
53003,medium,3,10,1,0.1,0.09463062682517431,0.9463062682517431
53003,medium,3,10,2,0.2,0.13348413216754776,0.6674206608377388
53003,medium,3,10,5,0.5,0.15097092005992802,0.30194184011985603
53003,medium,3,10,10,1.0,0.2899116602101855,0.2899116602101855
53003,medium,3,10,20,2.0,0.2890166031626793,0.14450830158133965
53003,medium,3,20,1,0.1,0.07857437760236571,0.7857437760236571
53003,medium,3,20,2,0.2,0.11967385362254793,0.5983692681127396
53003,medium,3,20,5,0.5,0.17496354856997648,0.34992709713995296
53003,medium,3,20,10,1.0,0.24429715910592445,0.24429715910592445
53003,medium,3,20,20,2.0,0.30852481191947273,0.15426240595973637
53003,medium,3,30,1,0.1,0.08440105897003543,0.8440105897003543
53003,medium,3,30,2,0.2,0.11498495861913494,0.5749247930956747
53003,medium,3,30,5,0.5,0.21087941901715201,0.42175883803430403
53003,medium,3,30,10,1.0,0.22523366230188013,0.22523366230188013
53003,medium,3,30,20,2.0,0.2907935069428796,0.1453967534714398
53003,medium,3,40,1,0.1,0.10636255901984903,1.0636255901984903
53003,medium,3,40,2,0.2,0.15655087800180037,0.7827543900090018
53003,medium,3,40,5,0.5,0.3469199549717127,0.6938399099434254
53003,medium,3,40,10,1.0,0.2416061855323327,0.2416061855323327
53003,medium,3,50,1,0.1,0.08490194574658316,0.8490194574658316
53003,medium,3,50,2,0.2,0.17091659523713176,0.8545829761856588
53003,medium,3,50,5,0.5,0.28191565059178153,0.5638313011835631
53003,fast,0,0,1,0.1,0.19610781624983858,1.9610781624983857
53003,fast,0,0,2,0.2,0.2696748486779134,1.348374243389567
53003,fast,0,0,5,0.5,0.36233448998482787,0.7246689799696557
53003,fast,0,0,10,1.0,0.6385299924812291,0.6385299924812291
53003,fast,0,0,20,2.0,0.9429010294058254,0.4714505147029127
53003,fast,0,10,1,0.1,0.21613266273217194,2.1613266273217193
53003,fast,0,10,2,0.2,0.3867216733843575,1.9336083669217874
53003,fast,0,10,5,0.5,0.5793747357675565,1.158749471535113
53003,fast,0,10,10,1.0,0.6470107075705919,0.6470107075705919
53003,fast,0,10,20,2.0,0.7960815869046766,0.3980407934523383
53003,fast,0,20,1,0.1,0.2656615925898756,2.656615925898756
53003,fast,0,20,2,0.2,0.3452052694675997,1.7260263473379984
53003,fast,0,20,5,0.5,0.5177041938844541,1.0354083877689082
53003,fast,0,20,10,1.0,0.6678892645618907,0.6678892645618907
53003,fast,0,20,20,2.0,1.0488016052021385,0.5244008026010692
53003,fast,0,30,1,0.1,0.2842292329047526,2.8422923290475257
53003,fast,0,30,2,0.2,0.48051986319613454,2.4025993159806727
53003,fast,0,30,5,0.5,0.6707838041357758,1.3415676082715515
53003,fast,0,30,10,1.0,0.6219424609517028,0.6219424609517028
53003,fast,0,30,20,2.0,1.18771267139693,0.593856335698465
53003,fast,0,40,1,0.1,0.3034903369538372,3.034903369538372
53003,fast,0,40,2,0.2,0.544636740453748,2.7231837022687397
53003,fast,0,40,5,0.5,0.7468420748003765,1.493684149600753
53003,fast,0,40,10,1.0,0.8560553064925402,0.8560553064925402
53003,fast,0,50,1,0.1,0.25375598216024847,2.5375598216024846
53003,fast,0,50,2,0.2,0.26977606029069845,1.3488803014534922
53003,fast,0,50,5,0.5,0.5422600951238066,1.0845201902476131
53003,fast,1,0,1,0.1,0.32251117260174805,3.2251117260174804
53003,fast,1,0,2,0.2,0.45552731965369025,2.277636598268451
53003,fast,1,0,5,0.5,0.6371795124666344,1.2743590249332688
53003,fast,1,0,10,1.0,0.6328879229561636,0.6328879229561636
53003,fast,1,0,20,2.0,1.2035993526905406,0.6017996763452703
53003,fast,1,10,1,0.1,0.28199102640752105,2.8199102640752103
53003,fast,1,10,2,0.2,0.392241038218233,1.9612051910911648
53003,fast,1,10,5,0.5,0.7223458402664847,1.4446916805329695
53003,fast,1,10,10,1.0,1.1479314764567055,1.1479314764567055
53003,fast,1,10,20,2.0,1.3842227461368624,0.6921113730684312
53003,fast,1,20,1,0.1,0.36289201599304677,3.6289201599304675
53003,fast,1,20,2,0.2,0.38444327922374755,1.9222163961187377
53003,fast,1,20,5,0.5,0.6694292839867637,1.3388585679735274
53003,fast,1,20,10,1.0,0.8213652670076527,0.8213652670076527
53003,fast,1,20,20,2.0,0.8866412858062812,0.4433206429031406
53003,fast,1,30,1,0.1,0.19659835440629997,1.9659835440629996
53003,fast,1,30,2,0.2,0.44914489920530704,2.245724496026535
53003,fast,1,30,5,0.5,0.3901489978388173,0.7802979956776346
53003,fast,1,30,10,1.0,0.8316665420878596,0.8316665420878596
53003,fast,1,30,20,2.0,0.6312005708314794,0.3156002854157397
53003,fast,1,40,1,0.1,0.25142628142210594,2.514262814221059
53003,fast,1,40,2,0.2,0.40254170256941296,2.0127085128470648
53003,fast,1,40,5,0.5,0.928129043673887,1.856258087347774
53003,fast,1,40,10,1.0,0.5801915102350949,0.5801915102350949
53003,fast,1,50,1,0.1,0.2933080649911567,2.9330806499115667
53003,fast,1,50,2,0.2,0.3964123643353288,1.982061821676644
53003,fast,1,50,5,0.5,0.7264869497658389,1.4529738995316779
53003,fast,2,0,1,0.1,0.23717533477257097,2.3717533477257096
53003,fast,2,0,2,0.2,0.45256612565961424,2.262830628298071
53003,fast,2,0,5,0.5,0.6629626682422308,1.3259253364844616
53003,fast,2,0,10,1.0,0.49715821114927683,0.49715821114927683
53003,fast,2,0,20,2.0,1.5429764095133265,0.7714882047566632
53003,fast,2,10,1,0.1,0.42220341339734896,4.222034133973489
53003,fast,2,10,2,0.2,0.3762313699021897,1.8811568495109483
53003,fast,2,10,5,0.5,0.7766279122466813,1.5532558244933625
53003,fast,2,10,10,1.0,1.4401720594143654,1.4401720594143654
53003,fast,2,10,20,2.0,1.5932794207977183,0.7966397103988592
53003,fast,2,20,1,0.1,0.2778786797771108,2.7787867977711076
53003,fast,2,20,2,0.2,0.42617973723103975,2.1308986861551986
53003,fast,2,20,5,0.5,0.8570131147809907,1.7140262295619815
53003,fast,2,20,10,1.0,0.894943295814179,0.894943295814179
53003,fast,2,20,20,2.0,0.9187500839240222,0.4593750419620111
53003,fast,2,30,1,0.1,0.27473131047986815,2.7473131047986814
53003,fast,2,30,2,0.2,0.537556219761303,2.6877810988065147
53003,fast,2,30,5,0.5,0.5904776505007343,1.1809553010014686
53003,fast,2,30,10,1.0,0.5717531001496086,0.5717531001496086
53003,fast,2,30,20,2.0,1.141059386416195,0.5705296932080975
53003,fast,2,40,1,0.1,0.4066244243786024,4.066244243786024
53003,fast,2,40,2,0.2,0.31865668314075185,1.5932834157037592
53003,fast,2,40,5,0.5,0.5536285168694224,1.1072570337388448
53003,fast,2,40,10,1.0,0.910770637243946,0.910770637243946
53003,fast,2,50,1,0.1,0.23112038277659278,2.3112038277659277
53003,fast,2,50,2,0.2,0.4317736993093677,2.1588684965468383
53003,fast,2,50,5,0.5,0.7662771665345993,1.5325543330691986
53003,fast,3,0,1,0.1,0.24129296427704564,2.412929642770456
53003,fast,3,0,2,0.2,0.41402965038444256,2.0701482519222125
53003,fast,3,0,5,0.5,0.604465696981094,1.208931393962188
53003,fast,3,0,10,1.0,0.738317565518499,0.738317565518499
53003,fast,3,0,20,2.0,1.1694642393176542,0.5847321196588271
53003,fast,3,10,1,0.1,0.2844777808435202,2.844777808435202
53003,fast,3,10,2,0.2,0.43252786147128874,2.1626393073564434
53003,fast,3,10,5,0.5,0.49113349547091456,0.9822669909418291
53003,fast,3,10,10,1.0,0.7680594934796992,0.7680594934796992
53003,fast,3,10,20,2.0,0.5727813901308766,0.2863906950654383
53003,fast,3,20,1,0.1,0.292639456526701,2.92639456526701
53003,fast,3,20,2,0.2,0.33828941236975807,1.6914470618487902
53003,fast,3,20,5,0.5,0.5451247720735255,1.090249544147051
53003,fast,3,20,10,1.0,0.839676149556109,0.839676149556109
53003,fast,3,20,20,2.0,0.7253670459733362,0.3626835229866681
53003,fast,3,30,1,0.1,0.2651154371270051,2.6511543712700507
53003,fast,3,30,2,0.2,0.47973779166015007,2.3986889583007502
53003,fast,3,30,5,0.5,0.8195981986378942,1.6391963972757884
53003,fast,3,30,10,1.0,0.8006027305501479,0.8006027305501479
53003,fast,3,30,20,2.0,0.7570647060105964,0.3785323530052982
53003,fast,3,40,1,0.1,0.40730716549613916,4.0730716549613915
53003,fast,3,40,2,0.2,0.5029829472572575,2.514914736286287
53003,fast,3,40,5,0.5,1.1335634958694953,2.2671269917389907
53003,fast,3,40,10,1.0,1.0568984383047917,1.0568984383047917
53003,fast,3,50,1,0.1,0.28040448324879197,2.8040448324879197
53003,fast,3,50,2,0.2,0.5261478271208129,2.630739135604064
53003,fast,3,50,5,0.5,0.8127875400980595,1.625575080196119
53004,slow,0,0,1,0.1,0.02802092773673982,0.2802092773673982
53004,slow,0,0,2,0.2,0.02995116717620589,0.14975583588102945
53004,slow,0,0,5,0.5,0.03854395835212746,0.07708791670425492
53004,slow,0,0,10,1.0,0.053668990192357255,0.053668990192357255
53004,slow,0,0,20,2.0,0.07468743882325982,0.03734371941162991
53004,slow,0,10,1,0.1,0.02134197948071154,0.2134197948071154
53004,slow,0,10,2,0.2,0.038776092852050366,0.19388046426025182
53004,slow,0,10,5,0.5,0.035404438492010616,0.07080887698402123
53004,slow,0,10,10,1.0,0.04198713094253836,0.04198713094253836
53004,slow,0,10,20,2.0,0.06983866530040808,0.03491933265020404
53004,slow,0,20,1,0.1,0.04052848002352522,0.4052848002352522
53004,slow,0,20,2,0.2,0.04525013719000297,0.22625068595001482
53004,slow,0,20,5,0.5,0.034486077987118294,0.06897215597423659
53004,slow,0,20,10,1.0,0.059836130697789085,0.059836130697789085
53004,slow,0,20,20,2.0,0.0707831800425662,0.0353915900212831
53004,slow,0,30,1,0.1,0.024494646370543147,0.24494646370543147
53004,slow,0,30,2,0.2,0.029894288331652953,0.14947144165826476
53004,slow,0,30,5,0.5,0.03621798580440514,0.07243597160881028
53004,slow,0,30,10,1.0,0.051406502030218196,0.051406502030218196
53004,slow,0,30,20,2.0,0.07754100338686314,0.03877050169343157
53004,slow,0,40,1,0.1,0.029978114231669368,0.29978114231669367
53004,slow,0,40,2,0.2,0.03153594537727639,0.15767972688638196
53004,slow,0,40,5,0.5,0.04140218407083493,0.08280436814166986
53004,slow,0,40,10,1.0,0.06332722754620831,0.06332722754620831
53004,slow,0,50,1,0.1,0.02745857801899733,0.27458578018997326
53004,slow,0,50,2,0.2,0.038991538083022734,0.19495769041511365
53004,slow,0,50,5,0.5,0.050765855717125566,0.10153171143425113
53004,slow,1,0,1,0.1,0.03114162138151023,0.3114162138151023
53004,slow,1,0,2,0.2,0.021127668045453064,0.10563834022726531
53004,slow,1,0,5,0.5,0.040856332304821635,0.08171266460964327
53004,slow,1,0,10,1.0,0.0516304219919832,0.0516304219919832
53004,slow,1,0,20,2.0,0.048034426805660994,0.024017213402830497
53004,slow,1,10,1,0.1,0.03938719024054526,0.39387190240545256
53004,slow,1,10,2,0.2,0.037975451048367304,0.18987725524183652
53004,slow,1,10,5,0.5,0.044806340934655325,0.08961268186931065
53004,slow,1,10,10,1.0,0.04088358363032741,0.04088358363032741
53004,slow,1,10,20,2.0,0.05159525956897335,0.025797629784486676
53004,slow,1,20,1,0.1,0.02471366785629486,0.24713667856294858
53004,slow,1,20,2,0.2,0.026187624940684856,0.13093812470342428
53004,slow,1,20,5,0.5,0.027157409199195563,0.054314818398391126
53004,slow,1,20,10,1.0,0.04440783143867509,0.04440783143867509
53004,slow,1,20,20,2.0,0.07759578156042471,0.038797890780212355
53004,slow,1,30,1,0.1,0.026998155021527567,0.26998155021527565
53004,slow,1,30,2,0.2,0.03089933373826768,0.1544966686913384
53004,slow,1,30,5,0.5,0.03797291315200764,0.07594582630401528
53004,slow,1,30,10,1.0,0.05662694066764946,0.05662694066764946
53004,slow,1,30,20,2.0,0.07719642682660789,0.038598213413303946
53004,slow,1,40,1,0.1,0.022532125601243583,0.22532125601243583
53004,slow,1,40,2,0.2,0.02173087720111057,0.10865438600555284
53004,slow,1,40,5,0.5,0.0431982735116956,0.0863965470233912
53004,slow,1,40,10,1.0,0.04135492070577216,0.04135492070577216
53004,slow,1,50,1,0.1,0.019416360688276457,0.19416360688276457
53004,slow,1,50,2,0.2,0.03673131479689511,0.18365657398447555
53004,slow,1,50,5,0.5,0.03947041999262111,0.07894083998524222
53004,slow,2,0,1,0.1,0.030222631339989627,0.30222631339989625
53004,slow,2,0,2,0.2,0.03683521238108114,0.18417606190540567
53004,slow,2,0,5,0.5,0.04035358004190705,0.0807071600838141
53004,slow,2,0,10,1.0,0.04232242189687722,0.04232242189687722
53004,slow,2,0,20,2.0,0.05487991024620357,0.027439955123101784
53004,slow,2,10,1,0.1,0.03716084192119921,0.37160841921199206
53004,slow,2,10,2,0.2,0.03405604136374911,0.17028020681874553
53004,slow,2,10,5,0.5,0.023490669905016113,0.046981339810032226
53004,slow,2,10,10,1.0,0.03831683723626309,0.03831683723626309
53004,slow,2,10,20,2.0,0.06937595731203716,0.03468797865601858
53004,slow,2,20,1,0.1,0.027932103219197254,0.2793210321919725
53004,slow,2,20,2,0.2,0.027146623816611776,0.13573311908305888
53004,slow,2,20,5,0.5,0.05001756930163706,0.10003513860327412
53004,slow,2,20,10,1.0,0.04778689710598064,0.04778689710598064
53004,slow,2,20,20,2.0,0.05610260780678236,0.02805130390339118
53004,slow,2,30,1,0.1,0.03166157716370931,0.3166157716370931
53004,slow,2,30,2,0.2,0.022862886460445153,0.11431443230222577
53004,slow,2,30,5,0.5,0.042390534954627385,0.08478106990925477
53004,slow,2,30,10,1.0,0.04260774219876637,0.04260774219876637
53004,slow,2,30,20,2.0,0.052501649600646044,0.026250824800323022
53004,slow,2,40,1,0.1,0.031790988439185305,0.317909884391853
53004,slow,2,40,2,0.2,0.03215657587111217,0.16078287935556082
53004,slow,2,40,5,0.5,0.034967629565743195,0.06993525913148639
53004,slow,2,40,10,1.0,0.04453693606119467,0.04453693606119467
53004,slow,2,50,1,0.1,0.023608617366214828,0.23608617366214826
53004,slow,2,50,2,0.2,0.03300485868475115,0.16502429342375574
53004,slow,2,50,5,0.5,0.03963576993293504,0.07927153986587009
53004,slow,3,0,1,0.1,0.029174844281891398,0.29174844281891393
53004,slow,3,0,2,0.2,0.033398578062757096,0.16699289031378547
53004,slow,3,0,5,0.5,0.038345982452312063,0.07669196490462413
53004,slow,3,0,10,1.0,0.044810642131495965,0.044810642131495965
53004,slow,3,0,20,2.0,0.06084548792649061,0.030422743963245305
53004,slow,3,10,1,0.1,0.02302431853000403,0.2302431853000403
53004,slow,3,10,2,0.2,0.030477594662423883,0.1523879733121194
53004,slow,3,10,5,0.5,0.032327614751077094,0.06465522950215419
53004,slow,3,10,10,1.0,0.03876312815985469,0.03876312815985469
53004,slow,3,10,20,2.0,0.0556578098929194,0.0278289049464597
53004,slow,3,20,1,0.1,0.03585856325593633,0.35858563255936327
53004,slow,3,20,2,0.2,0.03285844908178274,0.16429224540891368
53004,slow,3,20,5,0.5,0.036940401159867006,0.07388080231973401
53004,slow,3,20,10,1.0,0.04950515748014795,0.04950515748014795
53004,slow,3,20,20,2.0,0.07666106785579373,0.038330533927896863
53004,slow,3,30,1,0.1,0.024504649035296026,0.24504649035296025
53004,slow,3,30,2,0.2,0.033859883524396076,0.16929941762198036
53004,slow,3,30,5,0.5,0.03505451653556855,0.0701090330711371
53004,slow,3,30,10,1.0,0.053172062493031615,0.053172062493031615
53004,slow,3,30,20,2.0,0.09253552585375684,0.04626776292687842
53004,slow,3,40,1,0.1,0.029257094246468347,0.29257094246468346
53004,slow,3,40,2,0.2,0.037030949201108554,0.18515474600554277
53004,slow,3,40,5,0.5,0.03514768759109115,0.0702953751821823
53004,slow,3,40,10,1.0,0.05176079999997231,0.05176079999997231
53004,slow,3,50,1,0.1,0.024970060591528162,0.24970060591528162
53004,slow,3,50,2,0.2,0.02859178073949184,0.1429589036974592
53004,slow,3,50,5,0.5,0.03809356433427202,0.07618712866854405
53004,medium,0,0,1,0.1,0.0984623765537291,0.9846237655372909
53004,medium,0,0,2,0.2,0.10153217311543841,0.507660865577192
53004,medium,0,0,5,0.5,0.2353985310637416,0.4707970621274832
53004,medium,0,0,10,1.0,0.31606140599429366,0.31606140599429366
53004,medium,0,0,20,2.0,0.4892844319014019,0.24464221595070096
53004,medium,0,10,1,0.1,0.10398673281266653,1.0398673281266653
53004,medium,0,10,2,0.2,0.13357569739419187,0.6678784869709593
53004,medium,0,10,5,0.5,0.19727974891493105,0.3945594978298621
53004,medium,0,10,10,1.0,0.3050423350761693,0.3050423350761693
53004,medium,0,10,20,2.0,0.45438111802451725,0.22719055901225862
53004,medium,0,20,1,0.1,0.11034598382229957,1.1034598382229956
53004,medium,0,20,2,0.2,0.16351573402485725,0.8175786701242862
53004,medium,0,20,5,0.5,0.19848856990943534,0.3969771398188707
53004,medium,0,20,10,1.0,0.35969852125050605,0.35969852125050605
53004,medium,0,20,20,2.0,0.5240154175586405,0.2620077087793202
53004,medium,0,30,1,0.1,0.08405255360258719,0.8405255360258719
53004,medium,0,30,2,0.2,0.14643143005611037,0.7321571502805518
53004,medium,0,30,5,0.5,0.19652096669156488,0.39304193338312976
53004,medium,0,30,10,1.0,0.34885855248966824,0.34885855248966824
53004,medium,0,30,20,2.0,0.5739458523651457,0.28697292618257286
53004,medium,0,40,1,0.1,0.11122401538638825,1.1122401538638824
53004,medium,0,40,2,0.2,0.20392144683491895,1.0196072341745948
53004,medium,0,40,5,0.5,0.2663149104917719,0.5326298209835438
53004,medium,0,40,10,1.0,0.44371802828110457,0.44371802828110457
53004,medium,0,50,1,0.1,0.09124973764396113,0.9124973764396113
53004,medium,0,50,2,0.2,0.14842986743715,0.7421493371857499
53004,medium,0,50,5,0.5,0.2399457338528378,0.4798914677056756
53004,medium,1,0,1,0.1,0.07638643798230421,0.7638643798230421
53004,medium,1,0,2,0.2,0.12382357135565548,0.6191178567782774
53004,medium,1,0,5,0.5,0.25667535209794695,0.5133507041958939
53004,medium,1,0,10,1.0,0.2989668887258054,0.2989668887258054
53004,medium,1,0,20,2.0,0.35602538181625065,0.17801269090812533
53004,medium,1,10,1,0.1,0.1105916930521177,1.105916930521177
53004,medium,1,10,2,0.2,0.09967866917340279,0.49839334586701395
53004,medium,1,10,5,0.5,0.19296149580629438,0.38592299161258875
53004,medium,1,10,10,1.0,0.17752432112267494,0.17752432112267494
53004,medium,1,10,20,2.0,0.32222708906950553,0.16111354453475277
53004,medium,1,20,1,0.1,0.0859522238061349,0.859522238061349
53004,medium,1,20,2,0.2,0.10949552269537781,0.5474776134768891
53004,medium,1,20,5,0.5,0.1921216423862775,0.384243284772555
53004,medium,1,20,10,1.0,0.278009379919583,0.278009379919583
53004,medium,1,20,20,2.0,0.4912060308978819,0.24560301544894095
53004,medium,1,30,1,0.1,0.07205830726754735,0.7205830726754734
53004,medium,1,30,2,0.2,0.10387878307603877,0.5193939153801939
53004,medium,1,30,5,0.5,0.16493098597561473,0.32986197195122946
53004,medium,1,30,10,1.0,0.2862937775808847,0.2862937775808847
53004,medium,1,30,20,2.0,0.47775330700064556,0.23887665350032278
53004,medium,1,40,1,0.1,0.09036869653577609,0.9036869653577608
53004,medium,1,40,2,0.2,0.13253659734140735,0.6626829867070367
53004,medium,1,40,5,0.5,0.2193785555460092,0.4387571110920184
53004,medium,1,40,10,1.0,0.31951204318609167,0.31951204318609167
53004,medium,1,50,1,0.1,0.07730881503511222,0.7730881503511222
53004,medium,1,50,2,0.2,0.12454187649787055,0.6227093824893527
53004,medium,1,50,5,0.5,0.16150950197104003,0.32301900394208005
53004,medium,2,0,1,0.1,0.11901883296098074,1.1901883296098075
53004,medium,2,0,2,0.2,0.14723709025377194,0.7361854512688596
53004,medium,2,0,5,0.5,0.20619972994893743,0.41239945989787485
53004,medium,2,0,10,1.0,0.2468370656701115,0.2468370656701115
53004,medium,2,0,20,2.0,0.36222947974432174,0.18111473987216087
53004,medium,2,10,1,0.1,0.10435662041417736,1.0435662041417735
53004,medium,2,10,2,0.2,0.11820965846278846,0.5910482923139423
53004,medium,2,10,5,0.5,0.16688764432834827,0.33377528865669653
53004,medium,2,10,10,1.0,0.24489737060824998,0.24489737060824998
53004,medium,2,10,20,2.0,0.4043143446058807,0.20215717230294036
53004,medium,2,20,1,0.1,0.08212514957374373,0.8212514957374373
53004,medium,2,20,2,0.2,0.13683838761243575,0.6841919380621787
53004,medium,2,20,5,0.5,0.19555303155691,0.39110606311382
53004,medium,2,20,10,1.0,0.25508466201488667,0.25508466201488667
53004,medium,2,20,20,2.0,0.32335999236934504,0.16167999618467252
53004,medium,2,30,1,0.1,0.08074119566559863,0.8074119566559863
53004,medium,2,30,2,0.2,0.11074963872920665,0.5537481936460332
53004,medium,2,30,5,0.5,0.17545175925856465,0.3509035185171293
53004,medium,2,30,10,1.0,0.2594999894239788,0.2594999894239788
53004,medium,2,30,20,2.0,0.3421112563422008,0.1710556281711004
53004,medium,2,40,1,0.1,0.07230013574802517,0.7230013574802516
53004,medium,2,40,2,0.2,0.10580466950232544,0.5290233475116272
53004,medium,2,40,5,0.5,0.19884247042517952,0.39768494085035905
53004,medium,2,40,10,1.0,0.30882291028449727,0.30882291028449727
53004,medium,2,50,1,0.1,0.0699840996318339,0.699840996318339
53004,medium,2,50,2,0.2,0.13180297726480286,0.6590148863240143
53004,medium,2,50,5,0.5,0.210422191817467,0.420844383634934
53004,medium,3,0,1,0.1,0.10988229205448584,1.0988229205448583
53004,medium,3,0,2,0.2,0.15879626440547978,0.7939813220273989
53004,medium,3,0,5,0.5,0.18449224627366073,0.36898449254732146
53004,medium,3,0,10,1.0,0.2461142952915209,0.2461142952915209
53004,medium,3,0,20,2.0,0.3096938924710273,0.15484694623551365
53004,medium,3,10,1,0.1,0.09307380220828398,0.9307380220828398
53004,medium,3,10,2,0.2,0.13404422516186734,0.6702211258093367
53004,medium,3,10,5,0.5,0.17854283773026397,0.35708567546052794
53004,medium,3,10,10,1.0,0.2612241066447882,0.2612241066447882
53004,medium,3,10,20,2.0,0.36425507910063537,0.18212753955031769
53004,medium,3,20,1,0.1,0.11109502244532113,1.1109502244532112
53004,medium,3,20,2,0.2,0.10647872486639277,0.5323936243319638
53004,medium,3,20,5,0.5,0.1777398668284714,0.3554797336569428
53004,medium,3,20,10,1.0,0.26397850797508043,0.26397850797508043
53004,medium,3,20,20,2.0,0.5076350819975837,0.25381754099879184
53004,medium,3,30,1,0.1,0.08950175703763771,0.8950175703763771
53004,medium,3,30,2,0.2,0.11561619390045368,0.5780809695022684
53004,medium,3,30,5,0.5,0.2771188130081892,0.5542376260163784
53004,medium,3,30,10,1.0,0.3873597403999809,0.3873597403999809
53004,medium,3,30,20,2.0,0.6644335962328543,0.3322167981164271
53004,medium,3,40,1,0.1,0.10557373167465245,1.0557373167465245
53004,medium,3,40,2,0.2,0.1437186814079703,0.7185934070398515
53004,medium,3,40,5,0.5,0.1884074175542448,0.3768148351084896
53004,medium,3,40,10,1.0,0.28989634475214743,0.28989634475214743
53004,medium,3,50,1,0.1,0.08171951555062718,0.8171951555062718
53004,medium,3,50,2,0.2,0.11239444834677013,0.5619722417338506
53004,medium,3,50,5,0.5,0.22125633003461456,0.4425126600692291
53004,fast,0,0,1,0.1,0.2792133409190192,2.792133409190192
53004,fast,0,0,2,0.2,0.3529570282319752,1.764785141159876
53004,fast,0,0,5,0.5,0.7746993115884003,1.5493986231768007
53004,fast,0,0,10,1.0,0.9157629772246306,0.9157629772246306
53004,fast,0,0,20,2.0,1.2978859493582904,0.6489429746791452
53004,fast,0,10,1,0.1,0.27760395650992303,2.77603956509923
53004,fast,0,10,2,0.2,0.3724524244521996,1.862262122260998
53004,fast,0,10,5,0.5,0.6936092785521877,1.3872185571043754
53004,fast,0,10,10,1.0,0.8993376385395581,0.8993376385395581
53004,fast,0,10,20,2.0,1.043850057136122,0.521925028568061
53004,fast,0,20,1,0.1,0.37623286755671825,3.7623286755671823
53004,fast,0,20,2,0.2,0.5206061541946438,2.603030770973219
53004,fast,0,20,5,0.5,0.6549709587712227,1.3099419175424454
53004,fast,0,20,10,1.0,0.924371496220799,0.924371496220799
53004,fast,0,20,20,2.0,1.0735360154200608,0.5367680077100304
53004,fast,0,30,1,0.1,0.3093452947100519,3.093452947100519
53004,fast,0,30,2,0.2,0.5003188793168799,2.5015943965843994
53004,fast,0,30,5,0.5,0.6077117868472012,1.2154235736944023
53004,fast,0,30,10,1.0,1.0340117549662204,1.0340117549662204
53004,fast,0,30,20,2.0,1.416246540019957,0.7081232700099785
53004,fast,0,40,1,0.1,0.33487862721607264,3.3487862721607264
53004,fast,0,40,2,0.2,0.5121214096951723,2.560607048475861
53004,fast,0,40,5,0.5,0.7543660140298497,1.5087320280596994
53004,fast,0,40,10,1.0,1.1390081002826231,1.1390081002826231
53004,fast,0,50,1,0.1,0.3095101127297923,3.0951011272979225
53004,fast,0,50,2,0.2,0.3913281422253739,1.9566407111268693
53004,fast,0,50,5,0.5,0.7507361434512272,1.5014722869024544
53004,fast,1,0,1,0.1,0.2418402433737389,2.418402433737389
53004,fast,1,0,2,0.2,0.42054461785061825,2.1027230892530913
53004,fast,1,0,5,0.5,0.7758406971496413,1.5516813942992826
53004,fast,1,0,10,1.0,0.8469673292930926,0.8469673292930926
53004,fast,1,0,20,2.0,1.038449271374451,0.5192246356872255
53004,fast,1,10,1,0.1,0.2915970727414225,2.9159707274142246
53004,fast,1,10,2,0.2,0.25672380751865564,1.2836190375932781
53004,fast,1,10,5,0.5,0.49250153150072357,0.9850030630014471
53004,fast,1,10,10,1.0,0.4689698018282376,0.4689698018282376
53004,fast,1,10,20,2.0,0.8799896900231379,0.43999484501156894
53004,fast,1,20,1,0.1,0.232349484773818,2.32349484773818
53004,fast,1,20,2,0.2,0.3422178178704878,1.7110890893524389
53004,fast,1,20,5,0.5,0.5476277338724311,1.0952554677448623
53004,fast,1,20,10,1.0,0.7158314135224623,0.7158314135224623
53004,fast,1,20,20,2.0,0.992594250921694,0.496297125460847
53004,fast,1,30,1,0.1,0.1841415293374754,1.841415293374754
53004,fast,1,30,2,0.2,0.2630911862665492,1.3154559313327459
53004,fast,1,30,5,0.5,0.35569834725975363,0.7113966945195073
53004,fast,1,30,10,1.0,0.5482646985989006,0.5482646985989006
53004,fast,1,30,20,2.0,0.9665310247245501,0.48326551236227505
53004,fast,1,40,1,0.1,0.19656576837109968,1.9656576837109967
53004,fast,1,40,2,0.2,0.30404506080601185,1.520225304030059
53004,fast,1,40,5,0.5,0.3788093881304137,0.7576187762608274
53004,fast,1,40,10,1.0,0.6930916664537256,0.6930916664537256
53004,fast,1,50,1,0.1,0.2461478570951544,2.461478570951544
53004,fast,1,50,2,0.2,0.2768191371643697,1.3840956858218483
53004,fast,1,50,5,0.5,0.5081607925288929,1.0163215850577858
53004,fast,2,0,1,0.1,0.35763508689908896,3.5763508689908896
53004,fast,2,0,2,0.2,0.4454247097436912,2.2271235487184557
53004,fast,2,0,5,0.5,0.5411126758998254,1.0822253517996507
53004,fast,2,0,10,1.0,0.8086288305823185,0.8086288305823185
53004,fast,2,0,20,2.0,1.0073088095604636,0.5036544047802318
53004,fast,2,10,1,0.1,0.3223057734427649,3.2230577344276488
53004,fast,2,10,2,0.2,0.35907309500047346,1.7953654750023673
53004,fast,2,10,5,0.5,0.5222721256198505,1.044544251239701
53004,fast,2,10,10,1.0,0.6357815405424769,0.6357815405424769
53004,fast,2,10,20,2.0,0.9561134665123676,0.4780567332561838
53004,fast,2,20,1,0.1,0.3174677514068241,3.174677514068241
53004,fast,2,20,2,0.2,0.33530215748794334,1.6765107874397167
53004,fast,2,20,5,0.5,0.5029831574268989,1.0059663148537978
53004,fast,2,20,10,1.0,0.6999459501618729,0.6999459501618729
53004,fast,2,20,20,2.0,0.8665146315913829,0.43325731579569143
53004,fast,2,30,1,0.1,0.2110564991055551,2.110564991055551
53004,fast,2,30,2,0.2,0.3294602880862248,1.647301440431124
53004,fast,2,30,5,0.5,0.6943358679835823,1.3886717359671645
53004,fast,2,30,10,1.0,0.9282144776546482,0.9282144776546482
53004,fast,2,30,20,2.0,1.0343679677404545,0.5171839838702272
53004,fast,2,40,1,0.1,0.19874986932956057,1.9874986932956056
53004,fast,2,40,2,0.2,0.2758871371115077,1.3794356855575385
53004,fast,2,40,5,0.5,0.5783806482770745,1.156761296554149
53004,fast,2,40,10,1.0,0.8306888468225777,0.8306888468225777
53004,fast,2,50,1,0.1,0.18466716585480675,1.8466716585480674
53004,fast,2,50,2,0.2,0.34846498566168377,1.7423249283084188
53004,fast,2,50,5,0.5,0.5212203305934991,1.0424406611869983
53004,fast,3,0,1,0.1,0.31202446346616497,3.1202446346616495
53004,fast,3,0,2,0.2,0.4530267017733988,2.265133508866994
53004,fast,3,0,5,0.5,0.5265606000889441,1.0531212001778882
53004,fast,3,0,10,1.0,0.7038131747045973,0.7038131747045973
53004,fast,3,0,20,2.0,0.8275161097152041,0.41375805485760203
53004,fast,3,10,1,0.1,0.29129454922781395,2.9129454922781393
53004,fast,3,10,2,0.2,0.4126313292912803,2.0631566464564015
53004,fast,3,10,5,0.5,0.6108010778882547,1.2216021557765093
53004,fast,3,10,10,1.0,0.8436352206697282,0.8436352206697282
53004,fast,3,10,20,2.0,0.9392111118418197,0.46960555592090986
53004,fast,3,20,1,0.1,0.3096539023488618,3.096539023488618
53004,fast,3,20,2,0.2,0.3955639655087991,1.9778198275439953
53004,fast,3,20,5,0.5,0.5218669169510649,1.0437338339021298
53004,fast,3,20,10,1.0,0.8258859172174307,0.8258859172174307
53004,fast,3,20,20,2.0,1.21035475424205,0.605177377121025
53004,fast,3,30,1,0.1,0.3257869480665694,3.257869480665694
53004,fast,3,30,2,0.2,0.39345379084943277,1.9672689542471637
53004,fast,3,30,5,0.5,0.8427418407343682,1.6854836814687364
53004,fast,3,30,10,1.0,1.0145232861033502,1.0145232861033502
53004,fast,3,30,20,2.0,1.4594662529504878,0.7297331264752439
53004,fast,3,40,1,0.1,0.37336623376188405,3.7336623376188403
53004,fast,3,40,2,0.2,0.4839913971035824,2.4199569855179117
53004,fast,3,40,5,0.5,0.6235421630234733,1.2470843260469466
53004,fast,3,40,10,1.0,0.9001001338652119,0.9001001338652119
53004,fast,3,50,1,0.1,0.2710134700828602,2.710134700828602
53004,fast,3,50,2,0.2,0.3630308894487452,1.8151544472437258
53004,fast,3,50,5,0.5,0.5826724539274447,1.1653449078548894
53005,slow,0,0,1,0.1,0.02962655780337387,0.29626557803373865
53005,slow,0,0,2,0.2,0.02750084380082267,0.13750421900411333
53005,slow,0,0,5,0.5,0.0381029786850216,0.0762059573700432
53005,slow,0,0,10,1.0,0.056333339628138156,0.056333339628138156
53005,slow,0,0,20,2.0,0.06605755390957263,0.033028776954786315
53005,slow,0,10,1,0.1,0.02841689741022447,0.2841689741022447
53005,slow,0,10,2,0.2,0.03054662865870178,0.1527331432935089
53005,slow,0,10,5,0.5,0.04430218372398864,0.08860436744797728
53005,slow,0,10,10,1.0,0.043631201856616196,0.043631201856616196
53005,slow,0,10,20,2.0,0.08280080158580749,0.041400400792903747
53005,slow,0,20,1,0.1,0.029434067147160965,0.29434067147160964
53005,slow,0,20,2,0.2,0.023997564564924353,0.11998782282462175
53005,slow,0,20,5,0.5,0.04392247139139339,0.08784494278278678
53005,slow,0,20,10,1.0,0.05632715679852029,0.05632715679852029
53005,slow,0,20,20,2.0,0.07380327625130727,0.036901638125653634
53005,slow,0,30,1,0.1,0.03143207460211254,0.31432074602112536
53005,slow,0,30,2,0.2,0.033796464195044916,0.16898232097522456
53005,slow,0,30,5,0.5,0.050863740905771254,0.10172748181154251
53005,slow,0,30,10,1.0,0.060046976629519674,0.060046976629519674
53005,slow,0,30,20,2.0,0.07695871607345373,0.03847935803672686
53005,slow,0,40,1,0.1,0.03587282130115171,0.358728213011517
53005,slow,0,40,2,0.2,0.03419598131629198,0.1709799065814599
53005,slow,0,40,5,0.5,0.045572220793132945,0.09114444158626589
53005,slow,0,40,10,1.0,0.058466543227233325,0.058466543227233325
53005,slow,0,50,1,0.1,0.02835610760144086,0.2835610760144086
53005,slow,0,50,2,0.2,0.04172531664809561,0.20862658324047803
53005,slow,0,50,5,0.5,0.04506321255701732,0.09012642511403464
53005,slow,1,0,1,0.1,0.0198274129651769,0.198274129651769
53005,slow,1,0,2,0.2,0.02231675911807727,0.11158379559038634
53005,slow,1,0,5,0.5,0.029885461911199913,0.059770923822399825
53005,slow,1,0,10,1.0,0.03346616100047004,0.03346616100047004
53005,slow,1,0,20,2.0,0.02821753570666038,0.01410876785333019
53005,slow,1,10,1,0.1,0.019991608771428308,0.19991608771428307
53005,slow,1,10,2,0.2,0.026123900600920878,0.13061950300460437
53005,slow,1,10,5,0.5,0.026191066440434802,0.052382132880869604
53005,slow,1,10,10,1.0,0.02832395384988371,0.02832395384988371
53005,slow,1,10,20,2.0,0.04622118222532092,0.02311059111266046
53005,slow,1,20,1,0.1,0.025009826030857444,0.2500982603085744
53005,slow,1,20,2,0.2,0.025715551025280052,0.12857775512640024
53005,slow,1,20,5,0.5,0.02171883254303905,0.0434376650860781
53005,slow,1,20,10,1.0,0.03577223792142279,0.03577223792142279
53005,slow,1,20,20,2.0,0.0439191905870682,0.0219595952935341
53005,slow,1,30,1,0.1,0.017922012197753398,0.17922012197753398
53005,slow,1,30,2,0.2,0.02171049382278393,0.10855246911391964
53005,slow,1,30,5,0.5,0.03451516275789365,0.0690303255157873
53005,slow,1,30,10,1.0,0.03600031938024115,0.03600031938024115
53005,slow,1,30,20,2.0,0.05375134981335145,0.026875674906675726
53005,slow,1,40,1,0.1,0.022520731275364136,0.22520731275364136
53005,slow,1,40,2,0.2,0.023162061955136704,0.11581030977568352
53005,slow,1,40,5,0.5,0.024673553495566644,0.04934710699113329
53005,slow,1,40,10,1.0,0.030011765944604966,0.030011765944604966
53005,slow,1,50,1,0.1,0.019412797115787677,0.19412797115787675
53005,slow,1,50,2,0.2,0.023202554404734854,0.11601277202367426
53005,slow,1,50,5,0.5,0.03794229702595624,0.07588459405191247
53005,slow,2,0,1,0.1,0.022462169634378033,0.22462169634378032
53005,slow,2,0,2,0.2,0.020898819824017093,0.10449409912008546
53005,slow,2,0,5,0.5,0.03046791345735325,0.0609358269147065
53005,slow,2,0,10,1.0,0.02901617516108214,0.02901617516108214
53005,slow,2,0,20,2.0,0.04835433895545185,0.024177169477725927
53005,slow,2,10,1,0.1,0.021627975088301485,0.21627975088301485
53005,slow,2,10,2,0.2,0.023256315803558796,0.11628157901779397
53005,slow,2,10,5,0.5,0.03928003823268268,0.07856007646536536
53005,slow,2,10,10,1.0,0.04673364947252567,0.04673364947252567
53005,slow,2,10,20,2.0,0.0549590751993887,0.02747953759969435
53005,slow,2,20,1,0.1,0.023764379634857818,0.23764379634857816
53005,slow,2,20,2,0.2,0.03075637287805451,0.15378186439027255
53005,slow,2,20,5,0.5,0.03707133011608314,0.07414266023216629
53005,slow,2,20,10,1.0,0.03930091787860214,0.03930091787860214
53005,slow,2,20,20,2.0,0.06292274020460437,0.03146137010230218
53005,slow,2,30,1,0.1,0.021067153887876364,0.21067153887876364
53005,slow,2,30,2,0.2,0.029279432072795885,0.14639716036397943
53005,slow,2,30,5,0.5,0.03618127300254308,0.07236254600508615
53005,slow,2,30,10,1.0,0.04439151288016362,0.04439151288016362
53005,slow,2,30,20,2.0,0.06267554466599724,0.03133777233299862
53005,slow,2,40,1,0.1,0.024282233760768115,0.24282233760768115
53005,slow,2,40,2,0.2,0.03673134792755731,0.18365673963778656
53005,slow,2,40,5,0.5,0.035588183249686836,0.07117636649937367
53005,slow,2,40,10,1.0,0.05045774433520863,0.05045774433520863
53005,slow,2,50,1,0.1,0.03486741261640233,0.3486741261640233
53005,slow,2,50,2,0.2,0.038099033932214345,0.19049516966107172
53005,slow,2,50,5,0.5,0.029472034941318816,0.05894406988263763
53005,slow,3,0,1,0.1,0.02101791734212339,0.21017917342123388
53005,slow,3,0,2,0.2,0.028735339049194654,0.14367669524597326
53005,slow,3,0,5,0.5,0.02614935769560099,0.05229871539120198
53005,slow,3,0,10,1.0,0.04391380512967724,0.04391380512967724
53005,slow,3,0,20,2.0,0.045831842353873775,0.022915921176936888
53005,slow,3,10,1,0.1,0.027780529211244354,0.27780529211244354
53005,slow,3,10,2,0.2,0.030353928887867747,0.1517696444393387
53005,slow,3,10,5,0.5,0.038846774955564614,0.07769354991112923
53005,slow,3,10,10,1.0,0.029641117880710457,0.029641117880710457
53005,slow,3,10,20,2.0,0.050103177620841814,0.025051588810420907
53005,slow,3,20,1,0.1,0.02535805628672002,0.25358056286720015
53005,slow,3,20,2,0.2,0.019623754859699374,0.09811877429849687
53005,slow,3,20,5,0.5,0.03769204701100832,0.07538409402201664
53005,slow,3,20,10,1.0,0.0347637736063562,0.0347637736063562
53005,slow,3,20,20,2.0,0.05036117704849435,0.025180588524247174
53005,slow,3,30,1,0.1,0.024949448696469194,0.24949448696469192
53005,slow,3,30,2,0.2,0.024160836007114026,0.12080418003557013
53005,slow,3,30,5,0.5,0.028455074226994122,0.056910148453988244
53005,slow,3,30,10,1.0,0.03574825171930725,0.03574825171930725
53005,slow,3,30,20,2.0,0.03921695988181998,0.01960847994090999
53005,slow,3,40,1,0.1,0.025834686340977183,0.2583468634097718
53005,slow,3,40,2,0.2,0.024634146335217454,0.12317073167608726
53005,slow,3,40,5,0.5,0.021327992692019643,0.04265598538403929
53005,slow,3,40,10,1.0,0.029351280671959353,0.029351280671959353
53005,slow,3,50,1,0.1,0.022133349704814526,0.22133349704814526
53005,slow,3,50,2,0.2,0.023258369981175746,0.11629184990587872
53005,slow,3,50,5,0.5,0.031122458299188426,0.06224491659837685
53005,medium,0,0,1,0.1,0.0969023252307504,0.969023252307504
53005,medium,0,0,2,0.2,0.15981224491338608,0.7990612245669304
53005,medium,0,0,5,0.5,0.17394727506134908,0.34789455012269815
53005,medium,0,0,10,1.0,0.3221931085085494,0.3221931085085494
53005,medium,0,0,20,2.0,0.42974555491928873,0.21487277745964437
53005,medium,0,10,1,0.1,0.09761957234195197,0.9761957234195197
53005,medium,0,10,2,0.2,0.13124741119949854,0.6562370559974926
53005,medium,0,10,5,0.5,0.17909281599773222,0.35818563199546444
53005,medium,0,10,10,1.0,0.22850138415293697,0.22850138415293697
53005,medium,0,10,20,2.0,0.41128082926530357,0.20564041463265179
53005,medium,0,20,1,0.1,0.11098978735386655,1.1098978735386655
53005,medium,0,20,2,0.2,0.14168650396870217,0.7084325198435107
53005,medium,0,20,5,0.5,0.2533440621333505,0.506688124266701
53005,medium,0,20,10,1.0,0.27973098660900186,0.27973098660900186
53005,medium,0,20,20,2.0,0.38103928776167406,0.19051964388083703
53005,medium,0,30,1,0.1,0.07789561448938591,0.778956144893859
53005,medium,0,30,2,0.2,0.1298591143467424,0.649295571733712
53005,medium,0,30,5,0.5,0.191330061210617,0.382660122421234
53005,medium,0,30,10,1.0,0.3129085450503817,0.3129085450503817
53005,medium,0,30,20,2.0,0.48493411149226967,0.24246705574613484
53005,medium,0,40,1,0.1,0.10510006052327511,1.051000605232751
53005,medium,0,40,2,0.2,0.18395473662586714,0.9197736831293357
53005,medium,0,40,5,0.5,0.2722829731362661,0.5445659462725322
53005,medium,0,40,10,1.0,0.3220304889058482,0.3220304889058482
53005,medium,0,50,1,0.1,0.11839887555417349,1.1839887555417348
53005,medium,0,50,2,0.2,0.1594270634010972,0.7971353170054859
53005,medium,0,50,5,0.5,0.25098669595390655,0.5019733919078131
53005,medium,1,0,1,0.1,0.0641769296450393,0.6417692964503929
53005,medium,1,0,2,0.2,0.10313374547160258,0.5156687273580128
53005,medium,1,0,5,0.5,0.1577036049986184,0.3154072099972368
53005,medium,1,0,10,1.0,0.21084361801967133,0.21084361801967133
53005,medium,1,0,20,2.0,0.21956248663774083,0.10978124331887042
53005,medium,1,10,1,0.1,0.06080768385231656,0.6080768385231655
53005,medium,1,10,2,0.2,0.07642097124007076,0.3821048562003538
53005,medium,1,10,5,0.5,0.1287928827208752,0.2575857654417504
53005,medium,1,10,10,1.0,0.18407410790407125,0.18407410790407125
53005,medium,1,10,20,2.0,0.31322135738390267,0.15661067869195133
53005,medium,1,20,1,0.1,0.08175358055475371,0.817535805547537
53005,medium,1,20,2,0.2,0.09754013573687041,0.487700678684352
53005,medium,1,20,5,0.5,0.12852994554595967,0.25705989109191935
53005,medium,1,20,10,1.0,0.2216790234595422,0.2216790234595422
53005,medium,1,20,20,2.0,0.27622298448124716,0.13811149224062358
53005,medium,1,30,1,0.1,0.07184774426310696,0.7184774426310695
53005,medium,1,30,2,0.2,0.10337066075863217,0.5168533037931609
53005,medium,1,30,5,0.5,0.19459440666292946,0.3891888133258589
53005,medium,1,30,10,1.0,0.2566786712187848,0.2566786712187848
53005,medium,1,30,20,2.0,0.36346581017719937,0.18173290508859968
53005,medium,1,40,1,0.1,0.07688047521699723,0.7688047521699722
53005,medium,1,40,2,0.2,0.13442041560160367,0.6721020780080184
53005,medium,1,40,5,0.5,0.1404199557887591,0.2808399115775182
53005,medium,1,40,10,1.0,0.2101546264231682,0.2101546264231682
53005,medium,1,50,1,0.1,0.0945219328962413,0.945219328962413
53005,medium,1,50,2,0.2,0.10023580392002916,0.5011790196001458
53005,medium,1,50,5,0.5,0.16435822205035322,0.32871644410070644
53005,medium,2,0,1,0.1,0.08398577592633524,0.8398577592633524
53005,medium,2,0,2,0.2,0.11039349667777237,0.5519674833888618
53005,medium,2,0,5,0.5,0.14326622110099735,0.2865324422019947
53005,medium,2,0,10,1.0,0.20753055998023476,0.20753055998023476
53005,medium,2,0,20,2.0,0.3100212787289174,0.1550106393644587
53005,medium,2,10,1,0.1,0.07629618728508922,0.7629618728508921
53005,medium,2,10,2,0.2,0.11449289434411823,0.5724644717205911
53005,medium,2,10,5,0.5,0.1940017336632543,0.3880034673265086
53005,medium,2,10,10,1.0,0.2919830478058647,0.2919830478058647
53005,medium,2,10,20,2.0,0.3393702713103355,0.16968513565516774
53005,medium,2,20,1,0.1,0.08817284471866534,0.8817284471866533
53005,medium,2,20,2,0.2,0.14313333049748467,0.7156666524874233
53005,medium,2,20,5,0.5,0.21994790052700197,0.43989580105400394
53005,medium,2,20,10,1.0,0.20863870674741772,0.20863870674741772
53005,medium,2,20,20,2.0,0.33002517103626916,0.16501258551813458
53005,medium,2,30,1,0.1,0.0623972421575891,0.623972421575891
53005,medium,2,30,2,0.2,0.1250869906873105,0.6254349534365524
53005,medium,2,30,5,0.5,0.1878927130022701,0.3757854260045402
53005,medium,2,30,10,1.0,0.23699357983123487,0.23699357983123487
53005,medium,2,30,20,2.0,0.37662689474526434,0.18831344737263217
53005,medium,2,40,1,0.1,0.07104665100873317,0.7104665100873316
53005,medium,2,40,2,0.2,0.1635409943807276,0.817704971903638
53005,medium,2,40,5,0.5,0.17614173482379472,0.35228346964758944
53005,medium,2,40,10,1.0,0.271975045312029,0.271975045312029
53005,medium,2,50,1,0.1,0.08076685659803795,0.8076685659803795
53005,medium,2,50,2,0.2,0.11851478178935605,0.5925739089467802
53005,medium,2,50,5,0.5,0.17325205933160023,0.34650411866320047
53005,medium,3,0,1,0.1,0.09350289317467134,0.9350289317467133
53005,medium,3,0,2,0.2,0.10571647317455857,0.5285823658727928
53005,medium,3,0,5,0.5,0.13796342861443694,0.2759268572288739
53005,medium,3,0,10,1.0,0.3024690622043932,0.3024690622043932
53005,medium,3,0,20,2.0,0.2710021079975666,0.1355010539987833
53005,medium,3,10,1,0.1,0.11178181797170726,1.1178181797170725
53005,medium,3,10,2,0.2,0.1130451195525948,0.565225597762974
53005,medium,3,10,5,0.5,0.1636701487965531,0.3273402975931062
53005,medium,3,10,10,1.0,0.21638997334482915,0.21638997334482915
53005,medium,3,10,20,2.0,0.38786859817354113,0.19393429908677057
53005,medium,3,20,1,0.1,0.08941239372079073,0.8941239372079072
53005,medium,3,20,2,0.2,0.11424309892986811,0.5712154946493405
53005,medium,3,20,5,0.5,0.18028731697655723,0.36057463395311445
53005,medium,3,20,10,1.0,0.28083979424975014,0.28083979424975014
53005,medium,3,20,20,2.0,0.2641889441179685,0.13209447205898425
53005,medium,3,30,1,0.1,0.11254722255721561,1.125472225572156
53005,medium,3,30,2,0.2,0.12105141702479107,0.6052570851239553
53005,medium,3,30,5,0.5,0.18600074716614176,0.3720014943322835
53005,medium,3,30,10,1.0,0.2871450186832118,0.2871450186832118
53005,medium,3,30,20,2.0,0.3129311487774446,0.1564655743887223
53005,medium,3,40,1,0.1,0.07818778086315438,0.7818778086315438
53005,medium,3,40,2,0.2,0.08584246481547177,0.4292123240773588
53005,medium,3,40,5,0.5,0.1313590783213826,0.2627181566427652
53005,medium,3,40,10,1.0,0.20373751212064597,0.20373751212064597
53005,medium,3,50,1,0.1,0.08109051474018483,0.8109051474018483
53005,medium,3,50,2,0.2,0.09583307908992214,0.4791653954496107
53005,medium,3,50,5,0.5,0.16524959536236197,0.33049919072472395
53005,fast,0,0,1,0.1,0.30465765482429774,3.046576548242977
53005,fast,0,0,2,0.2,0.4998547434879322,2.4992737174396606
53005,fast,0,0,5,0.5,0.5314400798371127,1.0628801596742254
53005,fast,0,0,10,1.0,0.8966288640655228,0.8966288640655228
53005,fast,0,0,20,2.0,1.0136353751457041,0.5068176875728521
53005,fast,0,10,1,0.1,0.34903617180493923,3.490361718049392
53005,fast,0,10,2,0.2,0.4372425238848395,2.186212619424197
53005,fast,0,10,5,0.5,0.5819993018051254,1.1639986036102508
53005,fast,0,10,10,1.0,0.5686348906029352,0.5686348906029352
53005,fast,0,10,20,2.0,1.0137258328350027,0.5068629164175014
53005,fast,0,20,1,0.1,0.27932566794258473,2.793256679425847
53005,fast,0,20,2,0.2,0.355688327491042,1.77844163745521
53005,fast,0,20,5,0.5,0.8597642038750636,1.7195284077501272
53005,fast,0,20,10,1.0,0.7283355625017726,0.7283355625017726
53005,fast,0,20,20,2.0,1.1844532030946657,0.5922266015473329
53005,fast,0,30,1,0.1,0.2519185496739769,2.519185496739769
53005,fast,0,30,2,0.2,0.3955145489458144,1.9775727447290719
53005,fast,0,30,5,0.5,0.5570188465448801,1.1140376930897602
53005,fast,0,30,10,1.0,1.0668388829549,1.0668388829549
53005,fast,0,30,20,2.0,1.1680064657612226,0.5840032328806113
53005,fast,0,40,1,0.1,0.32863072051768427,3.2863072051768425
53005,fast,0,40,2,0.2,0.5779213489098001,2.8896067445490004
53005,fast,0,40,5,0.5,0.7872477415862117,1.5744954831724234
53005,fast,0,40,10,1.0,0.8328275592846371,0.8328275592846371
53005,fast,0,50,1,0.1,0.421239756911494,4.21239756911494
53005,fast,0,50,2,0.2,0.530252732981822,2.6512636649091097
53005,fast,0,50,5,0.5,0.7011207344937072,1.4022414689874143
53005,fast,1,0,1,0.1,0.19199428430624624,1.9199428430624623
53005,fast,1,0,2,0.2,0.3335076592406322,1.6675382962031609
53005,fast,1,0,5,0.5,0.4758842946475619,0.9517685892951238
53005,fast,1,0,10,1.0,0.5759742127066452,0.5759742127066452
53005,fast,1,0,20,2.0,0.5349174448322087,0.26745872241610436
53005,fast,1,10,1,0.1,0.18017746747481214,1.8017746747481214
53005,fast,1,10,2,0.2,0.24866203845292378,1.2433101922646188
53005,fast,1,10,5,0.5,0.4144564491188614,0.8289128982377229
53005,fast,1,10,10,1.0,0.6952871408340608,0.6952871408340608
53005,fast,1,10,20,2.0,0.8172213131579039,0.40861065657895196
53005,fast,1,20,1,0.1,0.25932622507731645,2.593262250773164
53005,fast,1,20,2,0.2,0.35476653404873587,1.7738326702436793
53005,fast,1,20,5,0.5,0.49119301555604566,0.9823860311120913
53005,fast,1,20,10,1.0,0.6388303919142616,0.6388303919142616
53005,fast,1,20,20,2.0,0.7996775875405209,0.39983879377026044
53005,fast,1,30,1,0.1,0.2744815313219771,2.744815313219771
53005,fast,1,30,2,0.2,0.3882490719508337,1.9412453597541683
53005,fast,1,30,5,0.5,0.7133553283337799,1.4267106566675598
53005,fast,1,30,10,1.0,0.8932406061900571,0.8932406061900571
53005,fast,1,30,20,2.0,1.1902384978663503,0.5951192489331751
53005,fast,1,40,1,0.1,0.21454440078413284,2.1454440078413284
53005,fast,1,40,2,0.2,0.3968357526844515,1.9841787634222574
53005,fast,1,40,5,0.5,0.40831210709725835,0.8166242141945167
53005,fast,1,40,10,1.0,0.6113124997753894,0.6113124997753894
53005,fast,1,50,1,0.1,0.2989825134742567,2.9898251347425666
53005,fast,1,50,2,0.2,0.33750958600467995,1.6875479300233998
53005,fast,1,50,5,0.5,0.5024863220431112,1.0049726440862223
53005,fast,2,0,1,0.1,0.2443723886098624,2.443723886098624
53005,fast,2,0,2,0.2,0.32339693529464425,1.6169846764732212
53005,fast,2,0,5,0.5,0.4357922217579301,0.8715844435158602
53005,fast,2,0,10,1.0,0.6741984676182007,0.6741984676182007
53005,fast,2,0,20,2.0,0.8520340929205392,0.4260170464602696
53005,fast,2,10,1,0.1,0.2274130871602536,2.274130871602536
53005,fast,2,10,2,0.2,0.3337558430565709,1.6687792152828544
53005,fast,2,10,5,0.5,0.5912820493212416,1.1825640986424832
53005,fast,2,10,10,1.0,0.8704523869600422,0.8704523869600422
53005,fast,2,10,20,2.0,0.8359951968438896,0.4179975984219448
53005,fast,2,20,1,0.1,0.27695694532174714,2.7695694532174713
53005,fast,2,20,2,0.2,0.43802575360934537,2.1901287680467267
53005,fast,2,20,5,0.5,0.7043977206506639,1.4087954413013277
53005,fast,2,20,10,1.0,0.713955432982609,0.713955432982609
53005,fast,2,20,20,2.0,0.9124685721720951,0.45623428608604755
53005,fast,2,30,1,0.1,0.3020620105212184,3.020620105212184
53005,fast,2,30,2,0.2,0.4151737667293163,2.0758688336465814
53005,fast,2,30,5,0.5,0.5806590893228132,1.1613181786456264
53005,fast,2,30,10,1.0,0.8011867804364988,0.8011867804364988
53005,fast,2,30,20,2.0,1.0886985518786065,0.5443492759393033
53005,fast,2,40,1,0.1,0.2498122066340074,2.498122066340074
53005,fast,2,40,2,0.2,0.5051764984277584,2.5258824921387917
53005,fast,2,40,5,0.5,0.49981483212967626,0.9996296642593525
53005,fast,2,40,10,1.0,0.7616894182028875,0.7616894182028875
53005,fast,2,50,1,0.1,0.21704146482729353,2.170414648272935
53005,fast,2,50,2,0.2,0.3605038036346939,1.8025190181734696
53005,fast,2,50,5,0.5,0.511954841484188,1.023909682968376
53005,fast,3,0,1,0.1,0.29788874017024536,2.9788874017024534
53005,fast,3,0,2,0.2,0.3215388254515375,1.6076941272576875
53005,fast,3,0,5,0.5,0.4208585464656386,0.8417170929312772
53005,fast,3,0,10,1.0,0.8028867340302576,0.8028867340302576
53005,fast,3,0,20,2.0,0.9136114632925317,0.45680573164626587
53005,fast,3,10,1,0.1,0.279222003813667,2.79222003813667
53005,fast,3,10,2,0.2,0.2941825365321587,1.4709126826607934
53005,fast,3,10,5,0.5,0.4980557801602301,0.9961115603204602
53005,fast,3,10,10,1.0,0.7816990860652132,0.7816990860652132
53005,fast,3,10,20,2.0,1.3609735176907032,0.6804867588453516
53005,fast,3,20,1,0.1,0.35944338298671275,3.5944338298671275
53005,fast,3,20,2,0.2,0.4822170411296349,2.4110852056481744
53005,fast,3,20,5,0.5,0.5770999077809171,1.1541998155618343
53005,fast,3,20,10,1.0,0.9146433963344804,0.9146433963344804
53005,fast,3,20,20,2.0,0.9079164322044964,0.4539582161022482
53005,fast,3,30,1,0.1,0.2906181942061266,2.906181942061266
53005,fast,3,30,2,0.2,0.33836924455278383,1.691846222763919
53005,fast,3,30,5,0.5,0.5868283064518443,1.1736566129036885
53005,fast,3,30,10,1.0,0.9162846418751859,0.9162846418751859
53005,fast,3,30,20,2.0,0.9623636357493751,0.48118181787468756
53005,fast,3,40,1,0.1,0.30220932269979456,3.0220932269979452
53005,fast,3,40,2,0.2,0.30903497422118825,1.5451748711059412
53005,fast,3,40,5,0.5,0.48282329554876857,0.9656465910975371
53005,fast,3,40,10,1.0,0.7096835243074001,0.7096835243074001
53005,fast,3,50,1,0.1,0.3074701100734355,3.0747011007343548
53005,fast,3,50,2,0.2,0.320096841543402,1.60048420771701
53005,fast,3,50,5,0.5,0.5653376424627419,1.1306752849254837
