seed,mobility,channel_correlation,time_index,time,policy,old_configuration,new_configuration,epsilon_cert_old,triggered,reason,rho_obs,epsilon_est,rho_total,threshold,trigger_threshold,installed,reconfigured,design_status,switching_energy,controller_energy,n_changed_elements,n_changed_bits,algorithm_calls,fast_oracle_calls,strict_oracle_calls,primary_solver_calls,fallback_solver_calls,solver_error_count,solver_inaccurate_count,candidate_generation_runtime,certificate_runtime,strict_validation_runtime,calibration_runtime,drift_rate_nu,drift_calibration_source,drift_calibration_sha256,drift_calibration_quantile,predicted_lifetime,predicted_reuse_slots,actual_reuse_time,actual_reuse_slots,configuration_id,epsilon_est_offline,offline_calibration,epsilon_cert,epsilon_est_calibrated,reference_time,certificate_status,rho_obs_after,rho_total_after,epsilon_est_after,certified_budget_hold,trigger_budget_hold,runtime,sinr_min,qos_hold,rate,system_power,transmission_circuit_power,ris_static_state_power,instantaneous_wee,trajectory_id,csi_trajectory_id,observation_id,csi_noise_seed
60001,slow,0.9999,0,0.0,certificate_triggered,,8e7e514acdcceaf4315158017b9223f44ea1a6235d85b087ecd22caed333e967,,True,initial_design,0.0,0.0,0.0,0.0,0.0,True,False,SELECTED,0.00032,0.001,27,32,1,618,201,165,0,0,22,0.006936999998288229,37.16464220000125,32.779719899990596,0.0,0.3370943604829937,journal_results\exp1b_drift\smoke\20261003T215138172054_5ea5a964067d\drift_rate.json,bf7a0983fca86a56b860b8c44b7dce0596baa834595c63fc63116beffb05b90c,0.95,0.026050052516829045,0.2605005251682904,,,8e7e514acdcceaf4315158017b9223f44ea1a6235d85b087ecd22caed333e967,0.03070948698421103,"{""source"": ""journal_results\\exp1_csi\\smoke\\20261003T215134958149_e258dc1b485d\\joint_radius.json"", ""sha256"": ""e367c659e9ff5c33ba76b5aed776e6d356dae00502ac867535f609958ff26a8f"", ""quantile"": 0.99, ""scope_fingerprint"": ""3080a6c61690f2af638ad0b379044abc6a35745d85d5738086bc4095287eae88"", ""interpretation"": ""Offline maximum over calibration seeds of empirical all-user joint relative-error quantiles (per seed: max over phase profiles). This is an empirical offline calibration radius based on finite calibration drops; it is not a deterministic future-horizon guarantee and not a robust certificate.""}",0.044178314208984375,0.03070948698421103,0,VALIDATED,0.0,0.03070948698421103,0.03070948698421103,True,True,37.18419119999817,6.460471358754873,True,175024208.8610796,16.384609284942755,15.724609284942755,0.66,10682232.68661796,fdd7d443faf7104c4697f15b95d7d013690560a399e0f400ba9187acc6d28fb9,c984420bff8e79ac3cfbae2cfc07f279915c8948a77e108c5f40830165ac5c0f,b9dc0687863836196db7c50121290e1133ef397be27eac408d9d38963403614d,232208054
60001,slow,0.9999,1,0.1,certificate_triggered,8e7e514acdcceaf4315158017b9223f44ea1a6235d85b087ecd22caed333e967,160c0fa965ec1d6146e1b912358a7b61b22a0fa4de6583e06bce59049bee71c1,0.044178314208984375,True,certificate_threshold,0.01774821404696509,0.031254525532479295,0.049002739579444385,0.03976048278808594,0.03976048278808594,True,True,SELECTED,0.00029,0.001,23,29,1,630,213,177,0,0,36,0.007581799993204186,48.03209309999511,43.75433389997488,0.0,0.3370943604829937,journal_results\exp1b_drift\smoke\20261003T215138172054_5ea5a964067d\drift_rate.json,bf7a0983fca86a56b860b8c44b7dce0596baa834595c63fc63116beffb05b90c,0.95,0.06993614284017477,0.6993614284017476,0.1,1,160c0fa965ec1d6146e1b912358a7b61b22a0fa4de6583e06bce59049bee71c1,0.03070948698421103,"{""source"": ""journal_results\\exp1_csi\\smoke\\20261003T215134958149_e258dc1b485d\\joint_radius.json"", ""sha256"": ""e367c659e9ff5c33ba76b5aed776e6d356dae00502ac867535f609958ff26a8f"", ""quantile"": 0.99, ""scope_fingerprint"": ""3080a6c61690f2af638ad0b379044abc6a35745d85d5738086bc4095287eae88"", ""interpretation"": ""Offline maximum over calibration seeds of empirical all-user joint relative-error quantiles (per seed: max over phase profiles). This is an empirical offline calibration radius based on finite calibration drops; it is not a deterministic future-horizon guarantee and not a robust certificate.""}",0.06112060546874999,0.03070948698421103,1,VALIDATED,0.0,0.03070948698421103,0.03070948698421103,True,True,48.05435959999886,10.620171303762765,True,213060039.1301702,17.404183189419566,16.748183189419567,0.656,12241886.724089107,fdd7d443faf7104c4697f15b95d7d013690560a399e0f400ba9187acc6d28fb9,c984420bff8e79ac3cfbae2cfc07f279915c8948a77e108c5f40830165ac5c0f,398f2103b79d9db0cd1c0088831795d799637c383f5de5c59d6c770337f884b3,3411377875
60001,slow,0.9999,2,0.2,certificate_triggered,160c0fa965ec1d6146e1b912358a7b61b22a0fa4de6583e06bce59049bee71c1,fca8774f0a82db0ed335795404dd0f5ee0725c71b717516e27ef38362d34dbb2,0.06112060546874999,True,certificate_threshold,0.04153010576735788,0.03198485522672661,0.0735149609940845,0.05500854492187499,0.05500854492187499,True,True,SELECTED,0.00027,0.001,23,27,1,522,169,133,0,0,28,0.0058322000040789135,36.264025200001925,32.888629400000355,0.0,0.3370943604829937,journal_results\exp1b_drift\smoke\20261003T215138172054_5ea5a964067d\drift_rate.json,bf7a0983fca86a56b860b8c44b7dce0596baa834595c63fc63116beffb05b90c,0.95,0.01777859977578221,0.17778599775782208,0.1,1,fca8774f0a82db0ed335795404dd0f5ee0725c71b717516e27ef38362d34dbb2,0.03070948698421103,"{""source"": ""journal_results\\exp1_csi\\smoke\\20261003T215134958149_e258dc1b485d\\joint_radius.json"", ""sha256"": ""e367c659e9ff5c33ba76b5aed776e6d356dae00502ac867535f609958ff26a8f"", ""quantile"": 0.99, ""scope_fingerprint"": ""3080a6c61690f2af638ad0b379044abc6a35745d85d5738086bc4095287eae88"", ""interpretation"": ""Offline maximum over calibration seeds of empirical all-user joint relative-error quantiles (per seed: max over phase profiles). This is an empirical offline calibration radius based on finite calibration drops; it is not a deterministic future-horizon guarantee and not a robust certificate.""}",0.04098510742187501,0.03070948698421103,2,VALIDATED,0.0,0.03070948698421103,0.03070948698421103,True,True,36.28074850000121,3.2262676015776255,True,125246314.23842248,15.316146017054775,14.656146017054775,0.66,8177404.034863516,fdd7d443faf7104c4697f15b95d7d013690560a399e0f400ba9187acc6d28fb9,c984420bff8e79ac3cfbae2cfc07f279915c8948a77e108c5f40830165ac5c0f,07b7cb2adcd9c0453f27d2473b03b3fe8b0460767d9f6e817e7c45dfae0b2d47,1327477118
60001,slow,0.9999,3,0.30000000000000004,certificate_triggered,fca8774f0a82db0ed335795404dd0f5ee0725c71b717516e27ef38362d34dbb2,e25288396c041e07d30a1849f6a1111853362cd594203ee7cc6fd3ef8ecf27d7,0.04098510742187501,True,certificate_threshold,0.019587897075617915,0.03131102125450278,0.050898918330120696,0.03688659667968751,0.03688659667968751,True,True,SELECTED,0.00030000000000000003,0.001,21,30,1,618,253,217,0,0,37,0.00730929999917862,54.71044919999986,50.57611500000348,0.0,0.3370943604829937,journal_results\exp1b_drift\smoke\20261003T215138172054_5ea5a964067d\drift_rate.json,bf7a0983fca86a56b860b8c44b7dce0596baa834595c63fc63116beffb05b90c,0.95,0.024397105827716536,0.24397105827716536,0.1,1,e25288396c041e07d30a1849f6a1111853362cd594203ee7cc6fd3ef8ecf27d7,0.03070948698421103,"{""source"": ""journal_results\\exp1_csi\\smoke\\20261003T215134958149_e258dc1b485d\\joint_radius.json"", ""sha256"": ""e367c659e9ff5c33ba76b5aed776e6d356dae00502ac867535f609958ff26a8f"", ""quantile"": 0.99, ""scope_fingerprint"": ""3080a6c61690f2af638ad0b379044abc6a35745d85d5738086bc4095287eae88"", ""interpretation"": ""Offline maximum over calibration seeds of empirical all-user joint relative-error quantiles (per seed: max over phase profiles). This is an empirical offline calibration radius based on finite calibration drops; it is not a deterministic future-horizon guarantee and not a robust certificate.""}",0.04354019165039063,0.03070948698421103,3,VALIDATED,0.0,0.03070948698421103,0.03070948698421103,True,True,54.73211340000125,5.93275735376872,True,168368478.799961,16.20063924786116,15.51663924786116,0.684,10392705.881787308,fdd7d443faf7104c4697f15b95d7d013690560a399e0f400ba9187acc6d28fb9,c984420bff8e79ac3cfbae2cfc07f279915c8948a77e108c5f40830165ac5c0f,998f74ee4986c9bbb47b2d4a2b3d7372cb2bc2a3ce3d226dc5ef0546d596201f,53028105
60001,slow,0.9999,4,0.4,certificate_triggered,e25288396c041e07d30a1849f6a1111853362cd594203ee7cc6fd3ef8ecf27d7,aded8c9acdc5084a32b97b36ac69b9fa36222d9c0c559b54c1ba937b0e5ae223,0.04354019165039063,True,certificate_threshold,0.03580108331308682,0.031808919886234924,0.06761000319932174,0.03918617248535157,0.03918617248535157,True,True,SELECTED,0.00031,0.001,23,31,1,624,219,183,0,0,39,0.006258999994315673,53.973846799995954,49.57956970002124,0.0,0.3370943604829937,journal_results\exp1b_drift\smoke\20261003T215138172054_5ea5a964067d\drift_rate.json,bf7a0983fca86a56b860b8c44b7dce0596baa834595c63fc63116beffb05b90c,0.95,0.04005385481124729,0.4005385481124729,0.1,1,aded8c9acdc5084a32b97b36ac69b9fa36222d9c0c559b54c1ba937b0e5ae223,0.03070948698421103,"{""source"": ""journal_results\\exp1_csi\\smoke\\20261003T215134958149_e258dc1b485d\\joint_radius.json"", ""sha256"": ""e367c659e9ff5c33ba76b5aed776e6d356dae00502ac867535f609958ff26a8f"", ""quantile"": 0.99, ""scope_fingerprint"": ""3080a6c61690f2af638ad0b379044abc6a35745d85d5738086bc4095287eae88"", ""interpretation"": ""Offline maximum over calibration seeds of empirical all-user joint relative-error quantiles (per seed: max over phase profiles). This is an empirical offline calibration radius based on finite calibration drops; it is not a deterministic future-horizon guarantee and not a robust certificate.""}",0.04958450317382813,0.03070948698421103,4,VALIDATED,0.0,0.03070948698421103,0.03070948698421103,True,True,53.993159699999524,7.650295184073487,True,187923191.9983184,17.279620673293593,16.61562067329359,0.664,10875423.45699532,fdd7d443faf7104c4697f15b95d7d013690560a399e0f400ba9187acc6d28fb9,c984420bff8e79ac3cfbae2cfc07f279915c8948a77e108c5f40830165ac5c0f,913a698c17a0674ec85ecbb949e0dc696eb26279e781bc3452ed2548d469f4da,3753443394
60001,slow,0.9999,5,0.5,certificate_triggered,aded8c9acdc5084a32b97b36ac69b9fa36222d9c0c559b54c1ba937b0e5ae223,032bb7c217b7dadde37fab269b98e90fc5060dfcf77d2441a72f4d57e9ef85b2,0.04958450317382813,True,certificate_threshold,0.029555462700932934,0.031617120081337664,0.0611725827822706,0.04462605285644532,0.04462605285644532,True,True,SELECTED,0.00029,0.001,25,29,1,630,181,145,0,0,30,0.004992099999071797,41.892888900005346,37.70656469997266,0.0,0.3370943604829937,journal_results\exp1b_drift\smoke\20261003T215138172054_5ea5a964067d\drift_rate.json,bf7a0983fca86a56b860b8c44b7dce0596baa834595c63fc63116beffb05b90c,0.95,0.0660942868339161,0.660942868339161,0.1,1,032bb7c217b7dadde37fab269b98e90fc5060dfcf77d2441a72f4d57e9ef85b2,0.03070948698421103,"{""source"": ""journal_results\\exp1_csi\\smoke\\20261003T215134958149_e258dc1b485d\\joint_radius.json"", ""sha256"": ""e367c659e9ff5c33ba76b5aed776e6d356dae00502ac867535f609958ff26a8f"", ""quantile"": 0.99, ""scope_fingerprint"": ""3080a6c61690f2af638ad0b379044abc6a35745d85d5738086bc4095287eae88"", ""interpretation"": ""Offline maximum over calibration seeds of empirical all-user joint relative-error quantiles (per seed: max over phase profiles). This is an empirical offline calibration radius based on finite calibration drops; it is not a deterministic future-horizon guarantee and not a robust certificate.""}",0.059637451171874994,0.03070948698421103,5,VALIDATED,0.0,0.03070948698421103,0.03070948698421103,True,True,41.90884189999997,5.938747599377722,True,168410304.8578654,16.064554121621224,15.420554121621224,0.644,10483347.597628158,fdd7d443faf7104c4697f15b95d7d013690560a399e0f400ba9187acc6d28fb9,c984420bff8e79ac3cfbae2cfc07f279915c8948a77e108c5f40830165ac5c0f,44967242a97745057648d438dc2f78669f037cd01083a0b6a4e1fcb62eec8710,493640352
60001,slow,0.9999,6,0.6000000000000001,certificate_triggered,032bb7c217b7dadde37fab269b98e90fc5060dfcf77d2441a72f4d57e9ef85b2,d45f63513ced40dbdacc80da28144052b90719cc93b8c9a1613c07a5e29f85d9,0.059637451171874994,True,certificate_threshold,0.04591107506990952,0.03211939254650155,0.07803046761641107,0.0536737060546875,0.0536737060546875,True,True,SELECTED,0.00030000000000000003,0.001,24,30,1,522,185,149,0,0,34,0.005416100000729784,41.879035499991005,38.49596780000866,0.0,0.3370943604829937,journal_results\exp1b_drift\smoke\20261003T215138172054_5ea5a964067d\drift_rate.json,bf7a0983fca86a56b860b8c44b7dce0596baa834595c63fc63116beffb05b90c,0.95,0.011723328786493825,0.11723328786493824,0.1,1,d45f63513ced40dbdacc80da28144052b90719cc93b8c9a1613c07a5e29f85d9,0.03070948698421103,"{""source"": ""journal_results\\exp1_csi\\smoke\\20261003T215134958149_e258dc1b485d\\joint_radius.json"", ""sha256"": ""e367c659e9ff5c33ba76b5aed776e6d356dae00502ac867535f609958ff26a8f"", ""quantile"": 0.99, ""scope_fingerprint"": ""3080a6c61690f2af638ad0b379044abc6a35745d85d5738086bc4095287eae88"", ""interpretation"": ""Offline maximum over calibration seeds of empirical all-user joint relative-error quantiles (per seed: max over phase profiles). This is an empirical offline calibration radius based on finite calibration drops; it is not a deterministic future-horizon guarantee and not a robust certificate.""}",0.0386474609375,0.03070948698421103,6,VALIDATED,0.0,0.03070948698421103,0.03070948698421103,True,True,41.89532529999997,3.2056735919333628,True,125191857.4201717,15.153469245352717,14.493469245352717,0.66,8261597.089957844,fdd7d443faf7104c4697f15b95d7d013690560a399e0f400ba9187acc6d28fb9,c984420bff8e79ac3cfbae2cfc07f279915c8948a77e108c5f40830165ac5c0f,57fa4a316e82df3e6116ba752e5d9a70adcb6d7e7203f1817db5707ae61ee967,1191807485
60001,slow,0.9999,7,0.7000000000000001,certificate_triggered,d45f63513ced40dbdacc80da28144052b90719cc93b8c9a1613c07a5e29f85d9,07e23ef79a0877994f19170c9395070e8d715991f5e71170ae02262099667ddd,0.0386474609375,True,certificate_threshold,0.027144077982718583,0.031543067693719735,0.05868714567643832,0.03478271484375001,0.03478271484375001,True,True,SELECTED,0.00029,0.001,23,29,1,606,241,205,0,0,34,0.0064431999999214895,47.791174000001774,44.03473999998096,0.0,0.3370943604829937,journal_results\exp1b_drift\smoke\20261003T215138172054_5ea5a964067d\drift_rate.json,bf7a0983fca86a56b860b8c44b7dce0596baa834595c63fc63116beffb05b90c,0.95,0.08065302388479391,0.8065302388479391,0.1,1,07e23ef79a0877994f19170c9395070e8d715991f5e71170ae02262099667ddd,0.03070948698421103,"{""source"": ""journal_results\\exp1_csi\\smoke\\20261003T215134958149_e258dc1b485d\\joint_radius.json"", ""sha256"": ""e367c659e9ff5c33ba76b5aed776e6d356dae00502ac867535f609958ff26a8f"", ""quantile"": 0.99, ""scope_fingerprint"": ""3080a6c61690f2af638ad0b379044abc6a35745d85d5738086bc4095287eae88"", ""interpretation"": ""Offline maximum over calibration seeds of empirical all-user joint relative-error quantiles (per seed: max over phase profiles). This is an empirical offline calibration radius based on finite calibration drops; it is not a deterministic future-horizon guarantee and not a robust certificate.""}",0.06525787353515625,0.03070948698421103,7,VALIDATED,0.0,0.03070948698421103,0.03070948698421103,True,True,47.81133409999893,10.930854049660688,True,215084400.02268517,17.62183795509737,16.97383795509737,0.648,12205559.97454675,fdd7d443faf7104c4697f15b95d7d013690560a399e0f400ba9187acc6d28fb9,c984420bff8e79ac3cfbae2cfc07f279915c8948a77e108c5f40830165ac5c0f,c8c524015a34aefb93e377908b58d3b6ee8fd139bbab058ae6ea3b60695c6f74,3964375408
60001,slow,0.9999,8,0.8,certificate_triggered,07e23ef79a0877994f19170c9395070e8d715991f5e71170ae02262099667ddd,,0.06525787353515625,False,within_certificate_threshold,0.025401600818432894,0.03148955711392282,0.05689115793235571,0.05873208618164062,0.05873208618164062,False,False,REUSE,0.0,0.0,0,0,0,0,0,0,0,0,0,0.0,0.0,0.0,0.0,0.3370943604829937,journal_results\exp1b_drift\smoke\20261003T215138172054_5ea5a964067d\drift_rate.json,bf7a0983fca86a56b860b8c44b7dce0596baa834595c63fc63116beffb05b90c,0.95,,,,,07e23ef79a0877994f19170c9395070e8d715991f5e71170ae02262099667ddd,0.03070948698421103,"{""source"": ""journal_results\\exp1_csi\\smoke\\20261003T215134958149_e258dc1b485d\\joint_radius.json"", ""sha256"": ""e367c659e9ff5c33ba76b5aed776e6d356dae00502ac867535f609958ff26a8f"", ""quantile"": 0.99, ""scope_fingerprint"": ""3080a6c61690f2af638ad0b379044abc6a35745d85d5738086bc4095287eae88"", ""interpretation"": ""Offline maximum over calibration seeds of empirical all-user joint relative-error quantiles (per seed: max over phase profiles). This is an empirical offline calibration radius based on finite calibration drops; it is not a deterministic future-horizon guarantee and not a robust certificate.""}",0.06525787353515625,0.03070948698421103,7,VALIDATED,0.025401600818432894,0.05689115793235571,0.03148955711392282,True,True,0.0005316999995557126,10.941413853784734,True,215089640.97186977,17.62183795509737,16.97383795509737,0.648,12205857.3867235,fdd7d443faf7104c4697f15b95d7d013690560a399e0f400ba9187acc6d28fb9,c984420bff8e79ac3cfbae2cfc07f279915c8948a77e108c5f40830165ac5c0f,fc051cf78bb60a3212e97bb3dd445a81c2834da6a55e5d07e695b03b4b36974f,255010756
60001,slow,0.9999,9,0.9,certificate_triggered,07e23ef79a0877994f19170c9395070e8d715991f5e71170ae02262099667ddd,,0.06525787353515625,False,within_certificate_threshold,0.026188167920004033,0.031513712186090725,0.057701880106094755,0.05873208618164062,0.05873208618164062,False,False,REUSE,0.0,0.0,0,0,0,0,0,0,0,0,0,0.0,0.0,0.0,0.0,0.3370943604829937,journal_results\exp1b_drift\smoke\20261003T215138172054_5ea5a964067d\drift_rate.json,bf7a0983fca86a56b860b8c44b7dce0596baa834595c63fc63116beffb05b90c,0.95,,,,,07e23ef79a0877994f19170c9395070e8d715991f5e71170ae02262099667ddd,0.03070948698421103,"{""source"": ""journal_results\\exp1_csi\\smoke\\20261003T215134958149_e258dc1b485d\\joint_radius.json"", ""sha256"": ""e367c659e9ff5c33ba76b5aed776e6d356dae00502ac867535f609958ff26a8f"", ""quantile"": 0.99, ""scope_fingerprint"": ""3080a6c61690f2af638ad0b379044abc6a35745d85d5738086bc4095287eae88"", ""interpretation"": ""Offline maximum over calibration seeds of empirical all-user joint relative-error quantiles (per seed: max over phase profiles). This is an empirical offline calibration radius based on finite calibration drops; it is not a deterministic future-horizon guarantee and not a robust certificate.""}",0.06525787353515625,0.03070948698421103,7,VALIDATED,0.026188167920004033,0.057701880106094755,0.031513712186090725,True,True,0.0004883999972662423,10.93784146307887,True,215044710.3839616,17.62183795509737,16.97383795509737,0.648,12203307.676073415,fdd7d443faf7104c4697f15b95d7d013690560a399e0f400ba9187acc6d28fb9,c984420bff8e79ac3cfbae2cfc07f279915c8948a77e108c5f40830165ac5c0f,fff7346d493bb20747c7ab4d19b66b657dff50eb708863d45bfb25e97afa03ca,1758283405
60001,slow,0.9999,0,0.0,static,,8e7e514acdcceaf4315158017b9223f44ea1a6235d85b087ecd22caed333e967,,True,initial_design,0.0,0.0,0.0,0.0,0.0,True,False,SELECTED,0.00032,0.001,27,32,1,618,201,165,0,0,22,0.005078700000012759,35.58591439999873,31.669133300016256,0.0,0.3370943604829937,journal_results\exp1b_drift\smoke\20261003T215138172054_5ea5a964067d\drift_rate.json,bf7a0983fca86a56b860b8c44b7dce0596baa834595c63fc63116beffb05b90c,0.95,0.026050052516829045,0.2605005251682904,,,8e7e514acdcceaf4315158017b9223f44ea1a6235d85b087ecd22caed333e967,0.03070948698421103,"{""source"": ""journal_results\\exp1_csi\\smoke\\20261003T215134958149_e258dc1b485d\\joint_radius.json"", ""sha256"": ""e367c659e9ff5c33ba76b5aed776e6d356dae00502ac867535f609958ff26a8f"", ""quantile"": 0.99, ""scope_fingerprint"": ""3080a6c61690f2af638ad0b379044abc6a35745d85d5738086bc4095287eae88"", ""interpretation"": ""Offline maximum over calibration seeds of empirical all-user joint relative-error quantiles (per seed: max over phase profiles). This is an empirical offline calibration radius based on finite calibration drops; it is not a deterministic future-horizon guarantee and not a robust certificate.""}",0.044178314208984375,0.03070948698421103,0,VALIDATED,0.0,0.03070948698421103,0.03070948698421103,True,True,35.60308339999756,6.460471358754873,True,175024208.8610796,16.384609284942755,15.724609284942755,0.66,10682232.68661796,fdd7d443faf7104c4697f15b95d7d013690560a399e0f400ba9187acc6d28fb9,c984420bff8e79ac3cfbae2cfc07f279915c8948a77e108c5f40830165ac5c0f,b9dc0687863836196db7c50121290e1133ef397be27eac408d9d38963403614d,232208054
60001,slow,0.9999,1,0.1,static,8e7e514acdcceaf4315158017b9223f44ea1a6235d85b087ecd22caed333e967,,0.044178314208984375,False,static_baseline,0.01774821404696509,0.031254525532479295,0.049002739579444385,0.03976048278808594,0.03976048278808594,False,False,REUSE,0.0,0.0,0,0,0,0,0,0,0,0,0,0.0,0.0,0.0,0.0,0.3370943604829937,journal_results\exp1b_drift\smoke\20261003T215138172054_5ea5a964067d\drift_rate.json,bf7a0983fca86a56b860b8c44b7dce0596baa834595c63fc63116beffb05b90c,0.95,,,,,8e7e514acdcceaf4315158017b9223f44ea1a6235d85b087ecd22caed333e967,0.03070948698421103,"{""source"": ""journal_results\\exp1_csi\\smoke\\20261003T215134958149_e258dc1b485d\\joint_radius.json"", ""sha256"": ""e367c659e9ff5c33ba76b5aed776e6d356dae00502ac867535f609958ff26a8f"", ""quantile"": 0.99, ""scope_fingerprint"": ""3080a6c61690f2af638ad0b379044abc6a35745d85d5738086bc4095287eae88"", ""interpretation"": ""Offline maximum over calibration seeds of empirical all-user joint relative-error quantiles (per seed: max over phase profiles). This is an empirical offline calibration radius based on finite calibration drops; it is not a deterministic future-horizon guarantee and not a robust certificate.""}",0.044178314208984375,0.03070948698421103,0,VALIDATED,0.01774821404696509,0.049002739579444385,0.031254525532479295,False,False,0.0006133999995654449,6.49891298901213,True,175034811.96664146,16.384609284942755,15.724609284942755,0.66,10682879.824757017,fdd7d443faf7104c4697f15b95d7d013690560a399e0f400ba9187acc6d28fb9,c984420bff8e79ac3cfbae2cfc07f279915c8948a77e108c5f40830165ac5c0f,398f2103b79d9db0cd1c0088831795d799637c383f5de5c59d6c770337f884b3,3411377875
60001,slow,0.9999,2,0.2,static,8e7e514acdcceaf4315158017b9223f44ea1a6235d85b087ecd22caed333e967,,0.044178314208984375,False,static_baseline,0.019442312753301317,0.03130655043465149,0.05074886318795281,0.03976048278808594,0.03976048278808594,False,False,REUSE,0.0,0.0,0,0,0,0,0,0,0,0,0,0.0,0.0,0.0,0.0,0.3370943604829937,journal_results\exp1b_drift\smoke\20261003T215138172054_5ea5a964067d\drift_rate.json,bf7a0983fca86a56b860b8c44b7dce0596baa834595c63fc63116beffb05b90c,0.95,,,,,8e7e514acdcceaf4315158017b9223f44ea1a6235d85b087ecd22caed333e967,0.03070948698421103,"{""source"": ""journal_results\\exp1_csi\\smoke\\20261003T215134958149_e258dc1b485d\\joint_radius.json"", ""sha256"": ""e367c659e9ff5c33ba76b5aed776e6d356dae00502ac867535f609958ff26a8f"", ""quantile"": 0.99, ""scope_fingerprint"": ""3080a6c61690f2af638ad0b379044abc6a35745d85d5738086bc4095287eae88"", ""interpretation"": ""Offline maximum over calibration seeds of empirical all-user joint relative-error quantiles (per seed: max over phase profiles). This is an empirical offline calibration radius based on finite calibration drops; it is not a deterministic future-horizon guarantee and not a robust certificate.""}",0.044178314208984375,0.03070948698421103,0,VALIDATED,0.019442312753301317,0.05074886318795281,0.03130655043465149,False,False,0.0005706999982066918,6.473838501911837,True,174960280.83619356,16.384609284942755,15.724609284942755,0.66,10678330.974726373,fdd7d443faf7104c4697f15b95d7d013690560a399e0f400ba9187acc6d28fb9,c984420bff8e79ac3cfbae2cfc07f279915c8948a77e108c5f40830165ac5c0f,07b7cb2adcd9c0453f27d2473b03b3fe8b0460767d9f6e817e7c45dfae0b2d47,1327477118
60001,slow,0.9999,3,0.30000000000000004,static,8e7e514acdcceaf4315158017b9223f44ea1a6235d85b087ecd22caed333e967,,0.044178314208984375,False,static_baseline,0.01835244992164953,0.03127308130620832,0.049625531227857844,0.03976048278808594,0.03976048278808594,False,False,REUSE,0.0,0.0,0,0,0,0,0,0,0,0,0,0.0,0.0,0.0,0.0,0.3370943604829937,journal_results\exp1b_drift\smoke\20261003T215138172054_5ea5a964067d\drift_rate.json,bf7a0983fca86a56b860b8c44b7dce0596baa834595c63fc63116beffb05b90c,0.95,,,,,8e7e514acdcceaf4315158017b9223f44ea1a6235d85b087ecd22caed333e967,0.03070948698421103,"{""source"": ""journal_results\\exp1_csi\\smoke\\20261003T215134958149_e258dc1b485d\\joint_radius.json"", ""sha256"": ""e367c659e9ff5c33ba76b5aed776e6d356dae00502ac867535f609958ff26a8f"", ""quantile"": 0.99, ""scope_fingerprint"": ""3080a6c61690f2af638ad0b379044abc6a35745d85d5738086bc4095287eae88"", ""interpretation"": ""Offline maximum over calibration seeds of empirical all-user joint relative-error quantiles (per seed: max over phase profiles). This is an empirical offline calibration radius based on finite calibration drops; it is not a deterministic future-horizon guarantee and not a robust certificate.""}",0.044178314208984375,0.03070948698421103,0,VALIDATED,0.01835244992164953,0.049625531227857844,0.03127308130620832,False,False,0.000495000000228174,6.488782960179375,True,174883598.14137253,16.384609284942755,15.724609284942755,0.66,10673650.808511395,fdd7d443faf7104c4697f15b95d7d013690560a399e0f400ba9187acc6d28fb9,c984420bff8e79ac3cfbae2cfc07f279915c8948a77e108c5f40830165ac5c0f,998f74ee4986c9bbb47b2d4a2b3d7372cb2bc2a3ce3d226dc5ef0546d596201f,53028105
60001,slow,0.9999,4,0.4,static,8e7e514acdcceaf4315158017b9223f44ea1a6235d85b087ecd22caed333e967,,0.044178314208984375,False,static_baseline,0.020974167963955397,0.031353592922304774,0.05232776088626017,0.03976048278808594,0.03976048278808594,False,False,REUSE,0.0,0.0,0,0,0,0,0,0,0,0,0,0.0,0.0,0.0,0.0,0.3370943604829937,journal_results\exp1b_drift\smoke\20261003T215138172054_5ea5a964067d\drift_rate.json,bf7a0983fca86a56b860b8c44b7dce0596baa834595c63fc63116beffb05b90c,0.95,,,,,8e7e514acdcceaf4315158017b9223f44ea1a6235d85b087ecd22caed333e967,0.03070948698421103,"{""source"": ""journal_results\\exp1_csi\\smoke\\20261003T215134958149_e258dc1b485d\\joint_radius.json"", ""sha256"": ""e367c659e9ff5c33ba76b5aed776e6d356dae00502ac867535f609958ff26a8f"", ""quantile"": 0.99, ""scope_fingerprint"": ""3080a6c61690f2af638ad0b379044abc6a35745d85d5738086bc4095287eae88"", ""interpretation"": ""Offline maximum over calibration seeds of empirical all-user joint relative-error quantiles (per seed: max over phase profiles). This is an empirical offline calibration radius based on finite calibration drops; it is not a deterministic future-horizon guarantee and not a robust certificate.""}",0.044178314208984375,0.03070948698421103,0,VALIDATED,0.020974167963955397,0.05232776088626017,0.031353592922304774,False,False,0.0005637000031128991,6.4846989748593495,True,175001154.02748328,16.384609284942755,15.724609284942755,0.66,10680825.58357416,fdd7d443faf7104c4697f15b95d7d013690560a399e0f400ba9187acc6d28fb9,c984420bff8e79ac3cfbae2cfc07f279915c8948a77e108c5f40830165ac5c0f,913a698c17a0674ec85ecbb949e0dc696eb26279e781bc3452ed2548d469f4da,3753443394
60001,slow,0.9999,5,0.5,static,8e7e514acdcceaf4315158017b9223f44ea1a6235d85b087ecd22caed333e967,,0.044178314208984375,False,static_baseline,0.02863443407598774,0.03158883576476782,0.06022326984075556,0.03976048278808594,0.03976048278808594,False,False,REUSE,0.0,0.0,0,0,0,0,0,0,0,0,0,0.0,0.0,0.0,0.0,0.3370943604829937,journal_results\exp1b_drift\smoke\20261003T215138172054_5ea5a964067d\drift_rate.json,bf7a0983fca86a56b860b8c44b7dce0596baa834595c63fc63116beffb05b90c,0.95,,,,,8e7e514acdcceaf4315158017b9223f44ea1a6235d85b087ecd22caed333e967,0.03070948698421103,"{""source"": ""journal_results\\exp1_csi\\smoke\\20261003T215134958149_e258dc1b485d\\joint_radius.json"", ""sha256"": ""e367c659e9ff5c33ba76b5aed776e6d356dae00502ac867535f609958ff26a8f"", ""quantile"": 0.99, ""scope_fingerprint"": ""3080a6c61690f2af638ad0b379044abc6a35745d85d5738086bc4095287eae88"", ""interpretation"": ""Offline maximum over calibration seeds of empirical all-user joint relative-error quantiles (per seed: max over phase profiles). This is an empirical offline calibration radius based on finite calibration drops; it is not a deterministic future-horizon guarantee and not a robust certificate.""}",0.044178314208984375,0.03070948698421103,0,VALIDATED,0.02863443407598774,0.06022326984075556,0.03158883576476782,False,False,0.0005254999996395782,6.39722627384858,True,174927831.9132343,16.384609284942755,15.724609284942755,0.66,10676350.523292046,fdd7d443faf7104c4697f15b95d7d013690560a399e0f400ba9187acc6d28fb9,c984420bff8e79ac3cfbae2cfc07f279915c8948a77e108c5f40830165ac5c0f,44967242a97745057648d438dc2f78669f037cd01083a0b6a4e1fcb62eec8710,493640352
60001,slow,0.9999,6,0.6000000000000001,static,8e7e514acdcceaf4315158017b9223f44ea1a6235d85b087ecd22caed333e967,,0.044178314208984375,False,static_baseline,0.026185853205567433,0.03151364110239786,0.057699494307965296,0.03976048278808594,0.03976048278808594,False,False,REUSE,0.0,0.0,0,0,0,0,0,0,0,0,0,0.0,0.0,0.0,0.0,0.3370943604829937,journal_results\exp1b_drift\smoke\20261003T215138172054_5ea5a964067d\drift_rate.json,bf7a0983fca86a56b860b8c44b7dce0596baa834595c63fc63116beffb05b90c,0.95,,,,,8e7e514acdcceaf4315158017b9223f44ea1a6235d85b087ecd22caed333e967,0.03070948698421103,"{""source"": ""journal_results\\exp1_csi\\smoke\\20261003T215134958149_e258dc1b485d\\joint_radius.json"", ""sha256"": ""e367c659e9ff5c33ba76b5aed776e6d356dae00502ac867535f609958ff26a8f"", ""quantile"": 0.99, ""scope_fingerprint"": ""3080a6c61690f2af638ad0b379044abc6a35745d85d5738086bc4095287eae88"", ""interpretation"": ""Offline maximum over calibration seeds of empirical all-user joint relative-error quantiles (per seed: max over phase profiles). This is an empirical offline calibration radius based on finite calibration drops; it is not a deterministic future-horizon guarantee and not a robust certificate.""}",0.044178314208984375,0.03070948698421103,0,VALIDATED,0.026185853205567433,0.057699494307965296,0.03151364110239786,False,False,0.0005266000007395633,6.2824465783058985,True,174979816.41940662,16.384609284942755,15.724609284942755,0.66,10679523.287760718,fdd7d443faf7104c4697f15b95d7d013690560a399e0f400ba9187acc6d28fb9,c984420bff8e79ac3cfbae2cfc07f279915c8948a77e108c5f40830165ac5c0f,57fa4a316e82df3e6116ba752e5d9a70adcb6d7e7203f1817db5707ae61ee967,1191807485
60001,slow,0.9999,7,0.7000000000000001,static,8e7e514acdcceaf4315158017b9223f44ea1a6235d85b087ecd22caed333e967,,0.044178314208984375,False,static_baseline,0.02778880165859024,0.03156286682705233,0.05935166848564257,0.03976048278808594,0.03976048278808594,False,False,REUSE,0.0,0.0,0,0,0,0,0,0,0,0,0,0.0,0.0,0.0,0.0,0.3370943604829937,journal_results\exp1b_drift\smoke\20261003T215138172054_5ea5a964067d\drift_rate.json,bf7a0983fca86a56b860b8c44b7dce0596baa834595c63fc63116beffb05b90c,0.95,,,,,8e7e514acdcceaf4315158017b9223f44ea1a6235d85b087ecd22caed333e967,0.03070948698421103,"{""source"": ""journal_results\\exp1_csi\\smoke\\20261003T215134958149_e258dc1b485d\\joint_radius.json"", ""sha256"": ""e367c659e9ff5c33ba76b5aed776e6d356dae00502ac867535f609958ff26a8f"", ""quantile"": 0.99, ""scope_fingerprint"": ""3080a6c61690f2af638ad0b379044abc6a35745d85d5738086bc4095287eae88"", ""interpretation"": ""Offline maximum over calibration seeds of empirical all-user joint relative-error quantiles (per seed: max over phase profiles). This is an empirical offline calibration radius based on finite calibration drops; it is not a deterministic future-horizon guarantee and not a robust certificate.""}",0.044178314208984375,0.03070948698421103,0,VALIDATED,0.02778880165859024,0.05935166848564257,0.03156286682705233,False,False,0.0006347999988065567,6.318241635477984,True,174818417.49555108,16.384609284942755,15.724609284942755,0.66,10669672.645548342,fdd7d443faf7104c4697f15b95d7d013690560a399e0f400ba9187acc6d28fb9,c984420bff8e79ac3cfbae2cfc07f279915c8948a77e108c5f40830165ac5c0f,c8c524015a34aefb93e377908b58d3b6ee8fd139bbab058ae6ea3b60695c6f74,3964375408
60001,slow,0.9999,8,0.8,static,8e7e514acdcceaf4315158017b9223f44ea1a6235d85b087ecd22caed333e967,,0.044178314208984375,False,static_baseline,0.02731941266395859,0.031548452131831155,0.058867864795789746,0.03976048278808594,0.03976048278808594,False,False,REUSE,0.0,0.0,0,0,0,0,0,0,0,0,0,0.0,0.0,0.0,0.0,0.3370943604829937,journal_results\exp1b_drift\smoke\20261003T215138172054_5ea5a964067d\drift_rate.json,bf7a0983fca86a56b860b8c44b7dce0596baa834595c63fc63116beffb05b90c,0.95,,,,,8e7e514acdcceaf4315158017b9223f44ea1a6235d85b087ecd22caed333e967,0.03070948698421103,"{""source"": ""journal_results\\exp1_csi\\smoke\\20261003T215134958149_e258dc1b485d\\joint_radius.json"", ""sha256"": ""e367c659e9ff5c33ba76b5aed776e6d356dae00502ac867535f609958ff26a8f"", ""quantile"": 0.99, ""scope_fingerprint"": ""3080a6c61690f2af638ad0b379044abc6a35745d85d5738086bc4095287eae88"", ""interpretation"": ""Offline maximum over calibration seeds of empirical all-user joint relative-error quantiles (per seed: max over phase profiles). This is an empirical offline calibration radius based on finite calibration drops; it is not a deterministic future-horizon guarantee and not a robust certificate.""}",0.044178314208984375,0.03070948698421103,0,VALIDATED,0.02731941266395859,0.058867864795789746,0.031548452131831155,False,False,0.00051299999904586,6.3648565208498376,True,174503930.84601626,16.384609284942755,15.724609284942755,0.66,10650478.61753915,fdd7d443faf7104c4697f15b95d7d013690560a399e0f400ba9187acc6d28fb9,c984420bff8e79ac3cfbae2cfc07f279915c8948a77e108c5f40830165ac5c0f,fc051cf78bb60a3212e97bb3dd445a81c2834da6a55e5d07e695b03b4b36974f,255010756
60001,slow,0.9999,9,0.9,static,8e7e514acdcceaf4315158017b9223f44ea1a6235d85b087ecd22caed333e967,,0.044178314208984375,False,static_baseline,0.03045920857951377,0.03164487365363297,0.06210408223314674,0.03976048278808594,0.03976048278808594,False,False,REUSE,0.0,0.0,0,0,0,0,0,0,0,0,0,0.0,0.0,0.0,0.0,0.3370943604829937,journal_results\exp1b_drift\smoke\20261003T215138172054_5ea5a964067d\drift_rate.json,bf7a0983fca86a56b860b8c44b7dce0596baa834595c63fc63116beffb05b90c,0.95,,,,,8e7e514acdcceaf4315158017b9223f44ea1a6235d85b087ecd22caed333e967,0.03070948698421103,"{""source"": ""journal_results\\exp1_csi\\smoke\\20261003T215134958149_e258dc1b485d\\joint_radius.json"", ""sha256"": ""e367c659e9ff5c33ba76b5aed776e6d356dae00502ac867535f609958ff26a8f"", ""quantile"": 0.99, ""scope_fingerprint"": ""3080a6c61690f2af638ad0b379044abc6a35745d85d5738086bc4095287eae88"", ""interpretation"": ""Offline maximum over calibration seeds of empirical all-user joint relative-error quantiles (per seed: max over phase profiles). This is an empirical offline calibration radius based on finite calibration drops; it is not a deterministic future-horizon guarantee and not a robust certificate.""}",0.044178314208984375,0.03070948698421103,0,VALIDATED,0.03045920857951377,0.06210408223314674,0.03164487365363297,False,False,0.001151899999968009,6.3513565128074205,True,174287318.42968148,16.384609284942755,15.724609284942755,0.66,10637258.136503095,fdd7d443faf7104c4697f15b95d7d013690560a399e0f400ba9187acc6d28fb9,c984420bff8e79ac3cfbae2cfc07f279915c8948a77e108c5f40830165ac5c0f,fff7346d493bb20747c7ab4d19b66b657dff50eb708863d45bfb25e97afa03ca,1758283405
60001,medium,0.995,0,0.0,certificate_triggered,,8e7e514acdcceaf4315158017b9223f44ea1a6235d85b087ecd22caed333e967,,True,initial_design,0.0,0.0,0.0,0.0,0.0,True,False,SELECTED,0.00032,0.001,27,32,1,618,201,165,0,0,22,0.006805499997426523,35.427054199997656,31.490070900028513,0.0,1.2634684865409662,journal_results\exp1b_drift\smoke\20261003T215138172054_5ea5a964067d\drift_rate.json,bf7a0983fca86a56b860b8c44b7dce0596baa834595c63fc63116beffb05b90c,0.95,0.006950173975252659,0.06950173975252658,,,8e7e514acdcceaf4315158017b9223f44ea1a6235d85b087ecd22caed333e967,0.03070948698421103,"{""source"": ""journal_results\\exp1_csi\\smoke\\20261003T215134958149_e258dc1b485d\\joint_radius.json"", ""sha256"": ""e367c659e9ff5c33ba76b5aed776e6d356dae00502ac867535f609958ff26a8f"", ""quantile"": 0.99, ""scope_fingerprint"": ""3080a6c61690f2af638ad0b379044abc6a35745d85d5738086bc4095287eae88"", ""interpretation"": ""Offline maximum over calibration seeds of empirical all-user joint relative-error quantiles (per seed: max over phase profiles). This is an empirical offline calibration radius based on finite calibration drops; it is not a deterministic future-horizon guarantee and not a robust certificate.""}",0.044178314208984375,0.03070948698421103,0,VALIDATED,0.0,0.03070948698421103,0.03070948698421103,True,True,35.44723579999845,6.460471358754873,True,175024208.8610796,16.384609284942755,15.724609284942755,0.66,10682232.68661796,97f46d82b77de6e59ef8ab8e7ce8359dbe4c0c55aed2dc4dce5986e86a01625e,89113983e2df437e5e691db85dd319b3485139862b54f5f4adb8cbe725000bc2,b9dc0687863836196db7c50121290e1133ef397be27eac408d9d38963403614d,232208054
60001,medium,0.995,1,0.1,certificate_triggered,8e7e514acdcceaf4315158017b9223f44ea1a6235d85b087ecd22caed333e967,4e76c2e2fc197175ba9919d0b101f065bfb688045513cfc2e775830f452a497f,0.044178314208984375,True,certificate_threshold,0.06091257257358114,0.03258008083883423,0.09349265341241536,0.03976048278808594,0.03976048278808594,True,True,SELECTED,0.00029,0.001,23,29,1,630,192,156,0,0,31,0.009199499996611848,40.04442729999937,35.806922799998574,0.0,1.2634684865409662,journal_results\exp1b_drift\smoke\20261003T215138172054_5ea5a964067d\drift_rate.json,bf7a0983fca86a56b860b8c44b7dce0596baa834595c63fc63116beffb05b90c,0.95,0.019317047698603276,0.19317047698603276,0.1,1,4e76c2e2fc197175ba9919d0b101f065bfb688045513cfc2e775830f452a497f,0.03070948698421103,"{""source"": ""journal_results\\exp1_csi\\smoke\\20261003T215134958149_e258dc1b485d\\joint_radius.json"", ""sha256"": ""e367c659e9ff5c33ba76b5aed776e6d356dae00502ac867535f609958ff26a8f"", ""quantile"": 0.99, ""scope_fingerprint"": ""3080a6c61690f2af638ad0b379044abc6a35745d85d5738086bc4095287eae88"", ""interpretation"": ""Offline maximum over calibration seeds of empirical all-user joint relative-error quantiles (per seed: max over phase profiles). This is an empirical offline calibration radius based on finite calibration drops; it is not a deterministic future-horizon guarantee and not a robust certificate.""}",0.06207275390625,0.03070948698421103,1,VALIDATED,0.0,0.03070948698421103,0.03070948698421103,True,True,40.06756259999747,10.625057050483699,True,213099927.92205134,17.335959065755134,16.679959065755135,0.656,12292364.507424438,97f46d82b77de6e59ef8ab8e7ce8359dbe4c0c55aed2dc4dce5986e86a01625e,89113983e2df437e5e691db85dd319b3485139862b54f5f4adb8cbe725000bc2,dd7a09d1000952798fe62e55f07a49bcaee72fd96db55215fab9bad1edea2159,3411377875
60001,medium,0.995,2,0.2,certificate_triggered,4e76c2e2fc197175ba9919d0b101f065bfb688045513cfc2e775830f452a497f,1f2f1af64d20f2e28ef0d1e6fc0d74ac32f0cc662b64a5f485d4bc1e861929e7,0.06207275390625,True,certificate_threshold,0.17919380227070994,0.03621243672269468,0.2154062389934046,0.055865478515625004,0.055865478515625004,True,True,SELECTED,0.00031,0.001,23,31,1,522,182,146,0,0,34,0.006379099999321625,41.253327200003696,37.779537199992774,0.0,1.2634684865409662,journal_results\exp1b_drift\smoke\20261003T215138172054_5ea5a964067d\drift_rate.json,bf7a0983fca86a56b860b8c44b7dce0596baa834595c63fc63116beffb05b90c,0.95,0.003629647342516531,0.03629647342516531,0.1,1,1f2f1af64d20f2e28ef0d1e6fc0d74ac32f0cc662b64a5f485d4bc1e861929e7,0.03070948698421103,"{""source"": ""journal_results\\exp1_csi\\smoke\\20261003T215134958149_e258dc1b485d\\joint_radius.json"", ""sha256"": ""e367c659e9ff5c33ba76b5aed776e6d356dae00502ac867535f609958ff26a8f"", ""quantile"": 0.99, ""scope_fingerprint"": ""3080a6c61690f2af638ad0b379044abc6a35745d85d5738086bc4095287eae88"", ""interpretation"": ""Offline maximum over calibration seeds of empirical all-user joint relative-error quantiles (per seed: max over phase profiles). This is an empirical offline calibration radius based on finite calibration drops; it is not a deterministic future-horizon guarantee and not a robust certificate.""}",0.03937362670898437,0.03070948698421103,2,VALIDATED,0.0,0.03070948698421103,0.03070948698421103,True,True,41.271719600001234,4.473980826695095,True,147774471.7899074,15.75282079925016,15.076820799250159,0.676,9380826.054781346,97f46d82b77de6e59ef8ab8e7ce8359dbe4c0c55aed2dc4dce5986e86a01625e,89113983e2df437e5e691db85dd319b3485139862b54f5f4adb8cbe725000bc2,3c19aee0d804f6aeedb586fa2cd112c5d7a3815ad6f1f7e2275368ea3e64e49d,1327477118
60001,medium,0.995,3,0.30000000000000004,certificate_triggered,1f2f1af64d20f2e28ef0d1e6fc0d74ac32f0cc662b64a5f485d4bc1e861929e7,859023f45fdfc6f93d3a9fe62b8d3cb5a2b6df6254578a4adfa944fd85e29f1f,0.03937362670898437,True,certificate_threshold,0.060207490499442635,0.032558428130055675,0.09276591862949832,0.03543626403808594,0.03543626403808594,True,True,SELECTED,0.00036,0.001,26,36,1,618,213,177,0,0,31,0.004938300004141638,47.13693580000108,43.08335800005443,0.0,1.2634684865409662,journal_results\exp1b_drift\smoke\20261003T215138172054_5ea5a964067d\drift_rate.json,bf7a0983fca86a56b860b8c44b7dce0596baa834595c63fc63116beffb05b90c,0.95,0.0004450505506593652,0.004450505506593652,0.1,1,859023f45fdfc6f93d3a9fe62b8d3cb5a2b6df6254578a4adfa944fd85e29f1f,0.03070948698421103,"{""source"": ""journal_results\\exp1_csi\\smoke\\20261003T215134958149_e258dc1b485d\\joint_radius.json"", ""sha256"": ""e367c659e9ff5c33ba76b5aed776e6d356dae00502ac867535f609958ff26a8f"", ""quantile"": 0.99, ""scope_fingerprint"": ""3080a6c61690f2af638ad0b379044abc6a35745d85d5738086bc4095287eae88"", ""interpretation"": ""Offline maximum over calibration seeds of empirical all-user joint relative-error quantiles (per seed: max over phase profiles). This is an empirical offline calibration radius based on finite calibration drops; it is not a deterministic future-horizon guarantee and not a robust certificate.""}",0.034765625,0.03070948698421103,3,VALIDATED,0.0,0.03070948698421103,0.03070948698421103,True,True,47.153596899999684,12.856846640752368,True,228233324.31386662,16.76716141675787,16.23516141675787,0.532,13611923.845723808,97f46d82b77de6e59ef8ab8e7ce8359dbe4c0c55aed2dc4dce5986e86a01625e,89113983e2df437e5e691db85dd319b3485139862b54f5f4adb8cbe725000bc2,f7a3f40ad4d4e18533c38b044527b2b186c1137a10130c205882274e623ba321,53028105
60001,medium,0.995,4,0.4,certificate_triggered,859023f45fdfc6f93d3a9fe62b8d3cb5a2b6df6254578a4adfa944fd85e29f1f,88de14ec98c05a6ffd08b6eb335e7a07c038bdaa2554074a3642a64486de7e6d,0.034765625,True,certificate_threshold,0.0927304076939738,0.033557190232329705,0.1262875979263035,0.0312890625,0.0312890625,True,True,SELECTED,0.00033000000000000005,0.001,24,33,1,624,260,224,0,0,38,0.0067403000030026305,56.513659899999766,52.671303499970236,0.0,1.2634684865409662,journal_results\exp1b_drift\smoke\20261003T215138172054_5ea5a964067d\drift_rate.json,bf7a0983fca86a56b860b8c44b7dce0596baa834595c63fc63116beffb05b90c,0.95,0.010864273216093895,0.10864273216093895,0.1,1,88de14ec98c05a6ffd08b6eb335e7a07c038bdaa2554074a3642a64486de7e6d,0.03070948698421103,"{""source"": ""journal_results\\exp1_csi\\smoke\\20261003T215134958149_e258dc1b485d\\joint_radius.json"", ""sha256"": ""e367c659e9ff5c33ba76b5aed776e6d356dae00502ac867535f609958ff26a8f"", ""quantile"": 0.99, ""scope_fingerprint"": ""3080a6c61690f2af638ad0b379044abc6a35745d85d5738086bc4095287eae88"", ""interpretation"": ""Offline maximum over calibration seeds of empirical all-user joint relative-error quantiles (per seed: max over phase profiles). This is an empirical offline calibration radius based on finite calibration drops; it is not a deterministic future-horizon guarantee and not a robust certificate.""}",0.049841880798339844,0.03070948698421103,4,VALIDATED,0.0,0.03070948698421103,0.03070948698421103,True,True,56.53458730000057,7.699185812731606,True,188040227.9062596,17.123882646657137,16.459882646657135,0.664,10981167.751868945,97f46d82b77de6e59ef8ab8e7ce8359dbe4c0c55aed2dc4dce5986e86a01625e,89113983e2df437e5e691db85dd319b3485139862b54f5f4adb8cbe725000bc2,fa495b42dc5787ada1ae03116718a24e81ac1416fc9c071a7d26ebbe96774a2a,3753443394
60001,medium,0.995,5,0.5,certificate_triggered,88de14ec98c05a6ffd08b6eb335e7a07c038bdaa2554074a3642a64486de7e6d,e75131785988231cadb4ad5631e2b12d21c726c718c0b2080a0a67c33f37d070,0.049841880798339844,True,certificate_threshold,0.08396945326210647,0.03328814581623501,0.11725759907834149,0.044857692718505864,0.044857692718505864,True,True,SELECTED,0.00029,0.001,25,29,1,630,219,183,0,0,39,0.0051098000003548805,48.42137819999334,44.74695240001893,0.0,1.2634684865409662,journal_results\exp1b_drift\smoke\20261003T215138172054_5ea5a964067d\drift_rate.json,bf7a0983fca86a56b860b8c44b7dce0596baa834595c63fc63116beffb05b90c,0.95,0.014064028979732562,0.1406402897973256,0.1,1,e75131785988231cadb4ad5631e2b12d21c726c718c0b2080a0a67c33f37d070,0.03070948698421103,"{""source"": ""journal_results\\exp1_csi\\smoke\\20261003T215134958149_e258dc1b485d\\joint_radius.json"", ""sha256"": ""e367c659e9ff5c33ba76b5aed776e6d356dae00502ac867535f609958ff26a8f"", ""quantile"": 0.99, ""scope_fingerprint"": ""3080a6c61690f2af638ad0b379044abc6a35745d85d5738086bc4095287eae88"", ""interpretation"": ""Offline maximum over calibration seeds of empirical all-user joint relative-error quantiles (per seed: max over phase profiles). This is an empirical offline calibration radius based on finite calibration drops; it is not a deterministic future-horizon guarantee and not a robust certificate.""}",0.05447181701660157,0.03070948698421103,5,VALIDATED,0.0,0.03070948698421103,0.03070948698421103,True,True,48.438883999999234,5.931978578357567,True,168422650.41804254,16.105506597240552,15.461506597240554,0.644,10457457.478977988,97f46d82b77de6e59ef8ab8e7ce8359dbe4c0c55aed2dc4dce5986e86a01625e,89113983e2df437e5e691db85dd319b3485139862b54f5f4adb8cbe725000bc2,a2ae830a1c44e514fb9f1c5f94d9a13de47af436f96570cc64b416208e4b8646,493640352
60001,medium,0.995,6,0.6000000000000001,certificate_triggered,e75131785988231cadb4ad5631e2b12d21c726c718c0b2080a0a67c33f37d070,17745531c172a65073f438e6d2e1613eebba21a01f6ce5a7bd33527f9912c82f,0.05447181701660157,True,certificate_threshold,0.10628189892475572,0.03397334957589805,0.14025524850065377,0.04902463531494142,0.04902463531494142,True,True,SELECTED,0.00030000000000000003,0.001,24,30,1,522,198,162,0,0,36,0.006013199999870267,43.074568199997884,39.641639699988445,0.0,1.2634684865409662,journal_results\exp1b_drift\smoke\20261003T215138172054_5ea5a964067d\drift_rate.json,bf7a0983fca86a56b860b8c44b7dce0596baa834595c63fc63116beffb05b90c,0.95,0.002537252290797988,0.025372522907979877,0.1,1,17745531c172a65073f438e6d2e1613eebba21a01f6ce5a7bd33527f9912c82f,0.03070948698421103,"{""source"": ""journal_results\\exp1_csi\\smoke\\20261003T215134958149_e258dc1b485d\\joint_radius.json"", ""sha256"": ""e367c659e9ff5c33ba76b5aed776e6d356dae00502ac867535f609958ff26a8f"", ""quantile"": 0.99, ""scope_fingerprint"": ""3080a6c61690f2af638ad0b379044abc6a35745d85d5738086bc4095287eae88"", ""interpretation"": ""Offline maximum over calibration seeds of empirical all-user joint relative-error quantiles (per seed: max over phase profiles). This is an empirical offline calibration radius based on finite calibration drops; it is not a deterministic future-horizon guarantee and not a robust certificate.""}",0.03779296875,0.03070948698421103,6,VALIDATED,0.0,0.03070948698421103,0.03070948698421103,True,True,43.093896599999425,3.218852216074849,True,125182473.3307302,15.1115239065345,14.4515239065345,0.66,8283907.970168316,97f46d82b77de6e59ef8ab8e7ce8359dbe4c0c55aed2dc4dce5986e86a01625e,89113983e2df437e5e691db85dd319b3485139862b54f5f4adb8cbe725000bc2,08032c0bdd928e20a4e665793123ae8a004665ce858316effc44a04ff5b363c2,1191807485
60001,medium,0.995,7,0.7000000000000001,certificate_triggered,17745531c172a65073f438e6d2e1613eebba21a01f6ce5a7bd33527f9912c82f,2f8a220434207abb874640a511143219cd8d6d7e31848bdd6456ca454d42da70,0.03779296875,True,certificate_threshold,0.06903765138984856,0.03282959784098808,0.10186724923083665,0.034013671875000005,0.034013671875000005,True,True,SELECTED,0.00029,0.001,23,29,1,618,249,213,0,0,31,0.00605770000765915,49.07154389999414,44.765692699987994,0.0,1.2634684865409662,journal_results\exp1b_drift\smoke\20261003T215138172054_5ea5a964067d\drift_rate.json,bf7a0983fca86a56b860b8c44b7dce0596baa834595c63fc63116beffb05b90c,0.95,0.01657765013539682,0.1657765013539682,0.1,1,2f8a220434207abb874640a511143219cd8d6d7e31848bdd6456ca454d42da70,0.03070948698421103,"{""source"": ""journal_results\\exp1_csi\\smoke\\20261003T215134958149_e258dc1b485d\\joint_radius.json"", ""sha256"": ""e367c659e9ff5c33ba76b5aed776e6d356dae00502ac867535f609958ff26a8f"", ""quantile"": 0.99, ""scope_fingerprint"": ""3080a6c61690f2af638ad0b379044abc6a35745d85d5738086bc4095287eae88"", ""interpretation"": ""Offline maximum over calibration seeds of empirical all-user joint relative-error quantiles (per seed: max over phase profiles). This is an empirical offline calibration radius based on finite calibration drops; it is not a deterministic future-horizon guarantee and not a robust certificate.""}",0.05810894012451171,0.03070948698421103,7,VALIDATED,0.0,0.03070948698421103,0.03070948698421103,True,True,49.09168010000212,10.893297766226821,True,214969669.36526433,17.695719808696595,17.047719808696595,0.648,12148116.702187898,97f46d82b77de6e59ef8ab8e7ce8359dbe4c0c55aed2dc4dce5986e86a01625e,89113983e2df437e5e691db85dd319b3485139862b54f5f4adb8cbe725000bc2,90effcf940e0677a5a1daa425f5832ddad1d7a394124bb3a0a7a10c5642e717b,3964375408
60001,medium,0.995,8,0.8,certificate_triggered,2f8a220434207abb874640a511143219cd8d6d7e31848bdd6456ca454d42da70,e5b939e66a4708ef7dc6234c2623b3024d98ebbb13333e13f5734b43c6af1c40,0.05810894012451171,True,certificate_threshold,0.0809138376091219,0.03319430942711092,0.11410814703623282,0.05229804611206054,0.05229804611206054,True,True,SELECTED,0.00038,0.001,27,38,1,630,219,183,0,0,44,0.007819000002200482,50.19222570000784,46.212684900005115,0.0,1.2634684865409662,journal_results\exp1b_drift\smoke\20261003T215138172054_5ea5a964067d\drift_rate.json,bf7a0983fca86a56b860b8c44b7dce0596baa834595c63fc63116beffb05b90c,0.95,0.00023467038576135217,0.0023467038576135218,0.1,1,e5b939e66a4708ef7dc6234c2623b3024d98ebbb13333e13f5734b43c6af1c40,0.03070948698421103,"{""source"": ""journal_results\\exp1_csi\\smoke\\20261003T215134958149_e258dc1b485d\\joint_radius.json"", ""sha256"": ""e367c659e9ff5c33ba76b5aed776e6d356dae00502ac867535f609958ff26a8f"", ""quantile"": 0.99, ""scope_fingerprint"": ""3080a6c61690f2af638ad0b379044abc6a35745d85d5738086bc4095287eae88"", ""interpretation"": ""Offline maximum over calibration seeds of empirical all-user joint relative-error quantiles (per seed: max over phase profiles). This is an empirical offline calibration radius based on finite calibration drops; it is not a deterministic future-horizon guarantee and not a robust certificate.""}",0.03446121215820312,0.03070948698421103,8,VALIDATED,0.0,0.03070948698421103,0.03070948698421103,True,True,50.21267609999995,6.516089931532519,True,175587856.84159514,17.12369499832099,16.491694998320988,0.632,10254086.916335048,97f46d82b77de6e59ef8ab8e7ce8359dbe4c0c55aed2dc4dce5986e86a01625e,89113983e2df437e5e691db85dd319b3485139862b54f5f4adb8cbe725000bc2,3fdcde62a8b165f3945b44f363245259321fbbbf6299c21dae79c02d0a1b1d80,255010756
60001,medium,0.995,9,0.9,certificate_triggered,e5b939e66a4708ef7dc6234c2623b3024d98ebbb13333e13f5734b43c6af1c40,e83ec10c515b3acb0846c307cd0c5b6512f51874c215c3f2f3d39ae36b8ecbb3,0.03446121215820312,True,certificate_threshold,0.0669300793972833,0.03276487538631411,0.09969495478359741,0.03101509094238281,0.03101509094238281,True,True,SELECTED,0.00031,0.001,22,31,1,618,243,207,0,0,26,0.005336099995474797,44.086059500001284,40.191173500010336,0.0,1.2634684865409662,journal_results\exp1b_drift\smoke\20261003T215138172054_5ea5a964067d\drift_rate.json,bf7a0983fca86a56b860b8c44b7dce0596baa834595c63fc63116beffb05b90c,0.95,0.018647627504732315,0.18647627504732314,0.1,1,e83ec10c515b3acb0846c307cd0c5b6512f51874c215c3f2f3d39ae36b8ecbb3,0.03070948698421103,"{""source"": ""journal_results\\exp1_csi\\smoke\\20261003T215134958149_e258dc1b485d\\joint_radius.json"", ""sha256"": ""e367c659e9ff5c33ba76b5aed776e6d356dae00502ac867535f609958ff26a8f"", ""quantile"": 0.99, ""scope_fingerprint"": ""3080a6c61690f2af638ad0b379044abc6a35745d85d5738086bc4095287eae88"", ""interpretation"": ""Offline maximum over calibration seeds of empirical all-user joint relative-error quantiles (per seed: max over phase profiles). This is an empirical offline calibration radius based on finite calibration drops; it is not a deterministic future-horizon guarantee and not a robust certificate.""}",0.061104125976562514,0.03070948698421103,9,VALIDATED,0.0,0.03070948698421103,0.03070948698421103,True,True,44.10536910000155,6.482360320782532,True,175258387.8462134,15.921861848145312,15.301861848145313,0.62,11007405.384981953,97f46d82b77de6e59ef8ab8e7ce8359dbe4c0c55aed2dc4dce5986e86a01625e,89113983e2df437e5e691db85dd319b3485139862b54f5f4adb8cbe725000bc2,03109d73988001e72c829acc36f488515c2ba8c419d0128597e1296ceb19e46f,1758283405
60001,medium,0.995,0,0.0,static,,8e7e514acdcceaf4315158017b9223f44ea1a6235d85b087ecd22caed333e967,,True,initial_design,0.0,0.0,0.0,0.0,0.0,True,False,SELECTED,0.00032,0.001,27,32,1,618,201,165,0,0,22,0.005217100006120745,35.71533279999858,31.6620018999929,0.0,1.2634684865409662,journal_results\exp1b_drift\smoke\20261003T215138172054_5ea5a964067d\drift_rate.json,bf7a0983fca86a56b860b8c44b7dce0596baa834595c63fc63116beffb05b90c,0.95,0.006950173975252659,0.06950173975252658,,,8e7e514acdcceaf4315158017b9223f44ea1a6235d85b087ecd22caed333e967,0.03070948698421103,"{""source"": ""journal_results\\exp1_csi\\smoke\\20261003T215134958149_e258dc1b485d\\joint_radius.json"", ""sha256"": ""e367c659e9ff5c33ba76b5aed776e6d356dae00502ac867535f609958ff26a8f"", ""quantile"": 0.99, ""scope_fingerprint"": ""3080a6c61690f2af638ad0b379044abc6a35745d85d5738086bc4095287eae88"", ""interpretation"": ""Offline maximum over calibration seeds of empirical all-user joint relative-error quantiles (per seed: max over phase profiles). This is an empirical offline calibration radius based on finite calibration drops; it is not a deterministic future-horizon guarantee and not a robust certificate.""}",0.044178314208984375,0.03070948698421103,0,VALIDATED,0.0,0.03070948698421103,0.03070948698421103,True,True,35.733047700003226,6.460471358754873,True,175024208.8610796,16.384609284942755,15.724609284942755,0.66,10682232.68661796,97f46d82b77de6e59ef8ab8e7ce8359dbe4c0c55aed2dc4dce5986e86a01625e,89113983e2df437e5e691db85dd319b3485139862b54f5f4adb8cbe725000bc2,b9dc0687863836196db7c50121290e1133ef397be27eac408d9d38963403614d,232208054
60001,medium,0.995,1,0.1,static,8e7e514acdcceaf4315158017b9223f44ea1a6235d85b087ecd22caed333e967,,0.044178314208984375,False,static_baseline,0.06091257257358114,0.03258008083883423,0.09349265341241536,0.03976048278808594,0.03976048278808594,False,False,REUSE,0.0,0.0,0,0,0,0,0,0,0,0,0,0.0,0.0,0.0,0.0,1.2634684865409662,journal_results\exp1b_drift\smoke\20261003T215138172054_5ea5a964067d\drift_rate.json,bf7a0983fca86a56b860b8c44b7dce0596baa834595c63fc63116beffb05b90c,0.95,,,,,8e7e514acdcceaf4315158017b9223f44ea1a6235d85b087ecd22caed333e967,0.03070948698421103,"{""source"": ""journal_results\\exp1_csi\\smoke\\20261003T215134958149_e258dc1b485d\\joint_radius.json"", ""sha256"": ""e367c659e9ff5c33ba76b5aed776e6d356dae00502ac867535f609958ff26a8f"", ""quantile"": 0.99, ""scope_fingerprint"": ""3080a6c61690f2af638ad0b379044abc6a35745d85d5738086bc4095287eae88"", ""interpretation"": ""Offline maximum over calibration seeds of empirical all-user joint relative-error quantiles (per seed: max over phase profiles). This is an empirical offline calibration radius based on finite calibration drops; it is not a deterministic future-horizon guarantee and not a robust certificate.""}",0.044178314208984375,0.03070948698421103,0,VALIDATED,0.06091257257358114,0.09349265341241536,0.03258008083883423,False,False,0.000638900000922149,5.895866716925161,True,172809257.65195653,16.384609284942755,15.724609284942755,0.66,10547047.820710989,97f46d82b77de6e59ef8ab8e7ce8359dbe4c0c55aed2dc4dce5986e86a01625e,89113983e2df437e5e691db85dd319b3485139862b54f5f4adb8cbe725000bc2,dd7a09d1000952798fe62e55f07a49bcaee72fd96db55215fab9bad1edea2159,3411377875
60001,medium,0.995,2,0.2,static,8e7e514acdcceaf4315158017b9223f44ea1a6235d85b087ecd22caed333e967,,0.044178314208984375,False,static_baseline,0.07900163169432757,0.03313558656445942,0.11213721825878699,0.03976048278808594,0.03976048278808594,False,False,REUSE,0.0,0.0,0,0,0,0,0,0,0,0,0,0.0,0.0,0.0,0.0,1.2634684865409662,journal_results\exp1b_drift\smoke\20261003T215138172054_5ea5a964067d\drift_rate.json,bf7a0983fca86a56b860b8c44b7dce0596baa834595c63fc63116beffb05b90c,0.95,,,,,8e7e514acdcceaf4315158017b9223f44ea1a6235d85b087ecd22caed333e967,0.03070948698421103,"{""source"": ""journal_results\\exp1_csi\\smoke\\20261003T215134958149_e258dc1b485d\\joint_radius.json"", ""sha256"": ""e367c659e9ff5c33ba76b5aed776e6d356dae00502ac867535f609958ff26a8f"", ""quantile"": 0.99, ""scope_fingerprint"": ""3080a6c61690f2af638ad0b379044abc6a35745d85d5738086bc4095287eae88"", ""interpretation"": ""Offline maximum over calibration seeds of empirical all-user joint relative-error quantiles (per seed: max over phase profiles). This is an empirical offline calibration radius based on finite calibration drops; it is not a deterministic future-horizon guarantee and not a robust certificate.""}",0.044178314208984375,0.03070948698421103,0,VALIDATED,0.07900163169432757,0.11213721825878699,0.03313558656445942,False,False,0.0008688999987498391,5.650325481041141,True,171701979.75472367,16.384609284942755,15.724609284942755,0.66,10479467.45440647,97f46d82b77de6e59ef8ab8e7ce8359dbe4c0c55aed2dc4dce5986e86a01625e,89113983e2df437e5e691db85dd319b3485139862b54f5f4adb8cbe725000bc2,3c19aee0d804f6aeedb586fa2cd112c5d7a3815ad6f1f7e2275368ea3e64e49d,1327477118
60001,medium,0.995,3,0.30000000000000004,static,8e7e514acdcceaf4315158017b9223f44ea1a6235d85b087ecd22caed333e967,,0.044178314208984375,False,static_baseline,0.10954770983737441,0.03407364095361201,0.14362135079098642,0.03976048278808594,0.03976048278808594,False,False,REUSE,0.0,0.0,0,0,0,0,0,0,0,0,0,0.0,0.0,0.0,0.0,1.2634684865409662,journal_results\exp1b_drift\smoke\20261003T215138172054_5ea5a964067d\drift_rate.json,bf7a0983fca86a56b860b8c44b7dce0596baa834595c63fc63116beffb05b90c,0.95,,,,,8e7e514acdcceaf4315158017b9223f44ea1a6235d85b087ecd22caed333e967,0.03070948698421103,"{""source"": ""journal_results\\exp1_csi\\smoke\\20261003T215134958149_e258dc1b485d\\joint_radius.json"", ""sha256"": ""e367c659e9ff5c33ba76b5aed776e6d356dae00502ac867535f609958ff26a8f"", ""quantile"": 0.99, ""scope_fingerprint"": ""3080a6c61690f2af638ad0b379044abc6a35745d85d5738086bc4095287eae88"", ""interpretation"": ""Offline maximum over calibration seeds of empirical all-user joint relative-error quantiles (per seed: max over phase profiles). This is an empirical offline calibration radius based on finite calibration drops; it is not a deterministic future-horizon guarantee and not a robust certificate.""}",0.044178314208984375,0.03070948698421103,0,VALIDATED,0.10954770983737441,0.14362135079098642,0.03407364095361201,False,False,0.0005392999992182013,5.779360826568276,True,169636432.17249557,16.384609284942755,15.724609284942755,0.66,10353401.123113096,97f46d82b77de6e59ef8ab8e7ce8359dbe4c0c55aed2dc4dce5986e86a01625e,89113983e2df437e5e691db85dd319b3485139862b54f5f4adb8cbe725000bc2,f7a3f40ad4d4e18533c38b044527b2b186c1137a10130c205882274e623ba321,53028105
60001,medium,0.995,4,0.4,static,8e7e514acdcceaf4315158017b9223f44ea1a6235d85b087ecd22caed333e967,,0.044178314208984375,False,static_baseline,0.10692605586230261,0.033993131304987434,0.14091918716729004,0.03976048278808594,0.03976048278808594,False,False,REUSE,0.0,0.0,0,0,0,0,0,0,0,0,0,0.0,0.0,0.0,0.0,1.2634684865409662,journal_results\exp1b_drift\smoke\20261003T215138172054_5ea5a964067d\drift_rate.json,bf7a0983fca86a56b860b8c44b7dce0596baa834595c63fc63116beffb05b90c,0.95,,,,,8e7e514acdcceaf4315158017b9223f44ea1a6235d85b087ecd22caed333e967,0.03070948698421103,"{""source"": ""journal_results\\exp1_csi\\smoke\\20261003T215134958149_e258dc1b485d\\joint_radius.json"", ""sha256"": ""e367c659e9ff5c33ba76b5aed776e6d356dae00502ac867535f609958ff26a8f"", ""quantile"": 0.99, ""scope_fingerprint"": ""3080a6c61690f2af638ad0b379044abc6a35745d85d5738086bc4095287eae88"", ""interpretation"": ""Offline maximum over calibration seeds of empirical all-user joint relative-error quantiles (per seed: max over phase profiles). This is an empirical offline calibration radius based on finite calibration drops; it is not a deterministic future-horizon guarantee and not a robust certificate.""}",0.044178314208984375,0.03070948698421103,0,VALIDATED,0.10692605586230261,0.14091918716729004,0.033993131304987434,False,False,0.0012234000023454428,5.348873936304959,True,168131346.62572485,16.384609284942755,15.724609284942755,0.66,10261541.40765721,97f46d82b77de6e59ef8ab8e7ce8359dbe4c0c55aed2dc4dce5986e86a01625e,89113983e2df437e5e691db85dd319b3485139862b54f5f4adb8cbe725000bc2,fa495b42dc5787ada1ae03116718a24e81ac1416fc9c071a7d26ebbe96774a2a,3753443394
60001,medium,0.995,5,0.5,static,8e7e514acdcceaf4315158017b9223f44ea1a6235d85b087ecd22caed333e967,,0.044178314208984375,False,static_baseline,0.14172190272177898,0.03506169391122313,0.1767835966330021,0.03976048278808594,0.03976048278808594,False,False,REUSE,0.0,0.0,0,0,0,0,0,0,0,0,0,0.0,0.0,0.0,0.0,1.2634684865409662,journal_results\exp1b_drift\smoke\20261003T215138172054_5ea5a964067d\drift_rate.json,bf7a0983fca86a56b860b8c44b7dce0596baa834595c63fc63116beffb05b90c,0.95,,,,,8e7e514acdcceaf4315158017b9223f44ea1a6235d85b087ecd22caed333e967,0.03070948698421103,"{""source"": ""journal_results\\exp1_csi\\smoke\\20261003T215134958149_e258dc1b485d\\joint_radius.json"", ""sha256"": ""e367c659e9ff5c33ba76b5aed776e6d356dae00502ac867535f609958ff26a8f"", ""quantile"": 0.99, ""scope_fingerprint"": ""3080a6c61690f2af638ad0b379044abc6a35745d85d5738086bc4095287eae88"", ""interpretation"": ""Offline maximum over calibration seeds of empirical all-user joint relative-error quantiles (per seed: max over phase profiles). This is an empirical offline calibration radius based on finite calibration drops; it is not a deterministic future-horizon guarantee and not a robust certificate.""}",0.044178314208984375,0.03070948698421103,0,VALIDATED,0.14172190272177898,0.1767835966330021,0.03506169391122313,False,False,0.0006098000012570992,3.6899973285737295,True,162526168.29479006,16.384609284942755,15.724609284942755,0.66,9919441.194374377,97f46d82b77de6e59ef8ab8e7ce8359dbe4c0c55aed2dc4dce5986e86a01625e,89113983e2df437e5e691db85dd319b3485139862b54f5f4adb8cbe725000bc2,a2ae830a1c44e514fb9f1c5f94d9a13de47af436f96570cc64b416208e4b8646,493640352
60001,medium,0.995,6,0.6000000000000001,static,8e7e514acdcceaf4315158017b9223f44ea1a6235d85b087ecd22caed333e967,,0.044178314208984375,False,static_baseline,0.17660489759782763,0.036132932788339435,0.21273783038616706,0.03976048278808594,0.03976048278808594,False,False,REUSE,0.0,0.0,0,0,0,0,0,0,0,0,0,0.0,0.0,0.0,0.0,1.2634684865409662,journal_results\exp1b_drift\smoke\20261003T215138172054_5ea5a964067d\drift_rate.json,bf7a0983fca86a56b860b8c44b7dce0596baa834595c63fc63116beffb05b90c,0.95,,,,,8e7e514acdcceaf4315158017b9223f44ea1a6235d85b087ecd22caed333e967,0.03070948698421103,"{""source"": ""journal_results\\exp1_csi\\smoke\\20261003T215134958149_e258dc1b485d\\joint_radius.json"", ""sha256"": ""e367c659e9ff5c33ba76b5aed776e6d356dae00502ac867535f609958ff26a8f"", ""quantile"": 0.99, ""scope_fingerprint"": ""3080a6c61690f2af638ad0b379044abc6a35745d85d5738086bc4095287eae88"", ""interpretation"": ""Offline maximum over calibration seeds of empirical all-user joint relative-error quantiles (per seed: max over phase profiles). This is an empirical offline calibration radius based on finite calibration drops; it is not a deterministic future-horizon guarantee and not a robust certificate.""}",0.044178314208984375,0.03070948698421103,0,VALIDATED,0.17660489759782763,0.21273783038616706,0.036132932788339435,False,False,0.0005358000016713049,2.613753437848048,True,159739255.2442939,16.384609284942755,15.724609284942755,0.66,9749347.846279876,97f46d82b77de6e59ef8ab8e7ce8359dbe4c0c55aed2dc4dce5986e86a01625e,89113983e2df437e5e691db85dd319b3485139862b54f5f4adb8cbe725000bc2,08032c0bdd928e20a4e665793123ae8a004665ce858316effc44a04ff5b363c2,1191807485
60001,medium,0.995,7,0.7000000000000001,static,8e7e514acdcceaf4315158017b9223f44ea1a6235d85b087ecd22caed333e967,,0.044178314208984375,False,static_baseline,0.15851344446176094,0.035577353543731934,0.19409079800549286,0.03976048278808594,0.03976048278808594,False,False,REUSE,0.0,0.0,0,0,0,0,0,0,0,0,0,0.0,0.0,0.0,0.0,1.2634684865409662,journal_results\exp1b_drift\smoke\20261003T215138172054_5ea5a964067d\drift_rate.json,bf7a0983fca86a56b860b8c44b7dce0596baa834595c63fc63116beffb05b90c,0.95,,,,,8e7e514acdcceaf4315158017b9223f44ea1a6235d85b087ecd22caed333e967,0.03070948698421103,"{""source"": ""journal_results\\exp1_csi\\smoke\\20261003T215134958149_e258dc1b485d\\joint_radius.json"", ""sha256"": ""e367c659e9ff5c33ba76b5aed776e6d356dae00502ac867535f609958ff26a8f"", ""quantile"": 0.99, ""scope_fingerprint"": ""3080a6c61690f2af638ad0b379044abc6a35745d85d5738086bc4095287eae88"", ""interpretation"": ""Offline maximum over calibration seeds of empirical all-user joint relative-error quantiles (per seed: max over phase profiles). This is an empirical offline calibration radius based on finite calibration drops; it is not a deterministic future-horizon guarantee and not a robust certificate.""}",0.044178314208984375,0.03070948698421103,0,VALIDATED,0.15851344446176094,0.19409079800549286,0.035577353543731934,False,False,0.0006188000006659422,2.8651463215098705,True,158430228.8950789,16.384609284942755,15.724609284942755,0.66,9669454.18958963,97f46d82b77de6e59ef8ab8e7ce8359dbe4c0c55aed2dc4dce5986e86a01625e,89113983e2df437e5e691db85dd319b3485139862b54f5f4adb8cbe725000bc2,90effcf940e0677a5a1daa425f5832ddad1d7a394124bb3a0a7a10c5642e717b,3964375408
60001,medium,0.995,8,0.8,static,8e7e514acdcceaf4315158017b9223f44ea1a6235d85b087ecd22caed333e967,,0.044178314208984375,False,static_baseline,0.17305054030112021,0.03602378029919897,0.2090743206003192,0.03976048278808594,0.03976048278808594,False,False,REUSE,0.0,0.0,0,0,0,0,0,0,0,0,0,0.0,0.0,0.0,0.0,1.2634684865409662,journal_results\exp1b_drift\smoke\20261003T215138172054_5ea5a964067d\drift_rate.json,bf7a0983fca86a56b860b8c44b7dce0596baa834595c63fc63116beffb05b90c,0.95,,,,,8e7e514acdcceaf4315158017b9223f44ea1a6235d85b087ecd22caed333e967,0.03070948698421103,"{""source"": ""journal_results\\exp1_csi\\smoke\\20261003T215134958149_e258dc1b485d\\joint_radius.json"", ""sha256"": ""e367c659e9ff5c33ba76b5aed776e6d356dae00502ac867535f609958ff26a8f"", ""quantile"": 0.99, ""scope_fingerprint"": ""3080a6c61690f2af638ad0b379044abc6a35745d85d5738086bc4095287eae88"", ""interpretation"": ""Offline maximum over calibration seeds of empirical all-user joint relative-error quantiles (per seed: max over phase profiles). This is an empirical offline calibration radius based on finite calibration drops; it is not a deterministic future-horizon guarantee and not a robust certificate.""}",0.044178314208984375,0.03070948698421103,0,VALIDATED,0.17305054030112021,0.2090743206003192,0.03602378029919897,False,False,0.0005660999995598104,3.1442039750904343,True,154857270.5559885,16.384609284942755,15.724609284942755,0.66,9451386.228556596,97f46d82b77de6e59ef8ab8e7ce8359dbe4c0c55aed2dc4dce5986e86a01625e,89113983e2df437e5e691db85dd319b3485139862b54f5f4adb8cbe725000bc2,3fdcde62a8b165f3945b44f363245259321fbbbf6299c21dae79c02d0a1b1d80,255010756
60001,medium,0.995,9,0.9,static,8e7e514acdcceaf4315158017b9223f44ea1a6235d85b087ecd22caed333e967,,0.044178314208984375,False,static_baseline,0.18550910233658513,0.036406376347869064,0.2219154786844542,0.03976048278808594,0.03976048278808594,False,False,REUSE,0.0,0.0,0,0,0,0,0,0,0,0,0,0.0,0.0,0.0,0.0,1.2634684865409662,journal_results\exp1b_drift\smoke\20261003T215138172054_5ea5a964067d\drift_rate.json,bf7a0983fca86a56b860b8c44b7dce0596baa834595c63fc63116beffb05b90c,0.95,,,,,8e7e514acdcceaf4315158017b9223f44ea1a6235d85b087ecd22caed333e967,0.03070948698421103,"{""source"": ""journal_results\\exp1_csi\\smoke\\20261003T215134958149_e258dc1b485d\\joint_radius.json"", ""sha256"": ""e367c659e9ff5c33ba76b5aed776e6d356dae00502ac867535f609958ff26a8f"", ""quantile"": 0.99, ""scope_fingerprint"": ""3080a6c61690f2af638ad0b379044abc6a35745d85d5738086bc4095287eae88"", ""interpretation"": ""Offline maximum over calibration seeds of empirical all-user joint relative-error quantiles (per seed: max over phase profiles). This is an empirical offline calibration radius based on finite calibration drops; it is not a deterministic future-horizon guarantee and not a robust certificate.""}",0.044178314208984375,0.03070948698421103,0,VALIDATED,0.18550910233658513,0.2219154786844542,0.036406376347869064,False,False,0.0005387000019254629,2.962430507914747,True,151410096.75114995,16.384609284942755,15.724609284942755,0.66,9240995.260734957,97f46d82b77de6e59ef8ab8e7ce8359dbe4c0c55aed2dc4dce5986e86a01625e,89113983e2df437e5e691db85dd319b3485139862b54f5f4adb8cbe725000bc2,03109d73988001e72c829acc36f488515c2ba8c419d0128597e1296ceb19e46f,1758283405
60001,fast,0.95,0,0.0,certificate_triggered,,8e7e514acdcceaf4315158017b9223f44ea1a6235d85b087ecd22caed333e967,,True,initial_design,0.0,0.0,0.0,0.0,0.0,True,False,SELECTED,0.00032,0.001,27,32,1,618,201,165,0,0,22,0.005002000001695706,35.91359389999343,31.870467999993707,0.0,3.761390693776334,journal_results\exp1b_drift\smoke\20261003T215138172054_5ea5a964067d\drift_rate.json,bf7a0983fca86a56b860b8c44b7dce0596baa834595c63fc63116beffb05b90c,0.95,0.002334595501668739,0.02334595501668739,,,8e7e514acdcceaf4315158017b9223f44ea1a6235d85b087ecd22caed333e967,0.03070948698421103,"{""source"": ""journal_results\\exp1_csi\\smoke\\20261003T215134958149_e258dc1b485d\\joint_radius.json"", ""sha256"": ""e367c659e9ff5c33ba76b5aed776e6d356dae00502ac867535f609958ff26a8f"", ""quantile"": 0.99, ""scope_fingerprint"": ""3080a6c61690f2af638ad0b379044abc6a35745d85d5738086bc4095287eae88"", ""interpretation"": ""Offline maximum over calibration seeds of empirical all-user joint relative-error quantiles (per seed: max over phase profiles). This is an empirical offline calibration radius based on finite calibration drops; it is not a deterministic future-horizon guarantee and not a robust certificate.""}",0.044178314208984375,0.03070948698421103,0,VALIDATED,0.0,0.03070948698421103,0.03070948698421103,True,True,35.932284000002255,6.460471358754873,True,175024208.8610796,16.384609284942755,15.724609284942755,0.66,10682232.68661796,1467e75226da0c837eb9c084f1a1ccf9a42e7e2188204f1804994d959138d0a8,9a0e303a7d233baece247817789b41547557ae394381292530099cc56f3876fa,b9dc0687863836196db7c50121290e1133ef397be27eac408d9d38963403614d,232208054
60001,fast,0.95,1,0.1,certificate_triggered,8e7e514acdcceaf4315158017b9223f44ea1a6235d85b087ecd22caed333e967,949fb5ab45c078bf1d0fd96a87dedf25f05644ea79ceb69d00be42cbf2b0a579,0.044178314208984375,True,certificate_threshold,0.19652124929493414,0.036744553731554705,0.23326580302648886,0.03976048278808594,0.03976048278808594,True,True,SELECTED,0.00029,0.001,23,29,1,624,208,172,0,0,35,0.008994100004201755,44.96007679999457,40.79794059996857,0.0,3.761390693776334,journal_results\exp1b_drift\smoke\20261003T215138172054_5ea5a964067d\drift_rate.json,bf7a0983fca86a56b860b8c44b7dce0596baa834595c63fc63116beffb05b90c,0.95,0.006608377693320959,0.06608377693320959,0.1,1,949fb5ab45c078bf1d0fd96a87dedf25f05644ea79ceb69d00be42cbf2b0a579,0.03070948698421103,"{""source"": ""journal_results\\exp1_csi\\smoke\\20261003T215134958149_e258dc1b485d\\joint_radius.json"", ""sha256"": ""e367c659e9ff5c33ba76b5aed776e6d356dae00502ac867535f609958ff26a8f"", ""quantile"": 0.99, ""scope_fingerprint"": ""3080a6c61690f2af638ad0b379044abc6a35745d85d5738086bc4095287eae88"", ""interpretation"": ""Offline maximum over calibration seeds of empirical all-user joint relative-error quantiles (per seed: max over phase profiles). This is an empirical offline calibration radius based on finite calibration drops; it is not a deterministic future-horizon guarantee and not a robust certificate.""}",0.06258834838867187,0.03070948698421103,1,VALIDATED,0.0,0.03070948698421103,0.03070948698421103,True,True,44.982769800000824,10.640620385485919,True,213240446.55312777,17.15421726581773,16.498217265817733,0.656,12430788.49059702,1467e75226da0c837eb9c084f1a1ccf9a42e7e2188204f1804994d959138d0a8,9a0e303a7d233baece247817789b41547557ae394381292530099cc56f3876fa,59372a812f07e520d9ac5ad7b85c3292fc3026460d9f8199c32c27c51e8f0852,3411377875
60001,fast,0.95,2,0.2,certificate_triggered,949fb5ab45c078bf1d0fd96a87dedf25f05644ea79ceb69d00be42cbf2b0a579,72bd9761fd9cf687f49229bd6e9b2bfe14c5cf913fc1a428bba099bc56719c29,0.06258834838867187,True,certificate_threshold,0.47408517288418084,0.045268399430305216,0.5193535723144861,0.056329513549804686,0.056329513549804686,True,True,SELECTED,0.00031,0.001,23,31,1,522,206,170,0,0,34,0.0057732999994186684,42.20821619999697,38.864772299970355,0.0,3.761390693776334,journal_results\exp1b_drift\smoke\20261003T215138172054_5ea5a964067d\drift_rate.json,bf7a0983fca86a56b860b8c44b7dce0596baa834595c63fc63116beffb05b90c,0.95,0.000525025000130024,0.005250250001300239,0.1,1,72bd9761fd9cf687f49229bd6e9b2bfe14c5cf913fc1a428bba099bc56719c29,0.03070948698421103,"{""source"": ""journal_results\\exp1_csi\\smoke\\20261003T215134958149_e258dc1b485d\\joint_radius.json"", ""sha256"": ""e367c659e9ff5c33ba76b5aed776e6d356dae00502ac867535f609958ff26a8f"", ""quantile"": 0.99, ""scope_fingerprint"": ""3080a6c61690f2af638ad0b379044abc6a35745d85d5738086bc4095287eae88"", ""interpretation"": ""Offline maximum over calibration seeds of empirical all-user joint relative-error quantiles (per seed: max over phase profiles). This is an empirical offline calibration radius based on finite calibration drops; it is not a deterministic future-horizon guarantee and not a robust certificate.""}",0.03638328552246095,0.03070948698421103,2,VALIDATED,0.0,0.03070948698421103,0.03070948698421103,True,True,42.22714300000007,4.4718360752217725,True,147696356.45285958,15.498544202931827,14.822544202931827,0.676,9529692.241992649,1467e75226da0c837eb9c084f1a1ccf9a42e7e2188204f1804994d959138d0a8,9a0e303a7d233baece247817789b41547557ae394381292530099cc56f3876fa,e7144c71bce6da55d4d696e1702cd9867f50af74132346e759d007b674a998b7,1327477118
60001,fast,0.95,3,0.30000000000000004,certificate_triggered,72bd9761fd9cf687f49229bd6e9b2bfe14c5cf913fc1a428bba099bc56719c29,7d2d33663208756bca0f36b68ac2cb2624d1ab361cd160f16ee33471719c2006,0.03638328552246095,True,certificate_threshold,0.19189072196295873,0.03660235261272336,0.22849307457568208,0.03274495697021486,0.03274495697021486,True,True,SELECTED,0.00032,0.001,24,32,1,618,222,186,0,0,33,0.006365499997627921,46.65042790000007,42.587832399971376,0.0,3.761390693776334,journal_results\exp1b_drift\smoke\20261003T215138172054_5ea5a964067d\drift_rate.json,bf7a0983fca86a56b860b8c44b7dce0596baa834595c63fc63116beffb05b90c,0.95,0.004002742111351781,0.04002742111351781,0.1,1,7d2d33663208756bca0f36b68ac2cb2624d1ab361cd160f16ee33471719c2006,0.03070948698421103,"{""source"": ""journal_results\\exp1_csi\\smoke\\20261003T215134958149_e258dc1b485d\\joint_radius.json"", ""sha256"": ""e367c659e9ff5c33ba76b5aed776e6d356dae00502ac867535f609958ff26a8f"", ""quantile"": 0.99, ""scope_fingerprint"": ""3080a6c61690f2af638ad0b379044abc6a35745d85d5738086bc4095287eae88"", ""interpretation"": ""Offline maximum over calibration seeds of empirical all-user joint relative-error quantiles (per seed: max over phase profiles). This is an empirical offline calibration radius based on finite calibration drops; it is not a deterministic future-horizon guarantee and not a robust certificate.""}",0.05136413574218751,0.03070948698421103,3,VALIDATED,0.0,0.03070948698421103,0.03070948698421103,True,True,46.66909759999908,7.65571129730635,True,187820175.21151122,16.281292124422524,15.613292124422525,0.668,11535950.20445424,1467e75226da0c837eb9c084f1a1ccf9a42e7e2188204f1804994d959138d0a8,9a0e303a7d233baece247817789b41547557ae394381292530099cc56f3876fa,86d491c2a8bc19db1c8c687772aa65f3c1534b2534357eb2e8cdce70754bf1c5,53028105
60001,fast,0.95,4,0.4,certificate_triggered,7d2d33663208756bca0f36b68ac2cb2624d1ab361cd160f16ee33471719c2006,3357be9925d5d5db9f5f36f4eb312cba08319c73078f86fcbdcb8212f7378254,0.05136413574218751,True,certificate_threshold,0.26755441258025564,0.03892594573491261,0.30648035831516823,0.04622772216796876,0.04622772216796876,True,True,SELECTED,0.00031,0.001,22,31,1,624,237,201,0,0,34,0.005039100000431063,47.33721900000455,43.556925399992906,0.0,3.761390693776334,journal_results\exp1b_drift\smoke\20261003T215138172054_5ea5a964067d\drift_rate.json,bf7a0983fca86a56b860b8c44b7dce0596baa834595c63fc63116beffb05b90c,0.95,0.003931897331461646,0.03931897331461645,0.1,1,3357be9925d5d5db9f5f36f4eb312cba08319c73078f86fcbdcb8212f7378254,0.03070948698421103,"{""source"": ""journal_results\\exp1_csi\\smoke\\20261003T215134958149_e258dc1b485d\\joint_radius.json"", ""sha256"": ""e367c659e9ff5c33ba76b5aed776e6d356dae00502ac867535f609958ff26a8f"", ""quantile"": 0.99, ""scope_fingerprint"": ""3080a6c61690f2af638ad0b379044abc6a35745d85d5738086bc4095287eae88"", ""interpretation"": ""Offline maximum over calibration seeds of empirical all-user joint relative-error quantiles (per seed: max over phase profiles). This is an empirical offline calibration radius based on finite calibration drops; it is not a deterministic future-horizon guarantee and not a robust certificate.""}",0.051058959960937504,0.03070948698421103,4,VALIDATED,0.0,0.03070948698421103,0.03070948698421103,True,True,47.35507610000059,10.65765954672556,True,213526478.68229166,17.145976505524846,16.489976505524847,0.656,12453445.192432655,1467e75226da0c837eb9c084f1a1ccf9a42e7e2188204f1804994d959138d0a8,9a0e303a7d233baece247817789b41547557ae394381292530099cc56f3876fa,b5af87a16334d00c9d7d4e004acf3cc55911377dda67a7dd9fef2c5c2871e900,3753443394
60001,fast,0.95,5,0.5,certificate_triggered,3357be9925d5d5db9f5f36f4eb312cba08319c73078f86fcbdcb8212f7378254,05b7a9fabc5de038454cdded81fa78c30945dae00fb58f907b3007b290652730,0.051058959960937504,True,certificate_threshold,0.1956178158808101,0.03671680975488256,0.23233462563569265,0.045953063964843756,0.045953063964843756,True,True,SELECTED,0.00037000000000000005,0.001,27,37,1,630,206,170,0,0,40,0.005650899998727255,49.41177070000049,45.66345040000306,0.0,3.761390693776334,journal_results\exp1b_drift\smoke\20261003T215138172054_5ea5a964067d\drift_rate.json,bf7a0983fca86a56b860b8c44b7dce0596baa834595c63fc63116beffb05b90c,0.95,0.004845794992044372,0.048457949920443714,0.1,1,05b7a9fabc5de038454cdded81fa78c30945dae00fb58f907b3007b290652730,0.03070948698421103,"{""source"": ""journal_results\\exp1_csi\\smoke\\20261003T215134958149_e258dc1b485d\\joint_radius.json"", ""sha256"": ""e367c659e9ff5c33ba76b5aed776e6d356dae00502ac867535f609958ff26a8f"", ""quantile"": 0.99, ""scope_fingerprint"": ""3080a6c61690f2af638ad0b379044abc6a35745d85d5738086bc4095287eae88"", ""interpretation"": ""Offline maximum over calibration seeds of empirical all-user joint relative-error quantiles (per seed: max over phase profiles). This is an empirical offline calibration radius based on finite calibration drops; it is not a deterministic future-horizon guarantee and not a robust certificate.""}",0.0549957275390625,0.03070948698421103,5,VALIDATED,0.0,0.03070948698421103,0.03070948698421103,True,True,49.42913309999858,5.920281088944869,True,168356344.02561453,16.232633954139793,15.588633954139794,0.644,10371474.185967138,1467e75226da0c837eb9c084f1a1ccf9a42e7e2188204f1804994d959138d0a8,9a0e303a7d233baece247817789b41547557ae394381292530099cc56f3876fa,ffd0e4da310bf4b863deccf86f40d7a58760813d928121995af6141dbb23b32c,493640352
60001,fast,0.95,6,0.6000000000000001,certificate_triggered,05b7a9fabc5de038454cdded81fa78c30945dae00fb58f907b3007b290652730,071a855d3201db30ad42904dd66d6359ab0d541aaeaf0e631d73704f56868567,0.0549957275390625,True,certificate_threshold,0.3236494291631918,0.0406485949165454,0.36429802407973716,0.049496154785156246,0.049496154785156246,True,True,SELECTED,0.00029,0.001,23,29,1,522,217,181,0,0,32,0.005641799998556962,49.21958120000636,45.56410710000637,0.0,3.761390693776334,journal_results\exp1b_drift\smoke\20261003T215138172054_5ea5a964067d\drift_rate.json,bf7a0983fca86a56b860b8c44b7dce0596baa834595c63fc63116beffb05b90c,0.95,0.0018168618502316406,0.018168618502316405,0.1,1,071a855d3201db30ad42904dd66d6359ab0d541aaeaf0e631d73704f56868567,0.03070948698421103,"{""source"": ""journal_results\\exp1_csi\\smoke\\20261003T215134958149_e258dc1b485d\\joint_radius.json"", ""sha256"": ""e367c659e9ff5c33ba76b5aed776e6d356dae00502ac867535f609958ff26a8f"", ""quantile"": 0.99, ""scope_fingerprint"": ""3080a6c61690f2af638ad0b379044abc6a35745d85d5738086bc4095287eae88"", ""interpretation"": ""Offline maximum over calibration seeds of empirical all-user joint relative-error quantiles (per seed: max over phase profiles). This is an empirical offline calibration radius based on finite calibration drops; it is not a deterministic future-horizon guarantee and not a robust certificate.""}",0.04194808959960938,0.03070948698421103,6,VALIDATED,0.0,0.03070948698421103,0.03070948698421103,True,True,49.23994750000202,4.487852902696139,True,147825498.19097465,15.782095050015444,15.110095050015444,0.672,9366658.718154786,1467e75226da0c837eb9c084f1a1ccf9a42e7e2188204f1804994d959138d0a8,9a0e303a7d233baece247817789b41547557ae394381292530099cc56f3876fa,889720156bb2d131c822056b6887030b54a819f53b16a754e35d07bbaa0f40fa,1191807485
60001,fast,0.95,7,0.7000000000000001,certificate_triggered,071a855d3201db30ad42904dd66d6359ab0d541aaeaf0e631d73704f56868567,296aac9b57f7580b81a02547e0bc0b78c341d11a849797d42f3054402431fd6b,0.04194808959960938,True,certificate_threshold,0.2969179331069559,0.03982768438633793,0.33674561749329385,0.03775328063964844,0.03775328063964844,True,True,SELECTED,0.00036,0.001,24,36,1,606,201,165,0,0,14,0.006214800003363052,36.54339770000661,32.42534419997537,0.0,3.761390693776334,journal_results\exp1b_drift\smoke\20261003T215138172054_5ea5a964067d\drift_rate.json,bf7a0983fca86a56b860b8c44b7dce0596baa834595c63fc63116beffb05b90c,0.95,0.006298732871616157,0.06298732871616157,0.1,1,296aac9b57f7580b81a02547e0bc0b78c341d11a849797d42f3054402431fd6b,0.03070948698421103,"{""source"": ""journal_results\\exp1_csi\\smoke\\20261003T215134958149_e258dc1b485d\\joint_radius.json"", ""sha256"": ""e367c659e9ff5c33ba76b5aed776e6d356dae00502ac867535f609958ff26a8f"", ""quantile"": 0.99, ""scope_fingerprint"": ""3080a6c61690f2af638ad0b379044abc6a35745d85d5738086bc4095287eae88"", ""interpretation"": ""Offline maximum over calibration seeds of empirical all-user joint relative-error quantiles (per seed: max over phase profiles). This is an empirical offline calibration radius based on finite calibration drops; it is not a deterministic future-horizon guarantee and not a robust certificate.""}",0.06125450134277344,0.03070948698421103,7,VALIDATED,0.0,0.03070948698421103,0.03070948698421103,True,True,36.562736899999436,17.64276077257553,True,254744833.08480033,19.163163068906385,18.515163068906386,0.648,13293464.767209658,1467e75226da0c837eb9c084f1a1ccf9a42e7e2188204f1804994d959138d0a8,9a0e303a7d233baece247817789b41547557ae394381292530099cc56f3876fa,843d40dc49f6da181bd534ecd19fdc07a69242c4a524d48a9a820fc84027c92a,3964375408
60001,fast,0.95,8,0.8,certificate_triggered,296aac9b57f7580b81a02547e0bc0b78c341d11a849797d42f3054402431fd6b,493a2b5c0b693200563ecb96ef9b2b4f58b904826f2067e2de23c57e32c2b476,0.06125450134277344,True,certificate_threshold,0.3631414785867831,0.04186137549429899,0.40500285408108205,0.055129051208496094,0.055129051208496094,True,True,SELECTED,0.00032,0.001,26,32,1,618,257,221,0,0,33,0.007849700006772764,49.297775200000615,45.376444099991204,0.0,3.761390693776334,journal_results\exp1b_drift\smoke\20261003T215138172054_5ea5a964067d\drift_rate.json,bf7a0983fca86a56b860b8c44b7dce0596baa834595c63fc63116beffb05b90c,0.95,0.0020040514698963473,0.020040514698963473,0.1,1,493a2b5c0b693200563ecb96ef9b2b4f58b904826f2067e2de23c57e32c2b476,0.03070948698421103,"{""source"": ""journal_results\\exp1_csi\\smoke\\20261003T215134958149_e258dc1b485d\\joint_radius.json"", ""sha256"": ""e367c659e9ff5c33ba76b5aed776e6d356dae00502ac867535f609958ff26a8f"", ""quantile"": 0.99, ""scope_fingerprint"": ""3080a6c61690f2af638ad0b379044abc6a35745d85d5738086bc4095287eae88"", ""interpretation"": ""Offline maximum over calibration seeds of empirical all-user joint relative-error quantiles (per seed: max over phase profiles). This is an empirical offline calibration radius based on finite calibration drops; it is not a deterministic future-horizon guarantee and not a robust certificate.""}",0.042754440307617186,0.03070948698421103,8,VALIDATED,0.0,0.03070948698421103,0.03070948698421103,True,True,49.3215667000004,10.870458161125969,True,214782050.59932855,17.47833599546156,16.83033599546156,0.648,12288472.464146418,1467e75226da0c837eb9c084f1a1ccf9a42e7e2188204f1804994d959138d0a8,9a0e303a7d233baece247817789b41547557ae394381292530099cc56f3876fa,b7b17fab5589279b5d56de8dc64f67e41f167885774d6ff95d42120edc4b853f,255010756
60001,fast,0.95,9,0.9,certificate_triggered,493a2b5c0b693200563ecb96ef9b2b4f58b904826f2067e2de23c57e32c2b476,b8af58f15a5c41f381f45be338be72557d8235bfb47c2d5cb5249151adc00e60,0.042754440307617186,True,certificate_threshold,0.2832210033063711,0.03940705869890322,0.32262806200527433,0.03847899627685547,0.03847899627685547,True,True,SELECTED,0.00035000000000000005,0.001,26,35,1,618,155,119,0,0,5,0.007171999994170619,27.888506799994502,23.395893599972624,0.0,3.761390693776334,journal_results\exp1b_drift\smoke\20261003T215138172054_5ea5a964067d\drift_rate.json,bf7a0983fca86a56b860b8c44b7dce0596baa834595c63fc63116beffb05b90c,0.95,0.007051600347508615,0.07051600347508614,0.1,1,b8af58f15a5c41f381f45be338be72557d8235bfb47c2d5cb5249151adc00e60,0.03070948698421103,"{""source"": ""journal_results\\exp1_csi\\smoke\\20261003T215134958149_e258dc1b485d\\joint_radius.json"", ""sha256"": ""e367c659e9ff5c33ba76b5aed776e6d356dae00502ac867535f609958ff26a8f"", ""quantile"": 0.99, ""scope_fingerprint"": ""3080a6c61690f2af638ad0b379044abc6a35745d85d5738086bc4095287eae88"", ""interpretation"": ""Offline maximum over calibration seeds of empirical all-user joint relative-error quantiles (per seed: max over phase profiles). This is an empirical offline calibration radius based on finite calibration drops; it is not a deterministic future-horizon guarantee and not a robust certificate.""}",0.0644976043701172,0.03070948698421103,9,VALIDATED,0.0,0.03070948698421103,0.03070948698421103,True,True,27.906547900001897,6.528544378370615,True,175533838.1792174,15.913484932992938,15.29348493299294,0.62,11030508.962577298,1467e75226da0c837eb9c084f1a1ccf9a42e7e2188204f1804994d959138d0a8,9a0e303a7d233baece247817789b41547557ae394381292530099cc56f3876fa,ba556ea6c959923c2a6e22ee5845cf17ae32da514da3fae4ce514f4bc422f560,1758283405
60001,fast,0.95,0,0.0,static,,8e7e514acdcceaf4315158017b9223f44ea1a6235d85b087ecd22caed333e967,,True,initial_design,0.0,0.0,0.0,0.0,0.0,True,False,SELECTED,0.00032,0.001,27,32,1,618,201,165,0,0,22,0.005858600001374725,38.048219499996776,33.64717649999875,0.0,3.761390693776334,journal_results\exp1b_drift\smoke\20261003T215138172054_5ea5a964067d\drift_rate.json,bf7a0983fca86a56b860b8c44b7dce0596baa834595c63fc63116beffb05b90c,0.95,0.002334595501668739,0.02334595501668739,,,8e7e514acdcceaf4315158017b9223f44ea1a6235d85b087ecd22caed333e967,0.03070948698421103,"{""source"": ""journal_results\\exp1_csi\\smoke\\20261003T215134958149_e258dc1b485d\\joint_radius.json"", ""sha256"": ""e367c659e9ff5c33ba76b5aed776e6d356dae00502ac867535f609958ff26a8f"", ""quantile"": 0.99, ""scope_fingerprint"": ""3080a6c61690f2af638ad0b379044abc6a35745d85d5738086bc4095287eae88"", ""interpretation"": ""Offline maximum over calibration seeds of empirical all-user joint relative-error quantiles (per seed: max over phase profiles). This is an empirical offline calibration radius based on finite calibration drops; it is not a deterministic future-horizon guarantee and not a robust certificate.""}",0.044178314208984375,0.03070948698421103,0,VALIDATED,0.0,0.03070948698421103,0.03070948698421103,True,True,38.066826300000685,6.460471358754873,True,175024208.8610796,16.384609284942755,15.724609284942755,0.66,10682232.68661796,1467e75226da0c837eb9c084f1a1ccf9a42e7e2188204f1804994d959138d0a8,9a0e303a7d233baece247817789b41547557ae394381292530099cc56f3876fa,b9dc0687863836196db7c50121290e1133ef397be27eac408d9d38963403614d,232208054
60001,fast,0.95,1,0.1,static,8e7e514acdcceaf4315158017b9223f44ea1a6235d85b087ecd22caed333e967,,0.044178314208984375,False,static_baseline,0.19652124929493414,0.036744553731554705,0.23326580302648886,0.03976048278808594,0.03976048278808594,False,False,REUSE,0.0,0.0,0,0,0,0,0,0,0,0,0,0.0,0.0,0.0,0.0,3.761390693776334,journal_results\exp1b_drift\smoke\20261003T215138172054_5ea5a964067d\drift_rate.json,bf7a0983fca86a56b860b8c44b7dce0596baa834595c63fc63116beffb05b90c,0.95,,,,,8e7e514acdcceaf4315158017b9223f44ea1a6235d85b087ecd22caed333e967,0.03070948698421103,"{""source"": ""journal_results\\exp1_csi\\smoke\\20261003T215134958149_e258dc1b485d\\joint_radius.json"", ""sha256"": ""e367c659e9ff5c33ba76b5aed776e6d356dae00502ac867535f609958ff26a8f"", ""quantile"": 0.99, ""scope_fingerprint"": ""3080a6c61690f2af638ad0b379044abc6a35745d85d5738086bc4095287eae88"", ""interpretation"": ""Offline maximum over calibration seeds of empirical all-user joint relative-error quantiles (per seed: max over phase profiles). This is an empirical offline calibration radius based on finite calibration drops; it is not a deterministic future-horizon guarantee and not a robust certificate.""}",0.044178314208984375,0.03070948698421103,0,VALIDATED,0.19652124929493414,0.23326580302648886,0.036744553731554705,False,False,0.000596199999563396,3.3549079694923156,True,154359368.662908,16.384609284942755,15.724609284942755,0.66,9420997.838792669,1467e75226da0c837eb9c084f1a1ccf9a42e7e2188204f1804994d959138d0a8,9a0e303a7d233baece247817789b41547557ae394381292530099cc56f3876fa,59372a812f07e520d9ac5ad7b85c3292fc3026460d9f8199c32c27c51e8f0852,3411377875
60001,fast,0.95,2,0.2,static,8e7e514acdcceaf4315158017b9223f44ea1a6235d85b087ecd22caed333e967,,0.044178314208984375,False,static_baseline,0.25181399675180877,0.03844256563990286,0.2902565623917116,0.03976048278808594,0.03976048278808594,False,False,REUSE,0.0,0.0,0,0,0,0,0,0,0,0,0,0.0,0.0,0.0,0.0,3.761390693776334,journal_results\exp1b_drift\smoke\20261003T215138172054_5ea5a964067d\drift_rate.json,bf7a0983fca86a56b860b8c44b7dce0596baa834595c63fc63116beffb05b90c,0.95,,,,,8e7e514acdcceaf4315158017b9223f44ea1a6235d85b087ecd22caed333e967,0.03070948698421103,"{""source"": ""journal_results\\exp1_csi\\smoke\\20261003T215134958149_e258dc1b485d\\joint_radius.json"", ""sha256"": ""e367c659e9ff5c33ba76b5aed776e6d356dae00502ac867535f609958ff26a8f"", ""quantile"": 0.99, ""scope_fingerprint"": ""3080a6c61690f2af638ad0b379044abc6a35745d85d5738086bc4095287eae88"", ""interpretation"": ""Offline maximum over calibration seeds of empirical all-user joint relative-error quantiles (per seed: max over phase profiles). This is an empirical offline calibration radius based on finite calibration drops; it is not a deterministic future-horizon guarantee and not a robust certificate.""}",0.044178314208984375,0.03070948698421103,0,VALIDATED,0.25181399675180877,0.2902565623917116,0.03844256563990286,False,False,0.0005711999983759597,2.5504616691551845,True,149729298.03772098,16.384609284942755,15.724609284942755,0.66,9138411.263509365,1467e75226da0c837eb9c084f1a1ccf9a42e7e2188204f1804994d959138d0a8,9a0e303a7d233baece247817789b41547557ae394381292530099cc56f3876fa,e7144c71bce6da55d4d696e1702cd9867f50af74132346e759d007b674a998b7,1327477118
60001,fast,0.95,3,0.30000000000000004,static,8e7e514acdcceaf4315158017b9223f44ea1a6235d85b087ecd22caed333e967,,0.044178314208984375,False,static_baseline,0.32390970842786154,0.04065658795923603,0.3645662963870976,0.03976048278808594,0.03976048278808594,False,False,REUSE,0.0,0.0,0,0,0,0,0,0,0,0,0,0.0,0.0,0.0,0.0,3.761390693776334,journal_results\exp1b_drift\smoke\20261003T215138172054_5ea5a964067d\drift_rate.json,bf7a0983fca86a56b860b8c44b7dce0596baa834595c63fc63116beffb05b90c,0.95,,,,,8e7e514acdcceaf4315158017b9223f44ea1a6235d85b087ecd22caed333e967,0.03070948698421103,"{""source"": ""journal_results\\exp1_csi\\smoke\\20261003T215134958149_e258dc1b485d\\joint_radius.json"", ""sha256"": ""e367c659e9ff5c33ba76b5aed776e6d356dae00502ac867535f609958ff26a8f"", ""quantile"": 0.99, ""scope_fingerprint"": ""3080a6c61690f2af638ad0b379044abc6a35745d85d5738086bc4095287eae88"", ""interpretation"": ""Offline maximum over calibration seeds of empirical all-user joint relative-error quantiles (per seed: max over phase profiles). This is an empirical offline calibration radius based on finite calibration drops; it is not a deterministic future-horizon guarantee and not a robust certificate.""}",0.044178314208984375,0.03070948698421103,0,VALIDATED,0.32390970842786154,0.3645662963870976,0.04065658795923603,False,False,0.0005450999997265171,2.8291992721480477,True,136564164.487121,16.384609284942755,15.724609284942755,0.66,8334905.160821973,1467e75226da0c837eb9c084f1a1ccf9a42e7e2188204f1804994d959138d0a8,9a0e303a7d233baece247817789b41547557ae394381292530099cc56f3876fa,86d491c2a8bc19db1c8c687772aa65f3c1534b2534357eb2e8cdce70754bf1c5,53028105
60001,fast,0.95,4,0.4,static,8e7e514acdcceaf4315158017b9223f44ea1a6235d85b087ecd22caed333e967,,0.044178314208984375,False,static_baseline,0.2974166043674939,0.03984299832492283,0.3372596026924167,0.03976048278808594,0.03976048278808594,False,False,REUSE,0.0,0.0,0,0,0,0,0,0,0,0,0,0.0,0.0,0.0,0.0,3.761390693776334,journal_results\exp1b_drift\smoke\20261003T215138172054_5ea5a964067d\drift_rate.json,bf7a0983fca86a56b860b8c44b7dce0596baa834595c63fc63116beffb05b90c,0.95,,,,,8e7e514acdcceaf4315158017b9223f44ea1a6235d85b087ecd22caed333e967,0.03070948698421103,"{""source"": ""journal_results\\exp1_csi\\smoke\\20261003T215134958149_e258dc1b485d\\joint_radius.json"", ""sha256"": ""e367c659e9ff5c33ba76b5aed776e6d356dae00502ac867535f609958ff26a8f"", ""quantile"": 0.99, ""scope_fingerprint"": ""3080a6c61690f2af638ad0b379044abc6a35745d85d5738086bc4095287eae88"", ""interpretation"": ""Offline maximum over calibration seeds of empirical all-user joint relative-error quantiles (per seed: max over phase profiles). This is an empirical offline calibration radius based on finite calibration drops; it is not a deterministic future-horizon guarantee and not a robust certificate.""}",0.044178314208984375,0.03070948698421103,0,VALIDATED,0.2974166043674939,0.3372596026924167,0.03984299832492283,False,False,0.0005230999995546881,1.950133266621452,False,127200901.6726622,16.384609284942755,15.724609284942755,0.66,7763438.203531542,1467e75226da0c837eb9c084f1a1ccf9a42e7e2188204f1804994d959138d0a8,9a0e303a7d233baece247817789b41547557ae394381292530099cc56f3876fa,b5af87a16334d00c9d7d4e004acf3cc55911377dda67a7dd9fef2c5c2871e900,3753443394
60001,fast,0.95,5,0.5,static,8e7e514acdcceaf4315158017b9223f44ea1a6235d85b087ecd22caed333e967,,0.044178314208984375,False,static_baseline,0.3997175587380648,0.04298460815163824,0.44270216688970304,0.03976048278808594,0.03976048278808594,False,False,REUSE,0.0,0.0,0,0,0,0,0,0,0,0,0,0.0,0.0,0.0,0.0,3.761390693776334,journal_results\exp1b_drift\smoke\20261003T215138172054_5ea5a964067d\drift_rate.json,bf7a0983fca86a56b860b8c44b7dce0596baa834595c63fc63116beffb05b90c,0.95,,,,,8e7e514acdcceaf4315158017b9223f44ea1a6235d85b087ecd22caed333e967,0.03070948698421103,"{""source"": ""journal_results\\exp1_csi\\smoke\\20261003T215134958149_e258dc1b485d\\joint_radius.json"", ""sha256"": ""e367c659e9ff5c33ba76b5aed776e6d356dae00502ac867535f609958ff26a8f"", ""quantile"": 0.99, ""scope_fingerprint"": ""3080a6c61690f2af638ad0b379044abc6a35745d85d5738086bc4095287eae88"", ""interpretation"": ""Offline maximum over calibration seeds of empirical all-user joint relative-error quantiles (per seed: max over phase profiles). This is an empirical offline calibration radius based on finite calibration drops; it is not a deterministic future-horizon guarantee and not a robust certificate.""}",0.044178314208984375,0.03070948698421103,0,VALIDATED,0.3997175587380648,0.44270216688970304,0.04298460815163824,False,False,0.000523599999723956,0.6344812415691233,False,115096323.49816024,16.384609284942755,15.724609284942755,0.66,7024660.856815931,1467e75226da0c837eb9c084f1a1ccf9a42e7e2188204f1804994d959138d0a8,9a0e303a7d233baece247817789b41547557ae394381292530099cc56f3876fa,ffd0e4da310bf4b863deccf86f40d7a58760813d928121995af6141dbb23b32c,493640352
60001,fast,0.95,6,0.6000000000000001,static,8e7e514acdcceaf4315158017b9223f44ea1a6235d85b087ecd22caed333e967,,0.044178314208984375,False,static_baseline,0.4822682734765602,0.04551969825143738,0.5277879717279976,0.03976048278808594,0.03976048278808594,False,False,REUSE,0.0,0.0,0,0,0,0,0,0,0,0,0,0.0,0.0,0.0,0.0,3.761390693776334,journal_results\exp1b_drift\smoke\20261003T215138172054_5ea5a964067d\drift_rate.json,bf7a0983fca86a56b860b8c44b7dce0596baa834595c63fc63116beffb05b90c,0.95,,,,,8e7e514acdcceaf4315158017b9223f44ea1a6235d85b087ecd22caed333e967,0.03070948698421103,"{""source"": ""journal_results\\exp1_csi\\smoke\\20261003T215134958149_e258dc1b485d\\joint_radius.json"", ""sha256"": ""e367c659e9ff5c33ba76b5aed776e6d356dae00502ac867535f609958ff26a8f"", ""quantile"": 0.99, ""scope_fingerprint"": ""3080a6c61690f2af638ad0b379044abc6a35745d85d5738086bc4095287eae88"", ""interpretation"": ""Offline maximum over calibration seeds of empirical all-user joint relative-error quantiles (per seed: max over phase profiles). This is an empirical offline calibration radius based on finite calibration drops; it is not a deterministic future-horizon guarantee and not a robust certificate.""}",0.044178314208984375,0.03070948698421103,0,VALIDATED,0.4822682734765602,0.5277879717279976,0.04551969825143738,False,False,0.0005139999993843958,0.3281137312302151,False,113673912.35245991,16.384609284942755,15.724609284942755,0.66,6937846.998702909,1467e75226da0c837eb9c084f1a1ccf9a42e7e2188204f1804994d959138d0a8,9a0e303a7d233baece247817789b41547557ae394381292530099cc56f3876fa,889720156bb2d131c822056b6887030b54a819f53b16a754e35d07bbaa0f40fa,1191807485
60001,fast,0.95,7,0.7000000000000001,static,8e7e514acdcceaf4315158017b9223f44ea1a6235d85b087ecd22caed333e967,,0.044178314208984375,False,static_baseline,0.4586937994391541,0.04479573824782604,0.5034895376869801,0.03976048278808594,0.03976048278808594,False,False,REUSE,0.0,0.0,0,0,0,0,0,0,0,0,0,0.0,0.0,0.0,0.0,3.761390693776334,journal_results\exp1b_drift\smoke\20261003T215138172054_5ea5a964067d\drift_rate.json,bf7a0983fca86a56b860b8c44b7dce0596baa834595c63fc63116beffb05b90c,0.95,,,,,8e7e514acdcceaf4315158017b9223f44ea1a6235d85b087ecd22caed333e967,0.03070948698421103,"{""source"": ""journal_results\\exp1_csi\\smoke\\20261003T215134958149_e258dc1b485d\\joint_radius.json"", ""sha256"": ""e367c659e9ff5c33ba76b5aed776e6d356dae00502ac867535f609958ff26a8f"", ""quantile"": 0.99, ""scope_fingerprint"": ""3080a6c61690f2af638ad0b379044abc6a35745d85d5738086bc4095287eae88"", ""interpretation"": ""Offline maximum over calibration seeds of empirical all-user joint relative-error quantiles (per seed: max over phase profiles). This is an empirical offline calibration radius based on finite calibration drops; it is not a deterministic future-horizon guarantee and not a robust certificate.""}",0.044178314208984375,0.03070948698421103,0,VALIDATED,0.4586937994391541,0.5034895376869801,0.04479573824782604,False,False,0.0005510000009962823,0.431554220422942,False,105268257.81355366,16.384609284942755,15.724609284942755,0.66,6424825.63867384,1467e75226da0c837eb9c084f1a1ccf9a42e7e2188204f1804994d959138d0a8,9a0e303a7d233baece247817789b41547557ae394381292530099cc56f3876fa,843d40dc49f6da181bd534ecd19fdc07a69242c4a524d48a9a820fc84027c92a,3964375408
60001,fast,0.95,8,0.8,static,8e7e514acdcceaf4315158017b9223f44ea1a6235d85b087ecd22caed333e967,,0.044178314208984375,False,static_baseline,0.473018668102694,0.04523564761559955,0.5182543157182935,0.03976048278808594,0.03976048278808594,False,False,REUSE,0.0,0.0,0,0,0,0,0,0,0,0,0,0.0,0.0,0.0,0.0,3.761390693776334,journal_results\exp1b_drift\smoke\20261003T215138172054_5ea5a964067d\drift_rate.json,bf7a0983fca86a56b860b8c44b7dce0596baa834595c63fc63116beffb05b90c,0.95,,,,,8e7e514acdcceaf4315158017b9223f44ea1a6235d85b087ecd22caed333e967,0.03070948698421103,"{""source"": ""journal_results\\exp1_csi\\smoke\\20261003T215134958149_e258dc1b485d\\joint_radius.json"", ""sha256"": ""e367c659e9ff5c33ba76b5aed776e6d356dae00502ac867535f609958ff26a8f"", ""quantile"": 0.99, ""scope_fingerprint"": ""3080a6c61690f2af638ad0b379044abc6a35745d85d5738086bc4095287eae88"", ""interpretation"": ""Offline maximum over calibration seeds of empirical all-user joint relative-error quantiles (per seed: max over phase profiles). This is an empirical offline calibration radius based on finite calibration drops; it is not a deterministic future-horizon guarantee and not a robust certificate.""}",0.044178314208984375,0.03070948698421103,0,VALIDATED,0.473018668102694,0.5182543157182935,0.04523564761559955,False,False,0.000550900000234833,0.5731637116466441,False,93556226.97436386,16.384609284942755,15.724609284942755,0.66,5710006.588948132,1467e75226da0c837eb9c084f1a1ccf9a42e7e2188204f1804994d959138d0a8,9a0e303a7d233baece247817789b41547557ae394381292530099cc56f3876fa,b7b17fab5589279b5d56de8dc64f67e41f167885774d6ff95d42120edc4b853f,255010756
60001,fast,0.95,9,0.9,static,8e7e514acdcceaf4315158017b9223f44ea1a6235d85b087ecd22caed333e967,,0.044178314208984375,False,static_baseline,0.5080885140776114,0.04631262459410456,0.5544011386717159,0.03976048278808594,0.03976048278808594,False,False,REUSE,0.0,0.0,0,0,0,0,0,0,0,0,0,0.0,0.0,0.0,0.0,3.761390693776334,journal_results\exp1b_drift\smoke\20261003T215138172054_5ea5a964067d\drift_rate.json,bf7a0983fca86a56b860b8c44b7dce0596baa834595c63fc63116beffb05b90c,0.95,,,,,8e7e514acdcceaf4315158017b9223f44ea1a6235d85b087ecd22caed333e967,0.03070948698421103,"{""source"": ""journal_results\\exp1_csi\\smoke\\20261003T215134958149_e258dc1b485d\\joint_radius.json"", ""sha256"": ""e367c659e9ff5c33ba76b5aed776e6d356dae00502ac867535f609958ff26a8f"", ""quantile"": 0.99, ""scope_fingerprint"": ""3080a6c61690f2af638ad0b379044abc6a35745d85d5738086bc4095287eae88"", ""interpretation"": ""Offline maximum over calibration seeds of empirical all-user joint relative-error quantiles (per seed: max over phase profiles). This is an empirical offline calibration radius based on finite calibration drops; it is not a deterministic future-horizon guarantee and not a robust certificate.""}",0.044178314208984375,0.03070948698421103,0,VALIDATED,0.5080885140776114,0.5544011386717159,0.04631262459410456,False,False,0.0006053999968571588,0.5150725668842637,False,87545585.53623684,16.384609284942755,15.724609284942755,0.66,5343159.791835262,1467e75226da0c837eb9c084f1a1ccf9a42e7e2188204f1804994d959138d0a8,9a0e303a7d233baece247817789b41547557ae394381292530099cc56f3876fa,ba556ea6c959923c2a6e22ee5845cf17ae32da514da3fae4ce514f4bc422f560,1758283405
