seed,estimator,N,bits,phase_profile,phase_seed,scope,scope_fingerprint,calibration_seed,estimation_snr_db,nmse_db_target,target_nmse,measured_nmse,measured_nmse_db,sample_count,interpretation,epsilon_90,epsilon_joint_90,epsilon_95,epsilon_joint_95,epsilon_99,epsilon_joint_99,epsilon_est
52001,isotropic_effective,32,2,0,3921498272,"{""L"": 2, ""K"": 3, ""M"": 12, ""N"": 32, ""bits"": 2, ""bs_x"": [-100.0, 100.0], ""bs_y"": [0.0, 0.0], ""ue_center_x"": [-15.0, 15.0], ""ue_center_y"": [0.0, 0.0], ""ue_radius"": 7.0, ""ris_x"": 0.0, ""ris_y"": 0.0, ""c0_db"": -30.0, ""alpha_bu"": 4.5, ""alpha_br"": 2.2, ""alpha_ru"": 2.2, ""rician_k"": 3.0, ""channel_scale"": 100000.0, ""direct_link_attenuation"": 0.25, ""include_direct_intercell"": true, ""inter_ris_attenuation"": 1.0, ""ris_size_model"": ""growing_aperture"", ""ris_reference_N"": 32, ""radius_floor"": 1e-10, ""estimation_snr_db"": 10.0, ""nmse_db"": null}",07d58baf677568b6408a12178b03b7f2717b1255adf53503c918072c8e8148d7,315052475,10.0,,0.1,0.10006561793582526,-9.997151183820723,2000,empirically calibrated per-slot radius; Gaussian errors are unbounded; no deterministic or horizon guarantee,0.3404138164840275,0.3717608134202371,0.3538328153096767,0.38135999576114327,0.3795494482483317,0.402117395672014,0.402117395672014
52001,physical_pilot,32,2,0,3921498272,"{""L"": 2, ""K"": 3, ""M"": 12, ""N"": 32, ""bits"": 2, ""bs_x"": [-100.0, 100.0], ""bs_y"": [0.0, 0.0], ""ue_center_x"": [-15.0, 15.0], ""ue_center_y"": [0.0, 0.0], ""ue_radius"": 7.0, ""ris_x"": 0.0, ""ris_y"": 0.0, ""c0_db"": -30.0, ""alpha_bu"": 4.5, ""alpha_br"": 2.2, ""alpha_ru"": 2.2, ""rician_k"": 3.0, ""channel_scale"": 100000.0, ""direct_link_attenuation"": 0.25, ""include_direct_intercell"": true, ""inter_ris_attenuation"": 1.0, ""ris_size_model"": ""growing_aperture"", ""ris_reference_N"": 32, ""radius_floor"": 1e-10, ""estimation_snr_db"": 10.0, ""nmse_db"": null}",07d58baf677568b6408a12178b03b7f2717b1255adf53503c918072c8e8148d7,315052475,10.0,,0.1,0.14239878791696833,-8.464937073509361,2000,empirically calibrated per-slot radius; Gaussian errors are unbounded; no deterministic or horizon guarantee,0.5672713700213929,0.7100582959004691,0.6254846675946872,0.7565038397312904,0.7480862942426451,0.8718783736346489,0.8718783736346489
52001,isotropic_effective,32,2,0,3921498272,"{""L"": 2, ""K"": 3, ""M"": 12, ""N"": 32, ""bits"": 2, ""bs_x"": [-100.0, 100.0], ""bs_y"": [0.0, 0.0], ""ue_center_x"": [-15.0, 15.0], ""ue_center_y"": [0.0, 0.0], ""ue_radius"": 7.0, ""ris_x"": 0.0, ""ris_y"": 0.0, ""c0_db"": -30.0, ""alpha_bu"": 4.5, ""alpha_br"": 2.2, ""alpha_ru"": 2.2, ""rician_k"": 3.0, ""channel_scale"": 100000.0, ""direct_link_attenuation"": 0.25, ""include_direct_intercell"": true, ""inter_ris_attenuation"": 1.0, ""ris_size_model"": ""growing_aperture"", ""ris_reference_N"": 32, ""radius_floor"": 1e-10, ""estimation_snr_db"": 20.0, ""nmse_db"": null}",345040f061628437e8991ccd8739e4b7528854e57c2ec00c828e1c08d015dc49,1887675603,20.0,,0.01,0.009993858998854346,-20.002667822149732,2000,empirically calibrated per-slot radius; Gaussian errors are unbounded; no deterministic or horizon guarantee,0.11205405289241532,0.12081826183511786,0.1160073334019377,0.12440931385538176,0.12339208241843369,0.13091054327973614,0.13091054327973614
52001,physical_pilot,32,2,0,3921498272,"{""L"": 2, ""K"": 3, ""M"": 12, ""N"": 32, ""bits"": 2, ""bs_x"": [-100.0, 100.0], ""bs_y"": [0.0, 0.0], ""ue_center_x"": [-15.0, 15.0], ""ue_center_y"": [0.0, 0.0], ""ue_radius"": 7.0, ""ris_x"": 0.0, ""ris_y"": 0.0, ""c0_db"": -30.0, ""alpha_bu"": 4.5, ""alpha_br"": 2.2, ""alpha_ru"": 2.2, ""rician_k"": 3.0, ""channel_scale"": 100000.0, ""direct_link_attenuation"": 0.25, ""include_direct_intercell"": true, ""inter_ris_attenuation"": 1.0, ""ris_size_model"": ""growing_aperture"", ""ris_reference_N"": 32, ""radius_floor"": 1e-10, ""estimation_snr_db"": 20.0, ""nmse_db"": null}",345040f061628437e8991ccd8739e4b7528854e57c2ec00c828e1c08d015dc49,1887675603,20.0,,0.01,0.014294832903398252,-18.44820916875158,2000,empirically calibrated per-slot radius; Gaussian errors are unbounded; no deterministic or horizon guarantee,0.20124325704444315,0.2578614212640823,0.22564037224708627,0.27567476504961486,0.2704542830932668,0.3113783847350904,0.3113783847350904
52001,isotropic_effective,32,2,0,3921498272,"{""L"": 2, ""K"": 3, ""M"": 12, ""N"": 32, ""bits"": 2, ""bs_x"": [-100.0, 100.0], ""bs_y"": [0.0, 0.0], ""ue_center_x"": [-15.0, 15.0], ""ue_center_y"": [0.0, 0.0], ""ue_radius"": 7.0, ""ris_x"": 0.0, ""ris_y"": 0.0, ""c0_db"": -30.0, ""alpha_bu"": 4.5, ""alpha_br"": 2.2, ""alpha_ru"": 2.2, ""rician_k"": 3.0, ""channel_scale"": 100000.0, ""direct_link_attenuation"": 0.25, ""include_direct_intercell"": true, ""inter_ris_attenuation"": 1.0, ""ris_size_model"": ""growing_aperture"", ""ris_reference_N"": 32, ""radius_floor"": 1e-10, ""estimation_snr_db"": 30.0, ""nmse_db"": null}",6015bb61bf9007951c65e44e9d000cfca71bbafb116223581c68e5af0ccce872,1531617882,30.0,,0.001,0.001000659415317296,-29.9971371394675,2000,empirically calibrated per-slot radius; Gaussian errors are unbounded; no deterministic or horizon guarantee,0.03557133593115701,0.03835450103621579,0.03680258182138791,0.039297800109061455,0.03902262877865754,0.041082226863708826,0.041082226863708826
52001,physical_pilot,32,2,0,3921498272,"{""L"": 2, ""K"": 3, ""M"": 12, ""N"": 32, ""bits"": 2, ""bs_x"": [-100.0, 100.0], ""bs_y"": [0.0, 0.0], ""ue_center_x"": [-15.0, 15.0], ""ue_center_y"": [0.0, 0.0], ""ue_radius"": 7.0, ""ris_x"": 0.0, ""ris_y"": 0.0, ""c0_db"": -30.0, ""alpha_bu"": 4.5, ""alpha_br"": 2.2, ""alpha_ru"": 2.2, ""rician_k"": 3.0, ""channel_scale"": 100000.0, ""direct_link_attenuation"": 0.25, ""include_direct_intercell"": true, ""inter_ris_attenuation"": 1.0, ""ris_size_model"": ""growing_aperture"", ""ris_reference_N"": 32, ""radius_floor"": 1e-10, ""estimation_snr_db"": 30.0, ""nmse_db"": null}",6015bb61bf9007951c65e44e9d000cfca71bbafb116223581c68e5af0ccce872,1531617882,30.0,,0.001,0.0014139203146400878,-28.495750657069156,2000,empirically calibrated per-slot radius; Gaussian errors are unbounded; no deterministic or horizon guarantee,0.06454493251025231,0.0828101202268565,0.07206982076453582,0.08844075267151981,0.0871673052508323,0.0987609574387015,0.0987609574387015
52001,isotropic_effective,32,2,0,3921498272,"{""L"": 2, ""K"": 3, ""M"": 12, ""N"": 32, ""bits"": 2, ""bs_x"": [-100.0, 100.0], ""bs_y"": [0.0, 0.0], ""ue_center_x"": [-15.0, 15.0], ""ue_center_y"": [0.0, 0.0], ""ue_radius"": 7.0, ""ris_x"": 0.0, ""ris_y"": 0.0, ""c0_db"": -30.0, ""alpha_bu"": 4.5, ""alpha_br"": 2.2, ""alpha_ru"": 2.2, ""rician_k"": 3.0, ""channel_scale"": 100000.0, ""direct_link_attenuation"": 0.25, ""include_direct_intercell"": true, ""inter_ris_attenuation"": 1.0, ""ris_size_model"": ""growing_aperture"", ""ris_reference_N"": 32, ""radius_floor"": 1e-10, ""estimation_snr_db"": 40.0, ""nmse_db"": null}",3080a6c61690f2af638ad0b379044abc6a35745d85d5738086bc4095287eae88,2222091604,40.0,,0.0001,0.00010004137977899733,-39.998203270747574,2000,empirically calibrated per-slot radius; Gaussian errors are unbounded; no deterministic or horizon guarantee,0.011255134734065798,0.012115558968690885,0.011641666912869905,0.012456219921708934,0.012342151875047594,0.013115732115856156,0.013115732115856156
52001,physical_pilot,32,2,0,3921498272,"{""L"": 2, ""K"": 3, ""M"": 12, ""N"": 32, ""bits"": 2, ""bs_x"": [-100.0, 100.0], ""bs_y"": [0.0, 0.0], ""ue_center_x"": [-15.0, 15.0], ""ue_center_y"": [0.0, 0.0], ""ue_radius"": 7.0, ""ris_x"": 0.0, ""ris_y"": 0.0, ""c0_db"": -30.0, ""alpha_bu"": 4.5, ""alpha_br"": 2.2, ""alpha_ru"": 2.2, ""rician_k"": 3.0, ""channel_scale"": 100000.0, ""direct_link_attenuation"": 0.25, ""include_direct_intercell"": true, ""inter_ris_attenuation"": 1.0, ""ris_size_model"": ""growing_aperture"", ""ris_reference_N"": 32, ""radius_floor"": 1e-10, ""estimation_snr_db"": 40.0, ""nmse_db"": null}",3080a6c61690f2af638ad0b379044abc6a35745d85d5738086bc4095287eae88,2222091604,40.0,,0.0001,0.00014259222979967992,-38.45904139610833,2000,empirically calibrated per-slot radius; Gaussian errors are unbounded; no deterministic or horizon guarantee,0.02035196542156321,0.0261171588068463,0.02263915717906029,0.027939851664267025,0.027637555154527337,0.031868654748230876,0.031868654748230876
52001,isotropic_effective,32,2,1,2812832348,"{""L"": 2, ""K"": 3, ""M"": 12, ""N"": 32, ""bits"": 2, ""bs_x"": [-100.0, 100.0], ""bs_y"": [0.0, 0.0], ""ue_center_x"": [-15.0, 15.0], ""ue_center_y"": [0.0, 0.0], ""ue_radius"": 7.0, ""ris_x"": 0.0, ""ris_y"": 0.0, ""c0_db"": -30.0, ""alpha_bu"": 4.5, ""alpha_br"": 2.2, ""alpha_ru"": 2.2, ""rician_k"": 3.0, ""channel_scale"": 100000.0, ""direct_link_attenuation"": 0.25, ""include_direct_intercell"": true, ""inter_ris_attenuation"": 1.0, ""ris_size_model"": ""growing_aperture"", ""ris_reference_N"": 32, ""radius_floor"": 1e-10, ""estimation_snr_db"": 10.0, ""nmse_db"": null}",07d58baf677568b6408a12178b03b7f2717b1255adf53503c918072c8e8148d7,1497876124,10.0,,0.1,0.09948932121336072,-10.02223532188949,2000,empirically calibrated per-slot radius; Gaussian errors are unbounded; no deterministic or horizon guarantee,0.33966526091190913,0.36845178665475053,0.35194883129458693,0.37743886170096963,0.3759327532121529,0.3979698226496214,0.3979698226496214
52001,physical_pilot,32,2,1,2812832348,"{""L"": 2, ""K"": 3, ""M"": 12, ""N"": 32, ""bits"": 2, ""bs_x"": [-100.0, 100.0], ""bs_y"": [0.0, 0.0], ""ue_center_x"": [-15.0, 15.0], ""ue_center_y"": [0.0, 0.0], ""ue_radius"": 7.0, ""ris_x"": 0.0, ""ris_y"": 0.0, ""c0_db"": -30.0, ""alpha_bu"": 4.5, ""alpha_br"": 2.2, ""alpha_ru"": 2.2, ""rician_k"": 3.0, ""channel_scale"": 100000.0, ""direct_link_attenuation"": 0.25, ""include_direct_intercell"": true, ""inter_ris_attenuation"": 1.0, ""ris_size_model"": ""growing_aperture"", ""ris_reference_N"": 32, ""radius_floor"": 1e-10, ""estimation_snr_db"": 10.0, ""nmse_db"": null}",07d58baf677568b6408a12178b03b7f2717b1255adf53503c918072c8e8148d7,1497876124,10.0,,0.1,0.0857680994068758,-10.666742136398677,2000,empirically calibrated per-slot radius; Gaussian errors are unbounded; no deterministic or horizon guarantee,0.4266289903572398,0.5750836248938991,0.48737149120831663,0.6444476466752367,0.6243149912306567,0.7682727684219148,0.7682727684219148
52001,isotropic_effective,32,2,1,2812832348,"{""L"": 2, ""K"": 3, ""M"": 12, ""N"": 32, ""bits"": 2, ""bs_x"": [-100.0, 100.0], ""bs_y"": [0.0, 0.0], ""ue_center_x"": [-15.0, 15.0], ""ue_center_y"": [0.0, 0.0], ""ue_radius"": 7.0, ""ris_x"": 0.0, ""ris_y"": 0.0, ""c0_db"": -30.0, ""alpha_bu"": 4.5, ""alpha_br"": 2.2, ""alpha_ru"": 2.2, ""rician_k"": 3.0, ""channel_scale"": 100000.0, ""direct_link_attenuation"": 0.25, ""include_direct_intercell"": true, ""inter_ris_attenuation"": 1.0, ""ris_size_model"": ""growing_aperture"", ""ris_reference_N"": 32, ""radius_floor"": 1e-10, ""estimation_snr_db"": 20.0, ""nmse_db"": null}",345040f061628437e8991ccd8739e4b7528854e57c2ec00c828e1c08d015dc49,1505290619,20.0,,0.01,0.010012112170605329,-19.994742934223805,2000,empirically calibrated per-slot radius; Gaussian errors are unbounded; no deterministic or horizon guarantee,0.11191353241621112,0.12048513034478019,0.11578314528684988,0.12388368614976739,0.12302252742297473,0.12899137820498627,0.12899137820498627
52001,physical_pilot,32,2,1,2812832348,"{""L"": 2, ""K"": 3, ""M"": 12, ""N"": 32, ""bits"": 2, ""bs_x"": [-100.0, 100.0], ""bs_y"": [0.0, 0.0], ""ue_center_x"": [-15.0, 15.0], ""ue_center_y"": [0.0, 0.0], ""ue_radius"": 7.0, ""ris_x"": 0.0, ""ris_y"": 0.0, ""c0_db"": -30.0, ""alpha_bu"": 4.5, ""alpha_br"": 2.2, ""alpha_ru"": 2.2, ""rician_k"": 3.0, ""channel_scale"": 100000.0, ""direct_link_attenuation"": 0.25, ""include_direct_intercell"": true, ""inter_ris_attenuation"": 1.0, ""ris_size_model"": ""growing_aperture"", ""ris_reference_N"": 32, ""radius_floor"": 1e-10, ""estimation_snr_db"": 20.0, ""nmse_db"": null}",345040f061628437e8991ccd8739e4b7528854e57c2ec00c828e1c08d015dc49,1505290619,20.0,,0.01,0.008566254641884492,-20.672090198388684,2000,empirically calibrated per-slot radius; Gaussian errors are unbounded; no deterministic or horizon guarantee,0.1405340188442209,0.17775330170382292,0.1561088918205782,0.19049913029297347,0.1877036560453008,0.2190645537618896,0.2190645537618896
52001,isotropic_effective,32,2,1,2812832348,"{""L"": 2, ""K"": 3, ""M"": 12, ""N"": 32, ""bits"": 2, ""bs_x"": [-100.0, 100.0], ""bs_y"": [0.0, 0.0], ""ue_center_x"": [-15.0, 15.0], ""ue_center_y"": [0.0, 0.0], ""ue_radius"": 7.0, ""ris_x"": 0.0, ""ris_y"": 0.0, ""c0_db"": -30.0, ""alpha_bu"": 4.5, ""alpha_br"": 2.2, ""alpha_ru"": 2.2, ""rician_k"": 3.0, ""channel_scale"": 100000.0, ""direct_link_attenuation"": 0.25, ""include_direct_intercell"": true, ""inter_ris_attenuation"": 1.0, ""ris_size_model"": ""growing_aperture"", ""ris_reference_N"": 32, ""radius_floor"": 1e-10, ""estimation_snr_db"": 30.0, ""nmse_db"": null}",6015bb61bf9007951c65e44e9d000cfca71bbafb116223581c68e5af0ccce872,1902228769,30.0,,0.001,0.0009990844256113531,-30.00397811045366,2000,empirically calibrated per-slot radius; Gaussian errors are unbounded; no deterministic or horizon guarantee,0.035663976781541824,0.038391554871610396,0.036881106100453,0.039231032423020874,0.0390613916897586,0.041174549400257575,0.041174549400257575
52001,physical_pilot,32,2,1,2812832348,"{""L"": 2, ""K"": 3, ""M"": 12, ""N"": 32, ""bits"": 2, ""bs_x"": [-100.0, 100.0], ""bs_y"": [0.0, 0.0], ""ue_center_x"": [-15.0, 15.0], ""ue_center_y"": [0.0, 0.0], ""ue_radius"": 7.0, ""ris_x"": 0.0, ""ris_y"": 0.0, ""c0_db"": -30.0, ""alpha_bu"": 4.5, ""alpha_br"": 2.2, ""alpha_ru"": 2.2, ""rician_k"": 3.0, ""channel_scale"": 100000.0, ""direct_link_attenuation"": 0.25, ""include_direct_intercell"": true, ""inter_ris_attenuation"": 1.0, ""ris_size_model"": ""growing_aperture"", ""ris_reference_N"": 32, ""radius_floor"": 1e-10, ""estimation_snr_db"": 30.0, ""nmse_db"": null}",6015bb61bf9007951c65e44e9d000cfca71bbafb116223581c68e5af0ccce872,1902228769,30.0,,0.001,0.0008504569270562574,-30.7034767713135,2000,empirically calibrated per-slot radius; Gaussian errors are unbounded; no deterministic or horizon guarantee,0.0439466757549174,0.05502071185044687,0.04874313005536428,0.059023202689210456,0.058249773164878844,0.06821482362528793,0.06821482362528793
52001,isotropic_effective,32,2,1,2812832348,"{""L"": 2, ""K"": 3, ""M"": 12, ""N"": 32, ""bits"": 2, ""bs_x"": [-100.0, 100.0], ""bs_y"": [0.0, 0.0], ""ue_center_x"": [-15.0, 15.0], ""ue_center_y"": [0.0, 0.0], ""ue_radius"": 7.0, ""ris_x"": 0.0, ""ris_y"": 0.0, ""c0_db"": -30.0, ""alpha_bu"": 4.5, ""alpha_br"": 2.2, ""alpha_ru"": 2.2, ""rician_k"": 3.0, ""channel_scale"": 100000.0, ""direct_link_attenuation"": 0.25, ""include_direct_intercell"": true, ""inter_ris_attenuation"": 1.0, ""ris_size_model"": ""growing_aperture"", ""ris_reference_N"": 32, ""radius_floor"": 1e-10, ""estimation_snr_db"": 40.0, ""nmse_db"": null}",3080a6c61690f2af638ad0b379044abc6a35745d85d5738086bc4095287eae88,4109933462,40.0,,0.0001,9.961072785311139e-05,-40.016938865108855,2000,empirically calibrated per-slot radius; Gaussian errors are unbounded; no deterministic or horizon guarantee,0.011251789087445691,0.012136650573549596,0.011622718294475294,0.012410524070381823,0.012358296119482276,0.012862719086292773,0.012862719086292773
52001,physical_pilot,32,2,1,2812832348,"{""L"": 2, ""K"": 3, ""M"": 12, ""N"": 32, ""bits"": 2, ""bs_x"": [-100.0, 100.0], ""bs_y"": [0.0, 0.0], ""ue_center_x"": [-15.0, 15.0], ""ue_center_y"": [0.0, 0.0], ""ue_radius"": 7.0, ""ris_x"": 0.0, ""ris_y"": 0.0, ""c0_db"": -30.0, ""alpha_bu"": 4.5, ""alpha_br"": 2.2, ""alpha_ru"": 2.2, ""rician_k"": 3.0, ""channel_scale"": 100000.0, ""direct_link_attenuation"": 0.25, ""include_direct_intercell"": true, ""inter_ris_attenuation"": 1.0, ""ris_size_model"": ""growing_aperture"", ""ris_reference_N"": 32, ""radius_floor"": 1e-10, ""estimation_snr_db"": 40.0, ""nmse_db"": null}",3080a6c61690f2af638ad0b379044abc6a35745d85d5738086bc4095287eae88,4109933462,40.0,,0.0001,8.566168326290397e-05,-40.67213395914137,2000,empirically calibrated per-slot radius; Gaussian errors are unbounded; no deterministic or horizon guarantee,0.013955665770403983,0.017475132479098567,0.015459549484589725,0.0185433623651375,0.018313837263415608,0.020691599274698956,0.020691599274698956
52001,isotropic_effective,32,2,2,2596827123,"{""L"": 2, ""K"": 3, ""M"": 12, ""N"": 32, ""bits"": 2, ""bs_x"": [-100.0, 100.0], ""bs_y"": [0.0, 0.0], ""ue_center_x"": [-15.0, 15.0], ""ue_center_y"": [0.0, 0.0], ""ue_radius"": 7.0, ""ris_x"": 0.0, ""ris_y"": 0.0, ""c0_db"": -30.0, ""alpha_bu"": 4.5, ""alpha_br"": 2.2, ""alpha_ru"": 2.2, ""rician_k"": 3.0, ""channel_scale"": 100000.0, ""direct_link_attenuation"": 0.25, ""include_direct_intercell"": true, ""inter_ris_attenuation"": 1.0, ""ris_size_model"": ""growing_aperture"", ""ris_reference_N"": 32, ""radius_floor"": 1e-10, ""estimation_snr_db"": 10.0, ""nmse_db"": null}",07d58baf677568b6408a12178b03b7f2717b1255adf53503c918072c8e8148d7,494061792,10.0,,0.1,0.1000344051832871,-9.998506058856814,2000,empirically calibrated per-slot radius; Gaussian errors are unbounded; no deterministic or horizon guarantee,0.33992696303170067,0.37140338631298125,0.3535132063894276,0.38131100119727096,0.3800305854950743,0.40323818536116784,0.40323818536116784
52001,physical_pilot,32,2,2,2596827123,"{""L"": 2, ""K"": 3, ""M"": 12, ""N"": 32, ""bits"": 2, ""bs_x"": [-100.0, 100.0], ""bs_y"": [0.0, 0.0], ""ue_center_x"": [-15.0, 15.0], ""ue_center_y"": [0.0, 0.0], ""ue_radius"": 7.0, ""ris_x"": 0.0, ""ris_y"": 0.0, ""c0_db"": -30.0, ""alpha_bu"": 4.5, ""alpha_br"": 2.2, ""alpha_ru"": 2.2, ""rician_k"": 3.0, ""channel_scale"": 100000.0, ""direct_link_attenuation"": 0.25, ""include_direct_intercell"": true, ""inter_ris_attenuation"": 1.0, ""ris_size_model"": ""growing_aperture"", ""ris_reference_N"": 32, ""radius_floor"": 1e-10, ""estimation_snr_db"": 10.0, ""nmse_db"": null}",07d58baf677568b6408a12178b03b7f2717b1255adf53503c918072c8e8148d7,494061792,10.0,,0.1,0.09463353223948416,-10.23954949367955,2000,empirically calibrated per-slot radius; Gaussian errors are unbounded; no deterministic or horizon guarantee,0.4166473695245503,0.542323598048883,0.46843880157412626,0.5976938113769091,0.5882526886258345,0.7276300692685438,0.7276300692685438
52001,isotropic_effective,32,2,2,2596827123,"{""L"": 2, ""K"": 3, ""M"": 12, ""N"": 32, ""bits"": 2, ""bs_x"": [-100.0, 100.0], ""bs_y"": [0.0, 0.0], ""ue_center_x"": [-15.0, 15.0], ""ue_center_y"": [0.0, 0.0], ""ue_radius"": 7.0, ""ris_x"": 0.0, ""ris_y"": 0.0, ""c0_db"": -30.0, ""alpha_bu"": 4.5, ""alpha_br"": 2.2, ""alpha_ru"": 2.2, ""rician_k"": 3.0, ""channel_scale"": 100000.0, ""direct_link_attenuation"": 0.25, ""include_direct_intercell"": true, ""inter_ris_attenuation"": 1.0, ""ris_size_model"": ""growing_aperture"", ""ris_reference_N"": 32, ""radius_floor"": 1e-10, ""estimation_snr_db"": 20.0, ""nmse_db"": null}",345040f061628437e8991ccd8739e4b7528854e57c2ec00c828e1c08d015dc49,2328152312,20.0,,0.01,0.009991395356901987,-20.003738557694714,2000,empirically calibrated per-slot radius; Gaussian errors are unbounded; no deterministic or horizon guarantee,0.11188069092222488,0.12103443046846578,0.11584047802194128,0.12425361889485768,0.12355225908545973,0.13056633459829714,0.13056633459829714
52001,physical_pilot,32,2,2,2596827123,"{""L"": 2, ""K"": 3, ""M"": 12, ""N"": 32, ""bits"": 2, ""bs_x"": [-100.0, 100.0], ""bs_y"": [0.0, 0.0], ""ue_center_x"": [-15.0, 15.0], ""ue_center_y"": [0.0, 0.0], ""ue_radius"": 7.0, ""ris_x"": 0.0, ""ris_y"": 0.0, ""c0_db"": -30.0, ""alpha_bu"": 4.5, ""alpha_br"": 2.2, ""alpha_ru"": 2.2, ""rician_k"": 3.0, ""channel_scale"": 100000.0, ""direct_link_attenuation"": 0.25, ""include_direct_intercell"": true, ""inter_ris_attenuation"": 1.0, ""ris_size_model"": ""growing_aperture"", ""ris_reference_N"": 32, ""radius_floor"": 1e-10, ""estimation_snr_db"": 20.0, ""nmse_db"": null}",345040f061628437e8991ccd8739e4b7528854e57c2ec00c828e1c08d015dc49,2328152312,20.0,,0.01,0.009382238364811227,-20.276935375786742,2000,empirically calibrated per-slot radius; Gaussian errors are unbounded; no deterministic or horizon guarantee,0.1354040613518201,0.1705977229450174,0.1503310866950317,0.1857497446850407,0.18128952393339673,0.21206208009841399,0.21206208009841399
52001,isotropic_effective,32,2,2,2596827123,"{""L"": 2, ""K"": 3, ""M"": 12, ""N"": 32, ""bits"": 2, ""bs_x"": [-100.0, 100.0], ""bs_y"": [0.0, 0.0], ""ue_center_x"": [-15.0, 15.0], ""ue_center_y"": [0.0, 0.0], ""ue_radius"": 7.0, ""ris_x"": 0.0, ""ris_y"": 0.0, ""c0_db"": -30.0, ""alpha_bu"": 4.5, ""alpha_br"": 2.2, ""alpha_ru"": 2.2, ""rician_k"": 3.0, ""channel_scale"": 100000.0, ""direct_link_attenuation"": 0.25, ""include_direct_intercell"": true, ""inter_ris_attenuation"": 1.0, ""ris_size_model"": ""growing_aperture"", ""ris_reference_N"": 32, ""radius_floor"": 1e-10, ""estimation_snr_db"": 30.0, ""nmse_db"": null}",6015bb61bf9007951c65e44e9d000cfca71bbafb116223581c68e5af0ccce872,3621453820,30.0,,0.001,0.0010004072715668285,-29.998231602143548,2000,empirically calibrated per-slot radius; Gaussian errors are unbounded; no deterministic or horizon guarantee,0.03552618568824094,0.038283640900579556,0.036736625977862904,0.039340208721491327,0.039102702409770394,0.04123559598740625,0.04123559598740625
52001,physical_pilot,32,2,2,2596827123,"{""L"": 2, ""K"": 3, ""M"": 12, ""N"": 32, ""bits"": 2, ""bs_x"": [-100.0, 100.0], ""bs_y"": [0.0, 0.0], ""ue_center_x"": [-15.0, 15.0], ""ue_center_y"": [0.0, 0.0], ""ue_radius"": 7.0, ""ris_x"": 0.0, ""ris_y"": 0.0, ""c0_db"": -30.0, ""alpha_bu"": 4.5, ""alpha_br"": 2.2, ""alpha_ru"": 2.2, ""rician_k"": 3.0, ""channel_scale"": 100000.0, ""direct_link_attenuation"": 0.25, ""include_direct_intercell"": true, ""inter_ris_attenuation"": 1.0, ""ris_size_model"": ""growing_aperture"", ""ris_reference_N"": 32, ""radius_floor"": 1e-10, ""estimation_snr_db"": 30.0, ""nmse_db"": null}",6015bb61bf9007951c65e44e9d000cfca71bbafb116223581c68e5af0ccce872,3621453820,30.0,,0.001,0.0009436678804202575,-30.25180826760973,2000,empirically calibrated per-slot radius; Gaussian errors are unbounded; no deterministic or horizon guarantee,0.04308416469915584,0.054141391248315615,0.047734090821541925,0.057771615620290324,0.056952564266526055,0.06522414290519417,0.06522414290519417
52001,isotropic_effective,32,2,2,2596827123,"{""L"": 2, ""K"": 3, ""M"": 12, ""N"": 32, ""bits"": 2, ""bs_x"": [-100.0, 100.0], ""bs_y"": [0.0, 0.0], ""ue_center_x"": [-15.0, 15.0], ""ue_center_y"": [0.0, 0.0], ""ue_radius"": 7.0, ""ris_x"": 0.0, ""ris_y"": 0.0, ""c0_db"": -30.0, ""alpha_bu"": 4.5, ""alpha_br"": 2.2, ""alpha_ru"": 2.2, ""rician_k"": 3.0, ""channel_scale"": 100000.0, ""direct_link_attenuation"": 0.25, ""include_direct_intercell"": true, ""inter_ris_attenuation"": 1.0, ""ris_size_model"": ""growing_aperture"", ""ris_reference_N"": 32, ""radius_floor"": 1e-10, ""estimation_snr_db"": 40.0, ""nmse_db"": null}",3080a6c61690f2af638ad0b379044abc6a35745d85d5738086bc4095287eae88,1622477548,40.0,,0.0001,0.00010004611728788697,-39.99799761332277,2000,empirically calibrated per-slot radius; Gaussian errors are unbounded; no deterministic or horizon guarantee,0.01125041553020613,0.012150819263198425,0.011657523341280724,0.012421906899416642,0.012342463426552609,0.01299713464465677,0.01299713464465677
52001,physical_pilot,32,2,2,2596827123,"{""L"": 2, ""K"": 3, ""M"": 12, ""N"": 32, ""bits"": 2, ""bs_x"": [-100.0, 100.0], ""bs_y"": [0.0, 0.0], ""ue_center_x"": [-15.0, 15.0], ""ue_center_y"": [0.0, 0.0], ""ue_radius"": 7.0, ""ris_x"": 0.0, ""ris_y"": 0.0, ""c0_db"": -30.0, ""alpha_bu"": 4.5, ""alpha_br"": 2.2, ""alpha_ru"": 2.2, ""rician_k"": 3.0, ""channel_scale"": 100000.0, ""direct_link_attenuation"": 0.25, ""include_direct_intercell"": true, ""inter_ris_attenuation"": 1.0, ""ris_size_model"": ""growing_aperture"", ""ris_reference_N"": 32, ""radius_floor"": 1e-10, ""estimation_snr_db"": 40.0, ""nmse_db"": null}",3080a6c61690f2af638ad0b379044abc6a35745d85d5738086bc4095287eae88,1622477548,40.0,,0.0001,9.466516279142233e-05,-40.23809813932216,2000,empirically calibrated per-slot radius; Gaussian errors are unbounded; no deterministic or horizon guarantee,0.013599118236580299,0.01726211999951828,0.015037355964574582,0.018568589223767817,0.018309978665309378,0.02116826724718935,0.02116826724718935
52001,isotropic_effective,32,2,3,1785762714,"{""L"": 2, ""K"": 3, ""M"": 12, ""N"": 32, ""bits"": 2, ""bs_x"": [-100.0, 100.0], ""bs_y"": [0.0, 0.0], ""ue_center_x"": [-15.0, 15.0], ""ue_center_y"": [0.0, 0.0], ""ue_radius"": 7.0, ""ris_x"": 0.0, ""ris_y"": 0.0, ""c0_db"": -30.0, ""alpha_bu"": 4.5, ""alpha_br"": 2.2, ""alpha_ru"": 2.2, ""rician_k"": 3.0, ""channel_scale"": 100000.0, ""direct_link_attenuation"": 0.25, ""include_direct_intercell"": true, ""inter_ris_attenuation"": 1.0, ""ris_size_model"": ""growing_aperture"", ""ris_reference_N"": 32, ""radius_floor"": 1e-10, ""estimation_snr_db"": 10.0, ""nmse_db"": null}",07d58baf677568b6408a12178b03b7f2717b1255adf53503c918072c8e8148d7,586664514,10.0,,0.1,0.10027256199506838,-9.988178885580872,2000,empirically calibrated per-slot radius; Gaussian errors are unbounded; no deterministic or horizon guarantee,0.3406393830392093,0.371017056831138,0.35299167640767615,0.3803410189560988,0.37792610471642046,0.4014583389796945,0.4014583389796945
52001,physical_pilot,32,2,3,1785762714,"{""L"": 2, ""K"": 3, ""M"": 12, ""N"": 32, ""bits"": 2, ""bs_x"": [-100.0, 100.0], ""bs_y"": [0.0, 0.0], ""ue_center_x"": [-15.0, 15.0], ""ue_center_y"": [0.0, 0.0], ""ue_radius"": 7.0, ""ris_x"": 0.0, ""ris_y"": 0.0, ""c0_db"": -30.0, ""alpha_bu"": 4.5, ""alpha_br"": 2.2, ""alpha_ru"": 2.2, ""rician_k"": 3.0, ""channel_scale"": 100000.0, ""direct_link_attenuation"": 0.25, ""include_direct_intercell"": true, ""inter_ris_attenuation"": 1.0, ""ris_size_model"": ""growing_aperture"", ""ris_reference_N"": 32, ""radius_floor"": 1e-10, ""estimation_snr_db"": 10.0, ""nmse_db"": null}",07d58baf677568b6408a12178b03b7f2717b1255adf53503c918072c8e8148d7,586664514,10.0,,0.1,0.11280802443611544,-9.476600063422751,2000,empirically calibrated per-slot radius; Gaussian errors are unbounded; no deterministic or horizon guarantee,0.46587562850560926,0.6022558762719435,0.5227850479322708,0.659093877851107,0.6497073572948315,0.7883084052923136,0.7883084052923136
52001,isotropic_effective,32,2,3,1785762714,"{""L"": 2, ""K"": 3, ""M"": 12, ""N"": 32, ""bits"": 2, ""bs_x"": [-100.0, 100.0], ""bs_y"": [0.0, 0.0], ""ue_center_x"": [-15.0, 15.0], ""ue_center_y"": [0.0, 0.0], ""ue_radius"": 7.0, ""ris_x"": 0.0, ""ris_y"": 0.0, ""c0_db"": -30.0, ""alpha_bu"": 4.5, ""alpha_br"": 2.2, ""alpha_ru"": 2.2, ""rician_k"": 3.0, ""channel_scale"": 100000.0, ""direct_link_attenuation"": 0.25, ""include_direct_intercell"": true, ""inter_ris_attenuation"": 1.0, ""ris_size_model"": ""growing_aperture"", ""ris_reference_N"": 32, ""radius_floor"": 1e-10, ""estimation_snr_db"": 20.0, ""nmse_db"": null}",345040f061628437e8991ccd8739e4b7528854e57c2ec00c828e1c08d015dc49,2113688361,20.0,,0.01,0.010044357002250466,-19.98077859743261,2000,empirically calibrated per-slot radius; Gaussian errors are unbounded; no deterministic or horizon guarantee,0.11232640157171223,0.12138611618606629,0.11621303640067863,0.12428568539260873,0.12359308205037291,0.12953391744198026,0.12953391744198026
52001,physical_pilot,32,2,3,1785762714,"{""L"": 2, ""K"": 3, ""M"": 12, ""N"": 32, ""bits"": 2, ""bs_x"": [-100.0, 100.0], ""bs_y"": [0.0, 0.0], ""ue_center_x"": [-15.0, 15.0], ""ue_center_y"": [0.0, 0.0], ""ue_radius"": 7.0, ""ris_x"": 0.0, ""ris_y"": 0.0, ""c0_db"": -30.0, ""alpha_bu"": 4.5, ""alpha_br"": 2.2, ""alpha_ru"": 2.2, ""rician_k"": 3.0, ""channel_scale"": 100000.0, ""direct_link_attenuation"": 0.25, ""include_direct_intercell"": true, ""inter_ris_attenuation"": 1.0, ""ris_size_model"": ""growing_aperture"", ""ris_reference_N"": 32, ""radius_floor"": 1e-10, ""estimation_snr_db"": 20.0, ""nmse_db"": null}",345040f061628437e8991ccd8739e4b7528854e57c2ec00c828e1c08d015dc49,2113688361,20.0,,0.01,0.011199483281983717,-19.5080201420124,2000,empirically calibrated per-slot radius; Gaussian errors are unbounded; no deterministic or horizon guarantee,0.15344145160437916,0.19463626621993504,0.17028360049350125,0.20895367191636988,0.20607647096412263,0.24302513038374557,0.24302513038374557
52001,isotropic_effective,32,2,3,1785762714,"{""L"": 2, ""K"": 3, ""M"": 12, ""N"": 32, ""bits"": 2, ""bs_x"": [-100.0, 100.0], ""bs_y"": [0.0, 0.0], ""ue_center_x"": [-15.0, 15.0], ""ue_center_y"": [0.0, 0.0], ""ue_radius"": 7.0, ""ris_x"": 0.0, ""ris_y"": 0.0, ""c0_db"": -30.0, ""alpha_bu"": 4.5, ""alpha_br"": 2.2, ""alpha_ru"": 2.2, ""rician_k"": 3.0, ""channel_scale"": 100000.0, ""direct_link_attenuation"": 0.25, ""include_direct_intercell"": true, ""inter_ris_attenuation"": 1.0, ""ris_size_model"": ""growing_aperture"", ""ris_reference_N"": 32, ""radius_floor"": 1e-10, ""estimation_snr_db"": 30.0, ""nmse_db"": null}",6015bb61bf9007951c65e44e9d000cfca71bbafb116223581c68e5af0ccce872,286548630,30.0,,0.001,0.0009983905633594338,-30.00699532529734,2000,empirically calibrated per-slot radius; Gaussian errors are unbounded; no deterministic or horizon guarantee,0.03561426680780867,0.03843263998807444,0.03681871517011185,0.03937915027537879,0.039115857074772616,0.041296467070402174,0.041296467070402174
52001,physical_pilot,32,2,3,1785762714,"{""L"": 2, ""K"": 3, ""M"": 12, ""N"": 32, ""bits"": 2, ""bs_x"": [-100.0, 100.0], ""bs_y"": [0.0, 0.0], ""ue_center_x"": [-15.0, 15.0], ""ue_center_y"": [0.0, 0.0], ""ue_radius"": 7.0, ""ris_x"": 0.0, ""ris_y"": 0.0, ""c0_db"": -30.0, ""alpha_bu"": 4.5, ""alpha_br"": 2.2, ""alpha_ru"": 2.2, ""rician_k"": 3.0, ""channel_scale"": 100000.0, ""direct_link_attenuation"": 0.25, ""include_direct_intercell"": true, ""inter_ris_attenuation"": 1.0, ""ris_size_model"": ""growing_aperture"", ""ris_reference_N"": 32, ""radius_floor"": 1e-10, ""estimation_snr_db"": 30.0, ""nmse_db"": null}",6015bb61bf9007951c65e44e9d000cfca71bbafb116223581c68e5af0ccce872,286548630,30.0,,0.001,0.001111136248185619,-29.542326843469876,2000,empirically calibrated per-slot radius; Gaussian errors are unbounded; no deterministic or horizon guarantee,0.04867040732337043,0.06045964099283923,0.05374585878543871,0.06504907999298813,0.06388994338167976,0.07338244727803195,0.07338244727803195
52001,isotropic_effective,32,2,3,1785762714,"{""L"": 2, ""K"": 3, ""M"": 12, ""N"": 32, ""bits"": 2, ""bs_x"": [-100.0, 100.0], ""bs_y"": [0.0, 0.0], ""ue_center_x"": [-15.0, 15.0], ""ue_center_y"": [0.0, 0.0], ""ue_radius"": 7.0, ""ris_x"": 0.0, ""ris_y"": 0.0, ""c0_db"": -30.0, ""alpha_bu"": 4.5, ""alpha_br"": 2.2, ""alpha_ru"": 2.2, ""rician_k"": 3.0, ""channel_scale"": 100000.0, ""direct_link_attenuation"": 0.25, ""include_direct_intercell"": true, ""inter_ris_attenuation"": 1.0, ""ris_size_model"": ""growing_aperture"", ""ris_reference_N"": 32, ""radius_floor"": 1e-10, ""estimation_snr_db"": 40.0, ""nmse_db"": null}",3080a6c61690f2af638ad0b379044abc6a35745d85d5738086bc4095287eae88,756297840,40.0,,0.0001,9.96398301949024e-05,-40.015670212547576,2000,empirically calibrated per-slot radius; Gaussian errors are unbounded; no deterministic or horizon guarantee,0.011231028470056326,0.012106522683379042,0.011625178466377709,0.012379001196126017,0.012316382310906851,0.012970883993169055,0.012970883993169055
52001,physical_pilot,32,2,3,1785762714,"{""L"": 2, ""K"": 3, ""M"": 12, ""N"": 32, ""bits"": 2, ""bs_x"": [-100.0, 100.0], ""bs_y"": [0.0, 0.0], ""ue_center_x"": [-15.0, 15.0], ""ue_center_y"": [0.0, 0.0], ""ue_radius"": 7.0, ""ris_x"": 0.0, ""ris_y"": 0.0, ""c0_db"": -30.0, ""alpha_bu"": 4.5, ""alpha_br"": 2.2, ""alpha_ru"": 2.2, ""rician_k"": 3.0, ""channel_scale"": 100000.0, ""direct_link_attenuation"": 0.25, ""include_direct_intercell"": true, ""inter_ris_attenuation"": 1.0, ""ris_size_model"": ""growing_aperture"", ""ris_reference_N"": 32, ""radius_floor"": 1e-10, ""estimation_snr_db"": 40.0, ""nmse_db"": null}",3080a6c61690f2af638ad0b379044abc6a35745d85d5738086bc4095287eae88,756297840,40.0,,0.0001,0.0001116363519867966,-39.52194363672923,2000,empirically calibrated per-slot radius; Gaussian errors are unbounded; no deterministic or horizon guarantee,0.015521367346682195,0.019455821628844207,0.017139515480155753,0.02071086270425818,0.020420560353707432,0.02328649132008031,0.02328649132008031
52002,isotropic_effective,32,2,0,3874486695,"{""L"": 2, ""K"": 3, ""M"": 12, ""N"": 32, ""bits"": 2, ""bs_x"": [-100.0, 100.0], ""bs_y"": [0.0, 0.0], ""ue_center_x"": [-15.0, 15.0], ""ue_center_y"": [0.0, 0.0], ""ue_radius"": 7.0, ""ris_x"": 0.0, ""ris_y"": 0.0, ""c0_db"": -30.0, ""alpha_bu"": 4.5, ""alpha_br"": 2.2, ""alpha_ru"": 2.2, ""rician_k"": 3.0, ""channel_scale"": 100000.0, ""direct_link_attenuation"": 0.25, ""include_direct_intercell"": true, ""inter_ris_attenuation"": 1.0, ""ris_size_model"": ""growing_aperture"", ""ris_reference_N"": 32, ""radius_floor"": 1e-10, ""estimation_snr_db"": 10.0, ""nmse_db"": null}",07d58baf677568b6408a12178b03b7f2717b1255adf53503c918072c8e8148d7,1819656052,10.0,,0.1,0.10005428498851565,-9.997643072574775,2000,empirically calibrated per-slot radius; Gaussian errors are unbounded; no deterministic or horizon guarantee,0.34079067736678736,0.36779549252478577,0.3524275356871184,0.37999734974132904,0.37717146214797437,0.39823429599291205,0.39823429599291205
52002,physical_pilot,32,2,0,3874486695,"{""L"": 2, ""K"": 3, ""M"": 12, ""N"": 32, ""bits"": 2, ""bs_x"": [-100.0, 100.0], ""bs_y"": [0.0, 0.0], ""ue_center_x"": [-15.0, 15.0], ""ue_center_y"": [0.0, 0.0], ""ue_radius"": 7.0, ""ris_x"": 0.0, ""ris_y"": 0.0, ""c0_db"": -30.0, ""alpha_bu"": 4.5, ""alpha_br"": 2.2, ""alpha_ru"": 2.2, ""rician_k"": 3.0, ""channel_scale"": 100000.0, ""direct_link_attenuation"": 0.25, ""include_direct_intercell"": true, ""inter_ris_attenuation"": 1.0, ""ris_size_model"": ""growing_aperture"", ""ris_reference_N"": 32, ""radius_floor"": 1e-10, ""estimation_snr_db"": 10.0, ""nmse_db"": null}",07d58baf677568b6408a12178b03b7f2717b1255adf53503c918072c8e8148d7,1819656052,10.0,,0.1,0.06339172224204577,-11.979674490474515,2000,empirically calibrated per-slot radius; Gaussian errors are unbounded; no deterministic or horizon guarantee,0.5132952067392271,0.6954612855777544,0.5899995554473115,0.7671020994750223,0.755401752862981,0.9296575185612674,0.9296575185612674
52002,isotropic_effective,32,2,0,3874486695,"{""L"": 2, ""K"": 3, ""M"": 12, ""N"": 32, ""bits"": 2, ""bs_x"": [-100.0, 100.0], ""bs_y"": [0.0, 0.0], ""ue_center_x"": [-15.0, 15.0], ""ue_center_y"": [0.0, 0.0], ""ue_radius"": 7.0, ""ris_x"": 0.0, ""ris_y"": 0.0, ""c0_db"": -30.0, ""alpha_bu"": 4.5, ""alpha_br"": 2.2, ""alpha_ru"": 2.2, ""rician_k"": 3.0, ""channel_scale"": 100000.0, ""direct_link_attenuation"": 0.25, ""include_direct_intercell"": true, ""inter_ris_attenuation"": 1.0, ""ris_size_model"": ""growing_aperture"", ""ris_reference_N"": 32, ""radius_floor"": 1e-10, ""estimation_snr_db"": 20.0, ""nmse_db"": null}",345040f061628437e8991ccd8739e4b7528854e57c2ec00c828e1c08d015dc49,2678998805,20.0,,0.01,0.01000170627861116,-19.999259035827354,2000,empirically calibrated per-slot radius; Gaussian errors are unbounded; no deterministic or horizon guarantee,0.11205714375124143,0.12126738963452631,0.11621889691803931,0.12489473405868289,0.12397562521700463,0.13082057735068353,0.13082057735068353
52002,physical_pilot,32,2,0,3874486695,"{""L"": 2, ""K"": 3, ""M"": 12, ""N"": 32, ""bits"": 2, ""bs_x"": [-100.0, 100.0], ""bs_y"": [0.0, 0.0], ""ue_center_x"": [-15.0, 15.0], ""ue_center_y"": [0.0, 0.0], ""ue_radius"": 7.0, ""ris_x"": 0.0, ""ris_y"": 0.0, ""c0_db"": -30.0, ""alpha_bu"": 4.5, ""alpha_br"": 2.2, ""alpha_ru"": 2.2, ""rician_k"": 3.0, ""channel_scale"": 100000.0, ""direct_link_attenuation"": 0.25, ""include_direct_intercell"": true, ""inter_ris_attenuation"": 1.0, ""ris_size_model"": ""growing_aperture"", ""ris_reference_N"": 32, ""radius_floor"": 1e-10, ""estimation_snr_db"": 20.0, ""nmse_db"": null}",345040f061628437e8991ccd8739e4b7528854e57c2ec00c828e1c08d015dc49,2678998805,20.0,,0.01,0.0062673691559088345,-22.02914724056614,2000,empirically calibrated per-slot radius; Gaussian errors are unbounded; no deterministic or horizon guarantee,0.17682001138428433,0.22811247422163156,0.19927602326812552,0.24821288201132877,0.2431180354902577,0.2854408998884354,0.2854408998884354
52002,isotropic_effective,32,2,0,3874486695,"{""L"": 2, ""K"": 3, ""M"": 12, ""N"": 32, ""bits"": 2, ""bs_x"": [-100.0, 100.0], ""bs_y"": [0.0, 0.0], ""ue_center_x"": [-15.0, 15.0], ""ue_center_y"": [0.0, 0.0], ""ue_radius"": 7.0, ""ris_x"": 0.0, ""ris_y"": 0.0, ""c0_db"": -30.0, ""alpha_bu"": 4.5, ""alpha_br"": 2.2, ""alpha_ru"": 2.2, ""rician_k"": 3.0, ""channel_scale"": 100000.0, ""direct_link_attenuation"": 0.25, ""include_direct_intercell"": true, ""inter_ris_attenuation"": 1.0, ""ris_size_model"": ""growing_aperture"", ""ris_reference_N"": 32, ""radius_floor"": 1e-10, ""estimation_snr_db"": 30.0, ""nmse_db"": null}",6015bb61bf9007951c65e44e9d000cfca71bbafb116223581c68e5af0ccce872,2689611948,30.0,,0.001,0.0009986870408237008,-30.005705855850422,2000,empirically calibrated per-slot radius; Gaussian errors are unbounded; no deterministic or horizon guarantee,0.03564948228510673,0.038437540144871454,0.03686994671543539,0.039473387451441695,0.039159412635660855,0.04110082216353252,0.04110082216353252
52002,physical_pilot,32,2,0,3874486695,"{""L"": 2, ""K"": 3, ""M"": 12, ""N"": 32, ""bits"": 2, ""bs_x"": [-100.0, 100.0], ""bs_y"": [0.0, 0.0], ""ue_center_x"": [-15.0, 15.0], ""ue_center_y"": [0.0, 0.0], ""ue_radius"": 7.0, ""ris_x"": 0.0, ""ris_y"": 0.0, ""c0_db"": -30.0, ""alpha_bu"": 4.5, ""alpha_br"": 2.2, ""alpha_ru"": 2.2, ""rician_k"": 3.0, ""channel_scale"": 100000.0, ""direct_link_attenuation"": 0.25, ""include_direct_intercell"": true, ""inter_ris_attenuation"": 1.0, ""ris_size_model"": ""growing_aperture"", ""ris_reference_N"": 32, ""radius_floor"": 1e-10, ""estimation_snr_db"": 30.0, ""nmse_db"": null}",6015bb61bf9007951c65e44e9d000cfca71bbafb116223581c68e5af0ccce872,2689611948,30.0,,0.001,0.0006280172655617226,-32.0202841639798,2000,empirically calibrated per-slot radius; Gaussian errors are unbounded; no deterministic or horizon guarantee,0.05653956149318192,0.07191873329990679,0.06328198261516302,0.07757183503851679,0.07592736740206167,0.08806659715993345,0.08806659715993345
52002,isotropic_effective,32,2,0,3874486695,"{""L"": 2, ""K"": 3, ""M"": 12, ""N"": 32, ""bits"": 2, ""bs_x"": [-100.0, 100.0], ""bs_y"": [0.0, 0.0], ""ue_center_x"": [-15.0, 15.0], ""ue_center_y"": [0.0, 0.0], ""ue_radius"": 7.0, ""ris_x"": 0.0, ""ris_y"": 0.0, ""c0_db"": -30.0, ""alpha_bu"": 4.5, ""alpha_br"": 2.2, ""alpha_ru"": 2.2, ""rician_k"": 3.0, ""channel_scale"": 100000.0, ""direct_link_attenuation"": 0.25, ""include_direct_intercell"": true, ""inter_ris_attenuation"": 1.0, ""ris_size_model"": ""growing_aperture"", ""ris_reference_N"": 32, ""radius_floor"": 1e-10, ""estimation_snr_db"": 40.0, ""nmse_db"": null}",3080a6c61690f2af638ad0b379044abc6a35745d85d5738086bc4095287eae88,1030178569,40.0,,0.0001,9.983298205301705e-05,-40.00725956134947,2000,empirically calibrated per-slot radius; Gaussian errors are unbounded; no deterministic or horizon guarantee,0.011271673334975493,0.012141226751195148,0.011635129076362305,0.012443699821431231,0.01239889973191633,0.013153010491375338,0.013153010491375338
52002,physical_pilot,32,2,0,3874486695,"{""L"": 2, ""K"": 3, ""M"": 12, ""N"": 32, ""bits"": 2, ""bs_x"": [-100.0, 100.0], ""bs_y"": [0.0, 0.0], ""ue_center_x"": [-15.0, 15.0], ""ue_center_y"": [0.0, 0.0], ""ue_radius"": 7.0, ""ris_x"": 0.0, ""ris_y"": 0.0, ""c0_db"": -30.0, ""alpha_bu"": 4.5, ""alpha_br"": 2.2, ""alpha_ru"": 2.2, ""rician_k"": 3.0, ""channel_scale"": 100000.0, ""direct_link_attenuation"": 0.25, ""include_direct_intercell"": true, ""inter_ris_attenuation"": 1.0, ""ris_size_model"": ""growing_aperture"", ""ris_reference_N"": 32, ""radius_floor"": 1e-10, ""estimation_snr_db"": 40.0, ""nmse_db"": null}",3080a6c61690f2af638ad0b379044abc6a35745d85d5738086bc4095287eae88,1030178569,40.0,,0.0001,6.280030852063491e-05,-42.020382226882795,2000,empirically calibrated per-slot radius; Gaussian errors are unbounded; no deterministic or horizon guarantee,0.018011665436258845,0.022901641836186225,0.020202562229925083,0.024525722471165134,0.024121780855675568,0.028057271667834942,0.028057271667834942
52002,isotropic_effective,32,2,1,3233098779,"{""L"": 2, ""K"": 3, ""M"": 12, ""N"": 32, ""bits"": 2, ""bs_x"": [-100.0, 100.0], ""bs_y"": [0.0, 0.0], ""ue_center_x"": [-15.0, 15.0], ""ue_center_y"": [0.0, 0.0], ""ue_radius"": 7.0, ""ris_x"": 0.0, ""ris_y"": 0.0, ""c0_db"": -30.0, ""alpha_bu"": 4.5, ""alpha_br"": 2.2, ""alpha_ru"": 2.2, ""rician_k"": 3.0, ""channel_scale"": 100000.0, ""direct_link_attenuation"": 0.25, ""include_direct_intercell"": true, ""inter_ris_attenuation"": 1.0, ""ris_size_model"": ""growing_aperture"", ""ris_reference_N"": 32, ""radius_floor"": 1e-10, ""estimation_snr_db"": 10.0, ""nmse_db"": null}",07d58baf677568b6408a12178b03b7f2717b1255adf53503c918072c8e8148d7,2331281847,10.0,,0.1,0.09984646987232776,-10.006672852456592,2000,empirically calibrated per-slot radius; Gaussian errors are unbounded; no deterministic or horizon guarantee,0.34099701422503237,0.3704013729853968,0.3539673979024079,0.37810080976480454,0.37597330732414413,0.3941548355968338,0.3941548355968338
52002,physical_pilot,32,2,1,3233098779,"{""L"": 2, ""K"": 3, ""M"": 12, ""N"": 32, ""bits"": 2, ""bs_x"": [-100.0, 100.0], ""bs_y"": [0.0, 0.0], ""ue_center_x"": [-15.0, 15.0], ""ue_center_y"": [0.0, 0.0], ""ue_radius"": 7.0, ""ris_x"": 0.0, ""ris_y"": 0.0, ""c0_db"": -30.0, ""alpha_bu"": 4.5, ""alpha_br"": 2.2, ""alpha_ru"": 2.2, ""rician_k"": 3.0, ""channel_scale"": 100000.0, ""direct_link_attenuation"": 0.25, ""include_direct_intercell"": true, ""inter_ris_attenuation"": 1.0, ""ris_size_model"": ""growing_aperture"", ""ris_reference_N"": 32, ""radius_floor"": 1e-10, ""estimation_snr_db"": 10.0, ""nmse_db"": null}",07d58baf677568b6408a12178b03b7f2717b1255adf53503c918072c8e8148d7,2331281847,10.0,,0.1,0.0986275266606934,-10.060018577927535,2000,empirically calibrated per-slot radius; Gaussian errors are unbounded; no deterministic or horizon guarantee,0.47061724026871793,0.6302190629215225,0.53074874911302,0.686577205914762,0.6709141175517949,0.8017425462141609,0.8017425462141609
52002,isotropic_effective,32,2,1,3233098779,"{""L"": 2, ""K"": 3, ""M"": 12, ""N"": 32, ""bits"": 2, ""bs_x"": [-100.0, 100.0], ""bs_y"": [0.0, 0.0], ""ue_center_x"": [-15.0, 15.0], ""ue_center_y"": [0.0, 0.0], ""ue_radius"": 7.0, ""ris_x"": 0.0, ""ris_y"": 0.0, ""c0_db"": -30.0, ""alpha_bu"": 4.5, ""alpha_br"": 2.2, ""alpha_ru"": 2.2, ""rician_k"": 3.0, ""channel_scale"": 100000.0, ""direct_link_attenuation"": 0.25, ""include_direct_intercell"": true, ""inter_ris_attenuation"": 1.0, ""ris_size_model"": ""growing_aperture"", ""ris_reference_N"": 32, ""radius_floor"": 1e-10, ""estimation_snr_db"": 20.0, ""nmse_db"": null}",345040f061628437e8991ccd8739e4b7528854e57c2ec00c828e1c08d015dc49,3921461093,20.0,,0.01,0.009996041252238136,-20.001719602704355,2000,empirically calibrated per-slot radius; Gaussian errors are unbounded; no deterministic or horizon guarantee,0.11165882649535314,0.12111841709048644,0.11569225918043131,0.12386135317880824,0.12332029442401775,0.12935725129212544,0.12935725129212544
52002,physical_pilot,32,2,1,3233098779,"{""L"": 2, ""K"": 3, ""M"": 12, ""N"": 32, ""bits"": 2, ""bs_x"": [-100.0, 100.0], ""bs_y"": [0.0, 0.0], ""ue_center_x"": [-15.0, 15.0], ""ue_center_y"": [0.0, 0.0], ""ue_radius"": 7.0, ""ris_x"": 0.0, ""ris_y"": 0.0, ""c0_db"": -30.0, ""alpha_bu"": 4.5, ""alpha_br"": 2.2, ""alpha_ru"": 2.2, ""rician_k"": 3.0, ""channel_scale"": 100000.0, ""direct_link_attenuation"": 0.25, ""include_direct_intercell"": true, ""inter_ris_attenuation"": 1.0, ""ris_size_model"": ""growing_aperture"", ""ris_reference_N"": 32, ""radius_floor"": 1e-10, ""estimation_snr_db"": 20.0, ""nmse_db"": null}",345040f061628437e8991ccd8739e4b7528854e57c2ec00c828e1c08d015dc49,3921461093,20.0,,0.01,0.00984954608403148,-20.065837834864233,2000,empirically calibrated per-slot radius; Gaussian errors are unbounded; no deterministic or horizon guarantee,0.15741554181460982,0.20674909771386615,0.17764579211310425,0.22372997903277483,0.2200266051162025,0.258083939451679,0.258083939451679
52002,isotropic_effective,32,2,1,3233098779,"{""L"": 2, ""K"": 3, ""M"": 12, ""N"": 32, ""bits"": 2, ""bs_x"": [-100.0, 100.0], ""bs_y"": [0.0, 0.0], ""ue_center_x"": [-15.0, 15.0], ""ue_center_y"": [0.0, 0.0], ""ue_radius"": 7.0, ""ris_x"": 0.0, ""ris_y"": 0.0, ""c0_db"": -30.0, ""alpha_bu"": 4.5, ""alpha_br"": 2.2, ""alpha_ru"": 2.2, ""rician_k"": 3.0, ""channel_scale"": 100000.0, ""direct_link_attenuation"": 0.25, ""include_direct_intercell"": true, ""inter_ris_attenuation"": 1.0, ""ris_size_model"": ""growing_aperture"", ""ris_reference_N"": 32, ""radius_floor"": 1e-10, ""estimation_snr_db"": 30.0, ""nmse_db"": null}",6015bb61bf9007951c65e44e9d000cfca71bbafb116223581c68e5af0ccce872,3456412700,30.0,,0.001,0.000998437407617767,-30.006791560093703,2000,empirically calibrated per-slot radius; Gaussian errors are unbounded; no deterministic or horizon guarantee,0.035604243948185246,0.03842466663283758,0.03683676145594724,0.039400509465670634,0.03918578848213311,0.04102191518743953,0.04102191518743953
52002,physical_pilot,32,2,1,3233098779,"{""L"": 2, ""K"": 3, ""M"": 12, ""N"": 32, ""bits"": 2, ""bs_x"": [-100.0, 100.0], ""bs_y"": [0.0, 0.0], ""ue_center_x"": [-15.0, 15.0], ""ue_center_y"": [0.0, 0.0], ""ue_radius"": 7.0, ""ris_x"": 0.0, ""ris_y"": 0.0, ""c0_db"": -30.0, ""alpha_bu"": 4.5, ""alpha_br"": 2.2, ""alpha_ru"": 2.2, ""rician_k"": 3.0, ""channel_scale"": 100000.0, ""direct_link_attenuation"": 0.25, ""include_direct_intercell"": true, ""inter_ris_attenuation"": 1.0, ""ris_size_model"": ""growing_aperture"", ""ris_reference_N"": 32, ""radius_floor"": 1e-10, ""estimation_snr_db"": 30.0, ""nmse_db"": null}",6015bb61bf9007951c65e44e9d000cfca71bbafb116223581c68e5af0ccce872,3456412700,30.0,,0.001,0.000991774800484661,-30.035869306783958,2000,empirically calibrated per-slot radius; Gaussian errors are unbounded; no deterministic or horizon guarantee,0.050174487188598516,0.0663515524894694,0.056742855361145435,0.07214917299956719,0.07054916553724568,0.08224028529239318,0.08224028529239318
52002,isotropic_effective,32,2,1,3233098779,"{""L"": 2, ""K"": 3, ""M"": 12, ""N"": 32, ""bits"": 2, ""bs_x"": [-100.0, 100.0], ""bs_y"": [0.0, 0.0], ""ue_center_x"": [-15.0, 15.0], ""ue_center_y"": [0.0, 0.0], ""ue_radius"": 7.0, ""ris_x"": 0.0, ""ris_y"": 0.0, ""c0_db"": -30.0, ""alpha_bu"": 4.5, ""alpha_br"": 2.2, ""alpha_ru"": 2.2, ""rician_k"": 3.0, ""channel_scale"": 100000.0, ""direct_link_attenuation"": 0.25, ""include_direct_intercell"": true, ""inter_ris_attenuation"": 1.0, ""ris_size_model"": ""growing_aperture"", ""ris_reference_N"": 32, ""radius_floor"": 1e-10, ""estimation_snr_db"": 40.0, ""nmse_db"": null}",3080a6c61690f2af638ad0b379044abc6a35745d85d5738086bc4095287eae88,3682777599,40.0,,0.0001,9.987717605848583e-05,-40.00533745451193,2000,empirically calibrated per-slot radius; Gaussian errors are unbounded; no deterministic or horizon guarantee,0.011250409069163764,0.012133228789179822,0.011634624880773593,0.012516030570329404,0.012439105837931633,0.013019894423947765,0.013019894423947765
52002,physical_pilot,32,2,1,3233098779,"{""L"": 2, ""K"": 3, ""M"": 12, ""N"": 32, ""bits"": 2, ""bs_x"": [-100.0, 100.0], ""bs_y"": [0.0, 0.0], ""ue_center_x"": [-15.0, 15.0], ""ue_center_y"": [0.0, 0.0], ""ue_radius"": 7.0, ""ris_x"": 0.0, ""ris_y"": 0.0, ""c0_db"": -30.0, ""alpha_bu"": 4.5, ""alpha_br"": 2.2, ""alpha_ru"": 2.2, ""rician_k"": 3.0, ""channel_scale"": 100000.0, ""direct_link_attenuation"": 0.25, ""include_direct_intercell"": true, ""inter_ris_attenuation"": 1.0, ""ris_size_model"": ""growing_aperture"", ""ris_reference_N"": 32, ""radius_floor"": 1e-10, ""estimation_snr_db"": 40.0, ""nmse_db"": null}",3080a6c61690f2af638ad0b379044abc6a35745d85d5738086bc4095287eae88,3682777599,40.0,,0.0001,9.714010096815694e-05,-40.12601449453773,2000,empirically calibrated per-slot radius; Gaussian errors are unbounded; no deterministic or horizon guarantee,0.015691893158204132,0.02060112942013072,0.017659645979194515,0.02212514340072849,0.02182766307626548,0.025538874594585065,0.025538874594585065
52002,isotropic_effective,32,2,2,3735229990,"{""L"": 2, ""K"": 3, ""M"": 12, ""N"": 32, ""bits"": 2, ""bs_x"": [-100.0, 100.0], ""bs_y"": [0.0, 0.0], ""ue_center_x"": [-15.0, 15.0], ""ue_center_y"": [0.0, 0.0], ""ue_radius"": 7.0, ""ris_x"": 0.0, ""ris_y"": 0.0, ""c0_db"": -30.0, ""alpha_bu"": 4.5, ""alpha_br"": 2.2, ""alpha_ru"": 2.2, ""rician_k"": 3.0, ""channel_scale"": 100000.0, ""direct_link_attenuation"": 0.25, ""include_direct_intercell"": true, ""inter_ris_attenuation"": 1.0, ""ris_size_model"": ""growing_aperture"", ""ris_reference_N"": 32, ""radius_floor"": 1e-10, ""estimation_snr_db"": 10.0, ""nmse_db"": null}",07d58baf677568b6408a12178b03b7f2717b1255adf53503c918072c8e8148d7,307255757,10.0,,0.1,0.10015305307326164,-9.993358071027039,2000,empirically calibrated per-slot radius; Gaussian errors are unbounded; no deterministic or horizon guarantee,0.34120598487915865,0.3705415386524778,0.35328330290632787,0.3829249207529515,0.37976305834699947,0.4063184621450954,0.4063184621450954
52002,physical_pilot,32,2,2,3735229990,"{""L"": 2, ""K"": 3, ""M"": 12, ""N"": 32, ""bits"": 2, ""bs_x"": [-100.0, 100.0], ""bs_y"": [0.0, 0.0], ""ue_center_x"": [-15.0, 15.0], ""ue_center_y"": [0.0, 0.0], ""ue_radius"": 7.0, ""ris_x"": 0.0, ""ris_y"": 0.0, ""c0_db"": -30.0, ""alpha_bu"": 4.5, ""alpha_br"": 2.2, ""alpha_ru"": 2.2, ""rician_k"": 3.0, ""channel_scale"": 100000.0, ""direct_link_attenuation"": 0.25, ""include_direct_intercell"": true, ""inter_ris_attenuation"": 1.0, ""ris_size_model"": ""growing_aperture"", ""ris_reference_N"": 32, ""radius_floor"": 1e-10, ""estimation_snr_db"": 10.0, ""nmse_db"": null}",07d58baf677568b6408a12178b03b7f2717b1255adf53503c918072c8e8148d7,307255757,10.0,,0.1,0.08696375792735384,-10.6066170153618,2000,empirically calibrated per-slot radius; Gaussian errors are unbounded; no deterministic or horizon guarantee,0.4036905711413188,0.5308225798840933,0.4541127478150467,0.5792326609634283,0.5710579482589642,0.7159608114713562,0.7159608114713562
52002,isotropic_effective,32,2,2,3735229990,"{""L"": 2, ""K"": 3, ""M"": 12, ""N"": 32, ""bits"": 2, ""bs_x"": [-100.0, 100.0], ""bs_y"": [0.0, 0.0], ""ue_center_x"": [-15.0, 15.0], ""ue_center_y"": [0.0, 0.0], ""ue_radius"": 7.0, ""ris_x"": 0.0, ""ris_y"": 0.0, ""c0_db"": -30.0, ""alpha_bu"": 4.5, ""alpha_br"": 2.2, ""alpha_ru"": 2.2, ""rician_k"": 3.0, ""channel_scale"": 100000.0, ""direct_link_attenuation"": 0.25, ""include_direct_intercell"": true, ""inter_ris_attenuation"": 1.0, ""ris_size_model"": ""growing_aperture"", ""ris_reference_N"": 32, ""radius_floor"": 1e-10, ""estimation_snr_db"": 20.0, ""nmse_db"": null}",345040f061628437e8991ccd8739e4b7528854e57c2ec00c828e1c08d015dc49,804239369,20.0,,0.01,0.009961096733077855,-20.016928424094456,2000,empirically calibrated per-slot radius; Gaussian errors are unbounded; no deterministic or horizon guarantee,0.11176137187820796,0.12104834022463253,0.1154276456330598,0.12412743265166407,0.12329676160259363,0.1309234686992467,0.1309234686992467
52002,physical_pilot,32,2,2,3735229990,"{""L"": 2, ""K"": 3, ""M"": 12, ""N"": 32, ""bits"": 2, ""bs_x"": [-100.0, 100.0], ""bs_y"": [0.0, 0.0], ""ue_center_x"": [-15.0, 15.0], ""ue_center_y"": [0.0, 0.0], ""ue_radius"": 7.0, ""ris_x"": 0.0, ""ris_y"": 0.0, ""c0_db"": -30.0, ""alpha_bu"": 4.5, ""alpha_br"": 2.2, ""alpha_ru"": 2.2, ""rician_k"": 3.0, ""channel_scale"": 100000.0, ""direct_link_attenuation"": 0.25, ""include_direct_intercell"": true, ""inter_ris_attenuation"": 1.0, ""ris_size_model"": ""growing_aperture"", ""ris_reference_N"": 32, ""radius_floor"": 1e-10, ""estimation_snr_db"": 20.0, ""nmse_db"": null}",345040f061628437e8991ccd8739e4b7528854e57c2ec00c828e1c08d015dc49,804239369,20.0,,0.01,0.008657658067666184,-20.62599570550836,2000,empirically calibrated per-slot radius; Gaussian errors are unbounded; no deterministic or horizon guarantee,0.12957993280560043,0.16842150397154818,0.1461451379053872,0.18360728113407904,0.1808165029378686,0.21733205702824757,0.21733205702824757
52002,isotropic_effective,32,2,2,3735229990,"{""L"": 2, ""K"": 3, ""M"": 12, ""N"": 32, ""bits"": 2, ""bs_x"": [-100.0, 100.0], ""bs_y"": [0.0, 0.0], ""ue_center_x"": [-15.0, 15.0], ""ue_center_y"": [0.0, 0.0], ""ue_radius"": 7.0, ""ris_x"": 0.0, ""ris_y"": 0.0, ""c0_db"": -30.0, ""alpha_bu"": 4.5, ""alpha_br"": 2.2, ""alpha_ru"": 2.2, ""rician_k"": 3.0, ""channel_scale"": 100000.0, ""direct_link_attenuation"": 0.25, ""include_direct_intercell"": true, ""inter_ris_attenuation"": 1.0, ""ris_size_model"": ""growing_aperture"", ""ris_reference_N"": 32, ""radius_floor"": 1e-10, ""estimation_snr_db"": 30.0, ""nmse_db"": null}",6015bb61bf9007951c65e44e9d000cfca71bbafb116223581c68e5af0ccce872,3619820349,30.0,,0.001,0.000997916333294204,-30.009058690451276,2000,empirically calibrated per-slot radius; Gaussian errors are unbounded; no deterministic or horizon guarantee,0.03560611717277918,0.0385538875627454,0.036946247154101663,0.03940017784323624,0.039243402556399444,0.0411414805387715,0.0411414805387715
52002,physical_pilot,32,2,2,3735229990,"{""L"": 2, ""K"": 3, ""M"": 12, ""N"": 32, ""bits"": 2, ""bs_x"": [-100.0, 100.0], ""bs_y"": [0.0, 0.0], ""ue_center_x"": [-15.0, 15.0], ""ue_center_y"": [0.0, 0.0], ""ue_radius"": 7.0, ""ris_x"": 0.0, ""ris_y"": 0.0, ""c0_db"": -30.0, ""alpha_bu"": 4.5, ""alpha_br"": 2.2, ""alpha_ru"": 2.2, ""rician_k"": 3.0, ""channel_scale"": 100000.0, ""direct_link_attenuation"": 0.25, ""include_direct_intercell"": true, ""inter_ris_attenuation"": 1.0, ""ris_size_model"": ""growing_aperture"", ""ris_reference_N"": 32, ""radius_floor"": 1e-10, ""estimation_snr_db"": 30.0, ""nmse_db"": null}",6015bb61bf9007951c65e44e9d000cfca71bbafb116223581c68e5af0ccce872,3619820349,30.0,,0.001,0.0008725571608907037,-30.592061129690478,2000,empirically calibrated per-slot radius; Gaussian errors are unbounded; no deterministic or horizon guarantee,0.04131509650453313,0.05323517091072415,0.04646771700996047,0.05841530746280644,0.05700110652166092,0.06680403155502189,0.06680403155502189
52002,isotropic_effective,32,2,2,3735229990,"{""L"": 2, ""K"": 3, ""M"": 12, ""N"": 32, ""bits"": 2, ""bs_x"": [-100.0, 100.0], ""bs_y"": [0.0, 0.0], ""ue_center_x"": [-15.0, 15.0], ""ue_center_y"": [0.0, 0.0], ""ue_radius"": 7.0, ""ris_x"": 0.0, ""ris_y"": 0.0, ""c0_db"": -30.0, ""alpha_bu"": 4.5, ""alpha_br"": 2.2, ""alpha_ru"": 2.2, ""rician_k"": 3.0, ""channel_scale"": 100000.0, ""direct_link_attenuation"": 0.25, ""include_direct_intercell"": true, ""inter_ris_attenuation"": 1.0, ""ris_size_model"": ""growing_aperture"", ""ris_reference_N"": 32, ""radius_floor"": 1e-10, ""estimation_snr_db"": 40.0, ""nmse_db"": null}",3080a6c61690f2af638ad0b379044abc6a35745d85d5738086bc4095287eae88,4054486175,40.0,,0.0001,0.00010013685093885514,-39.994060702307216,2000,empirically calibrated per-slot radius; Gaussian errors are unbounded; no deterministic or horizon guarantee,0.011265526655471479,0.012183720666548261,0.01167971293994355,0.01249727565684066,0.012407811098906376,0.013156693707163714,0.013156693707163714
52002,physical_pilot,32,2,2,3735229990,"{""L"": 2, ""K"": 3, ""M"": 12, ""N"": 32, ""bits"": 2, ""bs_x"": [-100.0, 100.0], ""bs_y"": [0.0, 0.0], ""ue_center_x"": [-15.0, 15.0], ""ue_center_y"": [0.0, 0.0], ""ue_radius"": 7.0, ""ris_x"": 0.0, ""ris_y"": 0.0, ""c0_db"": -30.0, ""alpha_bu"": 4.5, ""alpha_br"": 2.2, ""alpha_ru"": 2.2, ""rician_k"": 3.0, ""channel_scale"": 100000.0, ""direct_link_attenuation"": 0.25, ""include_direct_intercell"": true, ""inter_ris_attenuation"": 1.0, ""ris_size_model"": ""growing_aperture"", ""ris_reference_N"": 32, ""radius_floor"": 1e-10, ""estimation_snr_db"": 40.0, ""nmse_db"": null}",3080a6c61690f2af638ad0b379044abc6a35745d85d5738086bc4095287eae88,4054486175,40.0,,0.0001,8.610500563045662e-05,-40.649716005266555,2000,empirically calibrated per-slot radius; Gaussian errors are unbounded; no deterministic or horizon guarantee,0.01289636473959962,0.016898470060773715,0.014510974255588213,0.01803367028508504,0.01779919252944595,0.0209930576903882,0.0209930576903882
52002,isotropic_effective,32,2,3,3242218805,"{""L"": 2, ""K"": 3, ""M"": 12, ""N"": 32, ""bits"": 2, ""bs_x"": [-100.0, 100.0], ""bs_y"": [0.0, 0.0], ""ue_center_x"": [-15.0, 15.0], ""ue_center_y"": [0.0, 0.0], ""ue_radius"": 7.0, ""ris_x"": 0.0, ""ris_y"": 0.0, ""c0_db"": -30.0, ""alpha_bu"": 4.5, ""alpha_br"": 2.2, ""alpha_ru"": 2.2, ""rician_k"": 3.0, ""channel_scale"": 100000.0, ""direct_link_attenuation"": 0.25, ""include_direct_intercell"": true, ""inter_ris_attenuation"": 1.0, ""ris_size_model"": ""growing_aperture"", ""ris_reference_N"": 32, ""radius_floor"": 1e-10, ""estimation_snr_db"": 10.0, ""nmse_db"": null}",07d58baf677568b6408a12178b03b7f2717b1255adf53503c918072c8e8148d7,2622975926,10.0,,0.1,0.09986493963793742,-10.005869561615189,2000,empirically calibrated per-slot radius; Gaussian errors are unbounded; no deterministic or horizon guarantee,0.34056557898449163,0.36980136158199,0.35353908706328546,0.3820379914403808,0.37797103256789494,0.4014114011488462,0.4014114011488462
52002,physical_pilot,32,2,3,3242218805,"{""L"": 2, ""K"": 3, ""M"": 12, ""N"": 32, ""bits"": 2, ""bs_x"": [-100.0, 100.0], ""bs_y"": [0.0, 0.0], ""ue_center_x"": [-15.0, 15.0], ""ue_center_y"": [0.0, 0.0], ""ue_radius"": 7.0, ""ris_x"": 0.0, ""ris_y"": 0.0, ""c0_db"": -30.0, ""alpha_bu"": 4.5, ""alpha_br"": 2.2, ""alpha_ru"": 2.2, ""rician_k"": 3.0, ""channel_scale"": 100000.0, ""direct_link_attenuation"": 0.25, ""include_direct_intercell"": true, ""inter_ris_attenuation"": 1.0, ""ris_size_model"": ""growing_aperture"", ""ris_reference_N"": 32, ""radius_floor"": 1e-10, ""estimation_snr_db"": 10.0, ""nmse_db"": null}",07d58baf677568b6408a12178b03b7f2717b1255adf53503c918072c8e8148d7,2622975926,10.0,,0.1,0.07691881859682771,-11.139673947510149,2000,empirically calibrated per-slot radius; Gaussian errors are unbounded; no deterministic or horizon guarantee,0.4277007634761392,0.5625108282877883,0.4859808861515251,0.6225418727839758,0.6083071921610952,0.7712401951522115,0.7712401951522115
52002,isotropic_effective,32,2,3,3242218805,"{""L"": 2, ""K"": 3, ""M"": 12, ""N"": 32, ""bits"": 2, ""bs_x"": [-100.0, 100.0], ""bs_y"": [0.0, 0.0], ""ue_center_x"": [-15.0, 15.0], ""ue_center_y"": [0.0, 0.0], ""ue_radius"": 7.0, ""ris_x"": 0.0, ""ris_y"": 0.0, ""c0_db"": -30.0, ""alpha_bu"": 4.5, ""alpha_br"": 2.2, ""alpha_ru"": 2.2, ""rician_k"": 3.0, ""channel_scale"": 100000.0, ""direct_link_attenuation"": 0.25, ""include_direct_intercell"": true, ""inter_ris_attenuation"": 1.0, ""ris_size_model"": ""growing_aperture"", ""ris_reference_N"": 32, ""radius_floor"": 1e-10, ""estimation_snr_db"": 20.0, ""nmse_db"": null}",345040f061628437e8991ccd8739e4b7528854e57c2ec00c828e1c08d015dc49,2687576756,20.0,,0.01,0.009956828161521571,-20.01878988015546,2000,empirically calibrated per-slot radius; Gaussian errors are unbounded; no deterministic or horizon guarantee,0.11179776436123695,0.1212178239534361,0.11584005548219595,0.12493996014913247,0.1243157965974859,0.12996429899530557,0.12996429899530557
52002,physical_pilot,32,2,3,3242218805,"{""L"": 2, ""K"": 3, ""M"": 12, ""N"": 32, ""bits"": 2, ""bs_x"": [-100.0, 100.0], ""bs_y"": [0.0, 0.0], ""ue_center_x"": [-15.0, 15.0], ""ue_center_y"": [0.0, 0.0], ""ue_radius"": 7.0, ""ris_x"": 0.0, ""ris_y"": 0.0, ""c0_db"": -30.0, ""alpha_bu"": 4.5, ""alpha_br"": 2.2, ""alpha_ru"": 2.2, ""rician_k"": 3.0, ""channel_scale"": 100000.0, ""direct_link_attenuation"": 0.25, ""include_direct_intercell"": true, ""inter_ris_attenuation"": 1.0, ""ris_size_model"": ""growing_aperture"", ""ris_reference_N"": 32, ""radius_floor"": 1e-10, ""estimation_snr_db"": 20.0, ""nmse_db"": null}",345040f061628437e8991ccd8739e4b7528854e57c2ec00c828e1c08d015dc49,2687576756,20.0,,0.01,0.007692034259348351,-21.13958790136521,2000,empirically calibrated per-slot radius; Gaussian errors are unbounded; no deterministic or horizon guarantee,0.14046004578046886,0.1807365605305682,0.15776282455613314,0.19414902612037085,0.19063714584799357,0.22431736092826188,0.22431736092826188
52002,isotropic_effective,32,2,3,3242218805,"{""L"": 2, ""K"": 3, ""M"": 12, ""N"": 32, ""bits"": 2, ""bs_x"": [-100.0, 100.0], ""bs_y"": [0.0, 0.0], ""ue_center_x"": [-15.0, 15.0], ""ue_center_y"": [0.0, 0.0], ""ue_radius"": 7.0, ""ris_x"": 0.0, ""ris_y"": 0.0, ""c0_db"": -30.0, ""alpha_bu"": 4.5, ""alpha_br"": 2.2, ""alpha_ru"": 2.2, ""rician_k"": 3.0, ""channel_scale"": 100000.0, ""direct_link_attenuation"": 0.25, ""include_direct_intercell"": true, ""inter_ris_attenuation"": 1.0, ""ris_size_model"": ""growing_aperture"", ""ris_reference_N"": 32, ""radius_floor"": 1e-10, ""estimation_snr_db"": 30.0, ""nmse_db"": null}",6015bb61bf9007951c65e44e9d000cfca71bbafb116223581c68e5af0ccce872,517163993,30.0,,0.001,0.0009981690955851424,-30.00795880497357,2000,empirically calibrated per-slot radius; Gaussian errors are unbounded; no deterministic or horizon guarantee,0.03554626029173009,0.03845277747904836,0.036871248582552155,0.03945672165002952,0.03924572710195856,0.04147334435141461,0.04147334435141461
52002,physical_pilot,32,2,3,3242218805,"{""L"": 2, ""K"": 3, ""M"": 12, ""N"": 32, ""bits"": 2, ""bs_x"": [-100.0, 100.0], ""bs_y"": [0.0, 0.0], ""ue_center_x"": [-15.0, 15.0], ""ue_center_y"": [0.0, 0.0], ""ue_radius"": 7.0, ""ris_x"": 0.0, ""ris_y"": 0.0, ""c0_db"": -30.0, ""alpha_bu"": 4.5, ""alpha_br"": 2.2, ""alpha_ru"": 2.2, ""rician_k"": 3.0, ""channel_scale"": 100000.0, ""direct_link_attenuation"": 0.25, ""include_direct_intercell"": true, ""inter_ris_attenuation"": 1.0, ""ris_size_model"": ""growing_aperture"", ""ris_reference_N"": 32, ""radius_floor"": 1e-10, ""estimation_snr_db"": 30.0, ""nmse_db"": null}",6015bb61bf9007951c65e44e9d000cfca71bbafb116223581c68e5af0ccce872,517163993,30.0,,0.001,0.0007647341388014178,-31.16489521865292,2000,empirically calibrated per-slot radius; Gaussian errors are unbounded; no deterministic or horizon guarantee,0.044935856933323005,0.05735085649376252,0.05013973398435659,0.061067053872179235,0.06060658288412394,0.06900257576535283,0.06900257576535283
52002,isotropic_effective,32,2,3,3242218805,"{""L"": 2, ""K"": 3, ""M"": 12, ""N"": 32, ""bits"": 2, ""bs_x"": [-100.0, 100.0], ""bs_y"": [0.0, 0.0], ""ue_center_x"": [-15.0, 15.0], ""ue_center_y"": [0.0, 0.0], ""ue_radius"": 7.0, ""ris_x"": 0.0, ""ris_y"": 0.0, ""c0_db"": -30.0, ""alpha_bu"": 4.5, ""alpha_br"": 2.2, ""alpha_ru"": 2.2, ""rician_k"": 3.0, ""channel_scale"": 100000.0, ""direct_link_attenuation"": 0.25, ""include_direct_intercell"": true, ""inter_ris_attenuation"": 1.0, ""ris_size_model"": ""growing_aperture"", ""ris_reference_N"": 32, ""radius_floor"": 1e-10, ""estimation_snr_db"": 40.0, ""nmse_db"": null}",3080a6c61690f2af638ad0b379044abc6a35745d85d5738086bc4095287eae88,1232595639,40.0,,0.0001,0.00010039347720573878,-39.9829450338203,2000,empirically calibrated per-slot radius; Gaussian errors are unbounded; no deterministic or horizon guarantee,0.011268999672797585,0.012196368486597381,0.011670451294513684,0.012484336524996096,0.012417088907503027,0.013064639399020498,0.013064639399020498
52002,physical_pilot,32,2,3,3242218805,"{""L"": 2, ""K"": 3, ""M"": 12, ""N"": 32, ""bits"": 2, ""bs_x"": [-100.0, 100.0], ""bs_y"": [0.0, 0.0], ""ue_center_x"": [-15.0, 15.0], ""ue_center_y"": [0.0, 0.0], ""ue_radius"": 7.0, ""ris_x"": 0.0, ""ris_y"": 0.0, ""c0_db"": -30.0, ""alpha_bu"": 4.5, ""alpha_br"": 2.2, ""alpha_ru"": 2.2, ""rician_k"": 3.0, ""channel_scale"": 100000.0, ""direct_link_attenuation"": 0.25, ""include_direct_intercell"": true, ""inter_ris_attenuation"": 1.0, ""ris_size_model"": ""growing_aperture"", ""ris_reference_N"": 32, ""radius_floor"": 1e-10, ""estimation_snr_db"": 40.0, ""nmse_db"": null}",3080a6c61690f2af638ad0b379044abc6a35745d85d5738086bc4095287eae88,1232595639,40.0,,0.0001,7.618943131561191e-05,-41.181052680258,2000,empirically calibrated per-slot radius; Gaussian errors are unbounded; no deterministic or horizon guarantee,0.0141926023823112,0.018112875039585145,0.015826190384072434,0.019346092377058227,0.019153566009574217,0.02145964404833191,0.02145964404833191
52003,isotropic_effective,32,2,0,2468176199,"{""L"": 2, ""K"": 3, ""M"": 12, ""N"": 32, ""bits"": 2, ""bs_x"": [-100.0, 100.0], ""bs_y"": [0.0, 0.0], ""ue_center_x"": [-15.0, 15.0], ""ue_center_y"": [0.0, 0.0], ""ue_radius"": 7.0, ""ris_x"": 0.0, ""ris_y"": 0.0, ""c0_db"": -30.0, ""alpha_bu"": 4.5, ""alpha_br"": 2.2, ""alpha_ru"": 2.2, ""rician_k"": 3.0, ""channel_scale"": 100000.0, ""direct_link_attenuation"": 0.25, ""include_direct_intercell"": true, ""inter_ris_attenuation"": 1.0, ""ris_size_model"": ""growing_aperture"", ""ris_reference_N"": 32, ""radius_floor"": 1e-10, ""estimation_snr_db"": 10.0, ""nmse_db"": null}",07d58baf677568b6408a12178b03b7f2717b1255adf53503c918072c8e8148d7,2025833787,10.0,,0.1,0.10013043469774395,-9.994338984214446,2000,empirically calibrated per-slot radius; Gaussian errors are unbounded; no deterministic or horizon guarantee,0.3401202996088175,0.3692170359900816,0.3528168578755429,0.3799516762012704,0.3774341569169653,0.4006642674952688,0.4006642674952688
52003,physical_pilot,32,2,0,2468176199,"{""L"": 2, ""K"": 3, ""M"": 12, ""N"": 32, ""bits"": 2, ""bs_x"": [-100.0, 100.0], ""bs_y"": [0.0, 0.0], ""ue_center_x"": [-15.0, 15.0], ""ue_center_y"": [0.0, 0.0], ""ue_radius"": 7.0, ""ris_x"": 0.0, ""ris_y"": 0.0, ""c0_db"": -30.0, ""alpha_bu"": 4.5, ""alpha_br"": 2.2, ""alpha_ru"": 2.2, ""rician_k"": 3.0, ""channel_scale"": 100000.0, ""direct_link_attenuation"": 0.25, ""include_direct_intercell"": true, ""inter_ris_attenuation"": 1.0, ""ris_size_model"": ""growing_aperture"", ""ris_reference_N"": 32, ""radius_floor"": 1e-10, ""estimation_snr_db"": 10.0, ""nmse_db"": null}",07d58baf677568b6408a12178b03b7f2717b1255adf53503c918072c8e8148d7,2025833787,10.0,,0.1,0.15518524536085093,-8.091495727877346,2000,empirically calibrated per-slot radius; Gaussian errors are unbounded; no deterministic or horizon guarantee,0.5542794586203001,0.7232262035429822,0.6203660403875743,0.7949120740501769,0.7766822324637922,0.962478581759721,0.962478581759721
52003,isotropic_effective,32,2,0,2468176199,"{""L"": 2, ""K"": 3, ""M"": 12, ""N"": 32, ""bits"": 2, ""bs_x"": [-100.0, 100.0], ""bs_y"": [0.0, 0.0], ""ue_center_x"": [-15.0, 15.0], ""ue_center_y"": [0.0, 0.0], ""ue_radius"": 7.0, ""ris_x"": 0.0, ""ris_y"": 0.0, ""c0_db"": -30.0, ""alpha_bu"": 4.5, ""alpha_br"": 2.2, ""alpha_ru"": 2.2, ""rician_k"": 3.0, ""channel_scale"": 100000.0, ""direct_link_attenuation"": 0.25, ""include_direct_intercell"": true, ""inter_ris_attenuation"": 1.0, ""ris_size_model"": ""growing_aperture"", ""ris_reference_N"": 32, ""radius_floor"": 1e-10, ""estimation_snr_db"": 20.0, ""nmse_db"": null}",345040f061628437e8991ccd8739e4b7528854e57c2ec00c828e1c08d015dc49,1236787901,20.0,,0.01,0.010005108232984236,-19.99778208903475,2000,empirically calibrated per-slot radius; Gaussian errors are unbounded; no deterministic or horizon guarantee,0.11196950188325887,0.12121722370800649,0.1158205258192907,0.12379458814265072,0.12316368432868686,0.13029623177947008,0.13029623177947008
52003,physical_pilot,32,2,0,2468176199,"{""L"": 2, ""K"": 3, ""M"": 12, ""N"": 32, ""bits"": 2, ""bs_x"": [-100.0, 100.0], ""bs_y"": [0.0, 0.0], ""ue_center_x"": [-15.0, 15.0], ""ue_center_y"": [0.0, 0.0], ""ue_radius"": 7.0, ""ris_x"": 0.0, ""ris_y"": 0.0, ""c0_db"": -30.0, ""alpha_bu"": 4.5, ""alpha_br"": 2.2, ""alpha_ru"": 2.2, ""rician_k"": 3.0, ""channel_scale"": 100000.0, ""direct_link_attenuation"": 0.25, ""include_direct_intercell"": true, ""inter_ris_attenuation"": 1.0, ""ris_size_model"": ""growing_aperture"", ""ris_reference_N"": 32, ""radius_floor"": 1e-10, ""estimation_snr_db"": 20.0, ""nmse_db"": null}",345040f061628437e8991ccd8739e4b7528854e57c2ec00c828e1c08d015dc49,1236787901,20.0,,0.01,0.01570708808876224,-18.03904320637854,2000,empirically calibrated per-slot radius; Gaussian errors are unbounded; no deterministic or horizon guarantee,0.19872167916823763,0.25537041045832093,0.22341087117338035,0.2769165383001558,0.27151392046470074,0.3327311168454189,0.3327311168454189
52003,isotropic_effective,32,2,0,2468176199,"{""L"": 2, ""K"": 3, ""M"": 12, ""N"": 32, ""bits"": 2, ""bs_x"": [-100.0, 100.0], ""bs_y"": [0.0, 0.0], ""ue_center_x"": [-15.0, 15.0], ""ue_center_y"": [0.0, 0.0], ""ue_radius"": 7.0, ""ris_x"": 0.0, ""ris_y"": 0.0, ""c0_db"": -30.0, ""alpha_bu"": 4.5, ""alpha_br"": 2.2, ""alpha_ru"": 2.2, ""rician_k"": 3.0, ""channel_scale"": 100000.0, ""direct_link_attenuation"": 0.25, ""include_direct_intercell"": true, ""inter_ris_attenuation"": 1.0, ""ris_size_model"": ""growing_aperture"", ""ris_reference_N"": 32, ""radius_floor"": 1e-10, ""estimation_snr_db"": 30.0, ""nmse_db"": null}",6015bb61bf9007951c65e44e9d000cfca71bbafb116223581c68e5af0ccce872,825301205,30.0,,0.001,0.001001016728249566,-29.995586648525748,2000,empirically calibrated per-slot radius; Gaussian errors are unbounded; no deterministic or horizon guarantee,0.035489575833417684,0.0383541255096191,0.03672818142966848,0.03922466850495976,0.038983681648915816,0.0408925297602581,0.0408925297602581
52003,physical_pilot,32,2,0,2468176199,"{""L"": 2, ""K"": 3, ""M"": 12, ""N"": 32, ""bits"": 2, ""bs_x"": [-100.0, 100.0], ""bs_y"": [0.0, 0.0], ""ue_center_x"": [-15.0, 15.0], ""ue_center_y"": [0.0, 0.0], ""ue_radius"": 7.0, ""ris_x"": 0.0, ""ris_y"": 0.0, ""c0_db"": -30.0, ""alpha_bu"": 4.5, ""alpha_br"": 2.2, ""alpha_ru"": 2.2, ""rician_k"": 3.0, ""channel_scale"": 100000.0, ""direct_link_attenuation"": 0.25, ""include_direct_intercell"": true, ""inter_ris_attenuation"": 1.0, ""ris_size_model"": ""growing_aperture"", ""ris_reference_N"": 32, ""radius_floor"": 1e-10, ""estimation_snr_db"": 30.0, ""nmse_db"": null}",6015bb61bf9007951c65e44e9d000cfca71bbafb116223581c68e5af0ccce872,825301205,30.0,,0.001,0.0015677876251167138,-28.04712767854802,2000,empirically calibrated per-slot radius; Gaussian errors are unbounded; no deterministic or horizon guarantee,0.06347679319266442,0.08341403246461487,0.07170337163086686,0.08966970587558407,0.0882058185732141,0.1002593015942782,0.1002593015942782
52003,isotropic_effective,32,2,0,2468176199,"{""L"": 2, ""K"": 3, ""M"": 12, ""N"": 32, ""bits"": 2, ""bs_x"": [-100.0, 100.0], ""bs_y"": [0.0, 0.0], ""ue_center_x"": [-15.0, 15.0], ""ue_center_y"": [0.0, 0.0], ""ue_radius"": 7.0, ""ris_x"": 0.0, ""ris_y"": 0.0, ""c0_db"": -30.0, ""alpha_bu"": 4.5, ""alpha_br"": 2.2, ""alpha_ru"": 2.2, ""rician_k"": 3.0, ""channel_scale"": 100000.0, ""direct_link_attenuation"": 0.25, ""include_direct_intercell"": true, ""inter_ris_attenuation"": 1.0, ""ris_size_model"": ""growing_aperture"", ""ris_reference_N"": 32, ""radius_floor"": 1e-10, ""estimation_snr_db"": 40.0, ""nmse_db"": null}",3080a6c61690f2af638ad0b379044abc6a35745d85d5738086bc4095287eae88,225596807,40.0,,0.0001,9.959266403725516e-05,-40.017726503862946,2000,empirically calibrated per-slot radius; Gaussian errors are unbounded; no deterministic or horizon guarantee,0.011222303620416792,0.012066249316229072,0.011604718823415074,0.012328231338756206,0.012278148621529856,0.012934761962410368,0.012934761962410368
52003,physical_pilot,32,2,0,2468176199,"{""L"": 2, ""K"": 3, ""M"": 12, ""N"": 32, ""bits"": 2, ""bs_x"": [-100.0, 100.0], ""bs_y"": [0.0, 0.0], ""ue_center_x"": [-15.0, 15.0], ""ue_center_y"": [0.0, 0.0], ""ue_radius"": 7.0, ""ris_x"": 0.0, ""ris_y"": 0.0, ""c0_db"": -30.0, ""alpha_bu"": 4.5, ""alpha_br"": 2.2, ""alpha_ru"": 2.2, ""rician_k"": 3.0, ""channel_scale"": 100000.0, ""direct_link_attenuation"": 0.25, ""include_direct_intercell"": true, ""inter_ris_attenuation"": 1.0, ""ris_size_model"": ""growing_aperture"", ""ris_reference_N"": 32, ""radius_floor"": 1e-10, ""estimation_snr_db"": 40.0, ""nmse_db"": null}",3080a6c61690f2af638ad0b379044abc6a35745d85d5738086bc4095287eae88,225596807,40.0,,0.0001,0.00015752630926187193,-38.02646902109005,2000,empirically calibrated per-slot radius; Gaussian errors are unbounded; no deterministic or horizon guarantee,0.020043928070735805,0.02646606570641507,0.0228725351316826,0.028274116636943056,0.027985348066759782,0.03234944412291716,0.03234944412291716
52003,isotropic_effective,32,2,1,44493395,"{""L"": 2, ""K"": 3, ""M"": 12, ""N"": 32, ""bits"": 2, ""bs_x"": [-100.0, 100.0], ""bs_y"": [0.0, 0.0], ""ue_center_x"": [-15.0, 15.0], ""ue_center_y"": [0.0, 0.0], ""ue_radius"": 7.0, ""ris_x"": 0.0, ""ris_y"": 0.0, ""c0_db"": -30.0, ""alpha_bu"": 4.5, ""alpha_br"": 2.2, ""alpha_ru"": 2.2, ""rician_k"": 3.0, ""channel_scale"": 100000.0, ""direct_link_attenuation"": 0.25, ""include_direct_intercell"": true, ""inter_ris_attenuation"": 1.0, ""ris_size_model"": ""growing_aperture"", ""ris_reference_N"": 32, ""radius_floor"": 1e-10, ""estimation_snr_db"": 10.0, ""nmse_db"": null}",07d58baf677568b6408a12178b03b7f2717b1255adf53503c918072c8e8148d7,2853971800,10.0,,0.1,0.09984037546834726,-10.006937944132064,2000,empirically calibrated per-slot radius; Gaussian errors are unbounded; no deterministic or horizon guarantee,0.34122796889034684,0.37009257561566694,0.35365489740176187,0.3797382440056428,0.37761600911193766,0.40296144741098233,0.40296144741098233
52003,physical_pilot,32,2,1,44493395,"{""L"": 2, ""K"": 3, ""M"": 12, ""N"": 32, ""bits"": 2, ""bs_x"": [-100.0, 100.0], ""bs_y"": [0.0, 0.0], ""ue_center_x"": [-15.0, 15.0], ""ue_center_y"": [0.0, 0.0], ""ue_radius"": 7.0, ""ris_x"": 0.0, ""ris_y"": 0.0, ""c0_db"": -30.0, ""alpha_bu"": 4.5, ""alpha_br"": 2.2, ""alpha_ru"": 2.2, ""rician_k"": 3.0, ""channel_scale"": 100000.0, ""direct_link_attenuation"": 0.25, ""include_direct_intercell"": true, ""inter_ris_attenuation"": 1.0, ""ris_size_model"": ""growing_aperture"", ""ris_reference_N"": 32, ""radius_floor"": 1e-10, ""estimation_snr_db"": 10.0, ""nmse_db"": null}",07d58baf677568b6408a12178b03b7f2717b1255adf53503c918072c8e8148d7,2853971800,10.0,,0.1,0.11045972622520851,-9.567960375112968,2000,empirically calibrated per-slot radius; Gaussian errors are unbounded; no deterministic or horizon guarantee,0.46533360485328373,0.6175462987898145,0.5270057641134174,0.6758483666290469,0.6592464830999191,0.8105885902601159,0.8105885902601159
52003,isotropic_effective,32,2,1,44493395,"{""L"": 2, ""K"": 3, ""M"": 12, ""N"": 32, ""bits"": 2, ""bs_x"": [-100.0, 100.0], ""bs_y"": [0.0, 0.0], ""ue_center_x"": [-15.0, 15.0], ""ue_center_y"": [0.0, 0.0], ""ue_radius"": 7.0, ""ris_x"": 0.0, ""ris_y"": 0.0, ""c0_db"": -30.0, ""alpha_bu"": 4.5, ""alpha_br"": 2.2, ""alpha_ru"": 2.2, ""rician_k"": 3.0, ""channel_scale"": 100000.0, ""direct_link_attenuation"": 0.25, ""include_direct_intercell"": true, ""inter_ris_attenuation"": 1.0, ""ris_size_model"": ""growing_aperture"", ""ris_reference_N"": 32, ""radius_floor"": 1e-10, ""estimation_snr_db"": 20.0, ""nmse_db"": null}",345040f061628437e8991ccd8739e4b7528854e57c2ec00c828e1c08d015dc49,1096022201,20.0,,0.01,0.01000601678615926,-19.99738772876733,2000,empirically calibrated per-slot radius; Gaussian errors are unbounded; no deterministic or horizon guarantee,0.11202946621172163,0.12101922491197638,0.11577323239361884,0.12404402316219133,0.1234189699501933,0.13034848032373533,0.13034848032373533
52003,physical_pilot,32,2,1,44493395,"{""L"": 2, ""K"": 3, ""M"": 12, ""N"": 32, ""bits"": 2, ""bs_x"": [-100.0, 100.0], ""bs_y"": [0.0, 0.0], ""ue_center_x"": [-15.0, 15.0], ""ue_center_y"": [0.0, 0.0], ""ue_radius"": 7.0, ""ris_x"": 0.0, ""ris_y"": 0.0, ""c0_db"": -30.0, ""alpha_bu"": 4.5, ""alpha_br"": 2.2, ""alpha_ru"": 2.2, ""rician_k"": 3.0, ""channel_scale"": 100000.0, ""direct_link_attenuation"": 0.25, ""include_direct_intercell"": true, ""inter_ris_attenuation"": 1.0, ""ris_size_model"": ""growing_aperture"", ""ris_reference_N"": 32, ""radius_floor"": 1e-10, ""estimation_snr_db"": 20.0, ""nmse_db"": null}",345040f061628437e8991ccd8739e4b7528854e57c2ec00c828e1c08d015dc49,1096022201,20.0,,0.01,0.010932410023977244,-19.61284088302885,2000,empirically calibrated per-slot radius; Gaussian errors are unbounded; no deterministic or horizon guarantee,0.15322086122666256,0.20436450662239633,0.17296450051978052,0.22262667546259385,0.21696760796972378,0.2581806845614938,0.2581806845614938
52003,isotropic_effective,32,2,1,44493395,"{""L"": 2, ""K"": 3, ""M"": 12, ""N"": 32, ""bits"": 2, ""bs_x"": [-100.0, 100.0], ""bs_y"": [0.0, 0.0], ""ue_center_x"": [-15.0, 15.0], ""ue_center_y"": [0.0, 0.0], ""ue_radius"": 7.0, ""ris_x"": 0.0, ""ris_y"": 0.0, ""c0_db"": -30.0, ""alpha_bu"": 4.5, ""alpha_br"": 2.2, ""alpha_ru"": 2.2, ""rician_k"": 3.0, ""channel_scale"": 100000.0, ""direct_link_attenuation"": 0.25, ""include_direct_intercell"": true, ""inter_ris_attenuation"": 1.0, ""ris_size_model"": ""growing_aperture"", ""ris_reference_N"": 32, ""radius_floor"": 1e-10, ""estimation_snr_db"": 30.0, ""nmse_db"": null}",6015bb61bf9007951c65e44e9d000cfca71bbafb116223581c68e5af0ccce872,1295890915,30.0,,0.001,0.001001453395680842,-29.993692565247603,2000,empirically calibrated per-slot radius; Gaussian errors are unbounded; no deterministic or horizon guarantee,0.03554709555575776,0.03847799984347762,0.036821450745870565,0.03938649592306904,0.03919646763744662,0.04151503836942088,0.04151503836942088
52003,physical_pilot,32,2,1,44493395,"{""L"": 2, ""K"": 3, ""M"": 12, ""N"": 32, ""bits"": 2, ""bs_x"": [-100.0, 100.0], ""bs_y"": [0.0, 0.0], ""ue_center_x"": [-15.0, 15.0], ""ue_center_y"": [0.0, 0.0], ""ue_radius"": 7.0, ""ris_x"": 0.0, ""ris_y"": 0.0, ""c0_db"": -30.0, ""alpha_bu"": 4.5, ""alpha_br"": 2.2, ""alpha_ru"": 2.2, ""rician_k"": 3.0, ""channel_scale"": 100000.0, ""direct_link_attenuation"": 0.25, ""include_direct_intercell"": true, ""inter_ris_attenuation"": 1.0, ""ris_size_model"": ""growing_aperture"", ""ris_reference_N"": 32, ""radius_floor"": 1e-10, ""estimation_snr_db"": 30.0, ""nmse_db"": null}",6015bb61bf9007951c65e44e9d000cfca71bbafb116223581c68e5af0ccce872,1295890915,30.0,,0.001,0.0010898922259751176,-29.626164451588373,2000,empirically calibrated per-slot radius; Gaussian errors are unbounded; no deterministic or horizon guarantee,0.04855298851323065,0.0649598772164752,0.05540737750606032,0.07095893842124176,0.06915566523902424,0.08118578163060906,0.08118578163060906
52003,isotropic_effective,32,2,1,44493395,"{""L"": 2, ""K"": 3, ""M"": 12, ""N"": 32, ""bits"": 2, ""bs_x"": [-100.0, 100.0], ""bs_y"": [0.0, 0.0], ""ue_center_x"": [-15.0, 15.0], ""ue_center_y"": [0.0, 0.0], ""ue_radius"": 7.0, ""ris_x"": 0.0, ""ris_y"": 0.0, ""c0_db"": -30.0, ""alpha_bu"": 4.5, ""alpha_br"": 2.2, ""alpha_ru"": 2.2, ""rician_k"": 3.0, ""channel_scale"": 100000.0, ""direct_link_attenuation"": 0.25, ""include_direct_intercell"": true, ""inter_ris_attenuation"": 1.0, ""ris_size_model"": ""growing_aperture"", ""ris_reference_N"": 32, ""radius_floor"": 1e-10, ""estimation_snr_db"": 40.0, ""nmse_db"": null}",3080a6c61690f2af638ad0b379044abc6a35745d85d5738086bc4095287eae88,608340868,40.0,,0.0001,9.975544249328367e-05,-40.010634006003976,2000,empirically calibrated per-slot radius; Gaussian errors are unbounded; no deterministic or horizon guarantee,0.011256323107017876,0.012166979905161374,0.011673800150566734,0.012454086296817176,0.01241312127869772,0.013046224443310214,0.013046224443310214
52003,physical_pilot,32,2,1,44493395,"{""L"": 2, ""K"": 3, ""M"": 12, ""N"": 32, ""bits"": 2, ""bs_x"": [-100.0, 100.0], ""bs_y"": [0.0, 0.0], ""ue_center_x"": [-15.0, 15.0], ""ue_center_y"": [0.0, 0.0], ""ue_radius"": 7.0, ""ris_x"": 0.0, ""ris_y"": 0.0, ""c0_db"": -30.0, ""alpha_bu"": 4.5, ""alpha_br"": 2.2, ""alpha_ru"": 2.2, ""rician_k"": 3.0, ""channel_scale"": 100000.0, ""direct_link_attenuation"": 0.25, ""include_direct_intercell"": true, ""inter_ris_attenuation"": 1.0, ""ris_size_model"": ""growing_aperture"", ""ris_reference_N"": 32, ""radius_floor"": 1e-10, ""estimation_snr_db"": 40.0, ""nmse_db"": null}",3080a6c61690f2af638ad0b379044abc6a35745d85d5738086bc4095287eae88,608340868,40.0,,0.0001,0.00011017739325583672,-39.57907507039827,2000,empirically calibrated per-slot radius; Gaussian errors are unbounded; no deterministic or horizon guarantee,0.015510776864862614,0.020694794416986125,0.01756045165680736,0.02241377947424514,0.022032886045404963,0.026022677894212552,0.026022677894212552
52003,isotropic_effective,32,2,2,2824302747,"{""L"": 2, ""K"": 3, ""M"": 12, ""N"": 32, ""bits"": 2, ""bs_x"": [-100.0, 100.0], ""bs_y"": [0.0, 0.0], ""ue_center_x"": [-15.0, 15.0], ""ue_center_y"": [0.0, 0.0], ""ue_radius"": 7.0, ""ris_x"": 0.0, ""ris_y"": 0.0, ""c0_db"": -30.0, ""alpha_bu"": 4.5, ""alpha_br"": 2.2, ""alpha_ru"": 2.2, ""rician_k"": 3.0, ""channel_scale"": 100000.0, ""direct_link_attenuation"": 0.25, ""include_direct_intercell"": true, ""inter_ris_attenuation"": 1.0, ""ris_size_model"": ""growing_aperture"", ""ris_reference_N"": 32, ""radius_floor"": 1e-10, ""estimation_snr_db"": 10.0, ""nmse_db"": null}",07d58baf677568b6408a12178b03b7f2717b1255adf53503c918072c8e8148d7,3984205793,10.0,,0.1,0.09980627979882772,-10.008421320976346,2000,empirically calibrated per-slot radius; Gaussian errors are unbounded; no deterministic or horizon guarantee,0.3398924612961297,0.3708904626380669,0.35263941770429225,0.38187860867520956,0.3795468551050244,0.4042420111540064,0.4042420111540064
52003,physical_pilot,32,2,2,2824302747,"{""L"": 2, ""K"": 3, ""M"": 12, ""N"": 32, ""bits"": 2, ""bs_x"": [-100.0, 100.0], ""bs_y"": [0.0, 0.0], ""ue_center_x"": [-15.0, 15.0], ""ue_center_y"": [0.0, 0.0], ""ue_radius"": 7.0, ""ris_x"": 0.0, ""ris_y"": 0.0, ""c0_db"": -30.0, ""alpha_bu"": 4.5, ""alpha_br"": 2.2, ""alpha_ru"": 2.2, ""rician_k"": 3.0, ""channel_scale"": 100000.0, ""direct_link_attenuation"": 0.25, ""include_direct_intercell"": true, ""inter_ris_attenuation"": 1.0, ""ris_size_model"": ""growing_aperture"", ""ris_reference_N"": 32, ""radius_floor"": 1e-10, ""estimation_snr_db"": 10.0, ""nmse_db"": null}",07d58baf677568b6408a12178b03b7f2717b1255adf53503c918072c8e8148d7,3984205793,10.0,,0.1,0.08657016952056723,-10.626317320521359,2000,empirically calibrated per-slot radius; Gaussian errors are unbounded; no deterministic or horizon guarantee,0.4386350475195793,0.5664921966355059,0.49216711471256447,0.6268594147572502,0.6086737440140603,0.7448476018618686,0.7448476018618686
52003,isotropic_effective,32,2,2,2824302747,"{""L"": 2, ""K"": 3, ""M"": 12, ""N"": 32, ""bits"": 2, ""bs_x"": [-100.0, 100.0], ""bs_y"": [0.0, 0.0], ""ue_center_x"": [-15.0, 15.0], ""ue_center_y"": [0.0, 0.0], ""ue_radius"": 7.0, ""ris_x"": 0.0, ""ris_y"": 0.0, ""c0_db"": -30.0, ""alpha_bu"": 4.5, ""alpha_br"": 2.2, ""alpha_ru"": 2.2, ""rician_k"": 3.0, ""channel_scale"": 100000.0, ""direct_link_attenuation"": 0.25, ""include_direct_intercell"": true, ""inter_ris_attenuation"": 1.0, ""ris_size_model"": ""growing_aperture"", ""ris_reference_N"": 32, ""radius_floor"": 1e-10, ""estimation_snr_db"": 20.0, ""nmse_db"": null}",345040f061628437e8991ccd8739e4b7528854e57c2ec00c828e1c08d015dc49,916831140,20.0,,0.01,0.009998156485973986,-20.000800701776328,2000,empirically calibrated per-slot radius; Gaussian errors are unbounded; no deterministic or horizon guarantee,0.11228155658411411,0.12048652621688342,0.11610009740109041,0.12403946895231374,0.12303393094499183,0.1289610022885934,0.1289610022885934
52003,physical_pilot,32,2,2,2824302747,"{""L"": 2, ""K"": 3, ""M"": 12, ""N"": 32, ""bits"": 2, ""bs_x"": [-100.0, 100.0], ""bs_y"": [0.0, 0.0], ""ue_center_x"": [-15.0, 15.0], ""ue_center_y"": [0.0, 0.0], ""ue_radius"": 7.0, ""ris_x"": 0.0, ""ris_y"": 0.0, ""c0_db"": -30.0, ""alpha_bu"": 4.5, ""alpha_br"": 2.2, ""alpha_ru"": 2.2, ""rician_k"": 3.0, ""channel_scale"": 100000.0, ""direct_link_attenuation"": 0.25, ""include_direct_intercell"": true, ""inter_ris_attenuation"": 1.0, ""ris_size_model"": ""growing_aperture"", ""ris_reference_N"": 32, ""radius_floor"": 1e-10, ""estimation_snr_db"": 20.0, ""nmse_db"": null}",345040f061628437e8991ccd8739e4b7528854e57c2ec00c828e1c08d015dc49,916831140,20.0,,0.01,0.008635402630797878,-20.63717408385206,2000,empirically calibrated per-slot radius; Gaussian errors are unbounded; no deterministic or horizon guarantee,0.1453745806564436,0.18472531725795643,0.16126606060555032,0.20011786504747542,0.19651692814121535,0.22908124266222102,0.22908124266222102
52003,isotropic_effective,32,2,2,2824302747,"{""L"": 2, ""K"": 3, ""M"": 12, ""N"": 32, ""bits"": 2, ""bs_x"": [-100.0, 100.0], ""bs_y"": [0.0, 0.0], ""ue_center_x"": [-15.0, 15.0], ""ue_center_y"": [0.0, 0.0], ""ue_radius"": 7.0, ""ris_x"": 0.0, ""ris_y"": 0.0, ""c0_db"": -30.0, ""alpha_bu"": 4.5, ""alpha_br"": 2.2, ""alpha_ru"": 2.2, ""rician_k"": 3.0, ""channel_scale"": 100000.0, ""direct_link_attenuation"": 0.25, ""include_direct_intercell"": true, ""inter_ris_attenuation"": 1.0, ""ris_size_model"": ""growing_aperture"", ""ris_reference_N"": 32, ""radius_floor"": 1e-10, ""estimation_snr_db"": 30.0, ""nmse_db"": null}",6015bb61bf9007951c65e44e9d000cfca71bbafb116223581c68e5af0ccce872,3973631876,30.0,,0.001,0.001001730325444475,-29.99249178603082,2000,empirically calibrated per-slot radius; Gaussian errors are unbounded; no deterministic or horizon guarantee,0.03557125712199811,0.03848152093293425,0.03678432241591254,0.039326560409484894,0.03919250653831728,0.0411828437855126,0.0411828437855126
52003,physical_pilot,32,2,2,2824302747,"{""L"": 2, ""K"": 3, ""M"": 12, ""N"": 32, ""bits"": 2, ""bs_x"": [-100.0, 100.0], ""bs_y"": [0.0, 0.0], ""ue_center_x"": [-15.0, 15.0], ""ue_center_y"": [0.0, 0.0], ""ue_radius"": 7.0, ""ris_x"": 0.0, ""ris_y"": 0.0, ""c0_db"": -30.0, ""alpha_bu"": 4.5, ""alpha_br"": 2.2, ""alpha_ru"": 2.2, ""rician_k"": 3.0, ""channel_scale"": 100000.0, ""direct_link_attenuation"": 0.25, ""include_direct_intercell"": true, ""inter_ris_attenuation"": 1.0, ""ris_size_model"": ""growing_aperture"", ""ris_reference_N"": 32, ""radius_floor"": 1e-10, ""estimation_snr_db"": 30.0, ""nmse_db"": null}",6015bb61bf9007951c65e44e9d000cfca71bbafb116223581c68e5af0ccce872,3973631876,30.0,,0.001,0.0008680279822550037,-30.614662744282786,2000,empirically calibrated per-slot radius; Gaussian errors are unbounded; no deterministic or horizon guarantee,0.04625157616170158,0.05834322099067776,0.05129203346437499,0.06304945456378017,0.06194161081199727,0.07349662135212583,0.07349662135212583
52003,isotropic_effective,32,2,2,2824302747,"{""L"": 2, ""K"": 3, ""M"": 12, ""N"": 32, ""bits"": 2, ""bs_x"": [-100.0, 100.0], ""bs_y"": [0.0, 0.0], ""ue_center_x"": [-15.0, 15.0], ""ue_center_y"": [0.0, 0.0], ""ue_radius"": 7.0, ""ris_x"": 0.0, ""ris_y"": 0.0, ""c0_db"": -30.0, ""alpha_bu"": 4.5, ""alpha_br"": 2.2, ""alpha_ru"": 2.2, ""rician_k"": 3.0, ""channel_scale"": 100000.0, ""direct_link_attenuation"": 0.25, ""include_direct_intercell"": true, ""inter_ris_attenuation"": 1.0, ""ris_size_model"": ""growing_aperture"", ""ris_reference_N"": 32, ""radius_floor"": 1e-10, ""estimation_snr_db"": 40.0, ""nmse_db"": null}",3080a6c61690f2af638ad0b379044abc6a35745d85d5738086bc4095287eae88,2668861652,40.0,,0.0001,9.9502833376669e-05,-40.021645523966605,2000,empirically calibrated per-slot radius; Gaussian errors are unbounded; no deterministic or horizon guarantee,0.011258735326427027,0.01218497872559224,0.011642045306346879,0.012519309905772977,0.012433610151779928,0.01299688170824863,0.01299688170824863
52003,physical_pilot,32,2,2,2824302747,"{""L"": 2, ""K"": 3, ""M"": 12, ""N"": 32, ""bits"": 2, ""bs_x"": [-100.0, 100.0], ""bs_y"": [0.0, 0.0], ""ue_center_x"": [-15.0, 15.0], ""ue_center_y"": [0.0, 0.0], ""ue_radius"": 7.0, ""ris_x"": 0.0, ""ris_y"": 0.0, ""c0_db"": -30.0, ""alpha_bu"": 4.5, ""alpha_br"": 2.2, ""alpha_ru"": 2.2, ""rician_k"": 3.0, ""channel_scale"": 100000.0, ""direct_link_attenuation"": 0.25, ""include_direct_intercell"": true, ""inter_ris_attenuation"": 1.0, ""ris_size_model"": ""growing_aperture"", ""ris_reference_N"": 32, ""radius_floor"": 1e-10, ""estimation_snr_db"": 40.0, ""nmse_db"": null}",3080a6c61690f2af638ad0b379044abc6a35745d85d5738086bc4095287eae88,2668861652,40.0,,0.0001,8.746562705517629e-05,-40.581625859849815,2000,empirically calibrated per-slot radius; Gaussian errors are unbounded; no deterministic or horizon guarantee,0.014677873797240169,0.018294920645961894,0.01619968496584758,0.019557387913736485,0.019265534520178543,0.02259211297421559,0.02259211297421559
52003,isotropic_effective,32,2,3,2898717562,"{""L"": 2, ""K"": 3, ""M"": 12, ""N"": 32, ""bits"": 2, ""bs_x"": [-100.0, 100.0], ""bs_y"": [0.0, 0.0], ""ue_center_x"": [-15.0, 15.0], ""ue_center_y"": [0.0, 0.0], ""ue_radius"": 7.0, ""ris_x"": 0.0, ""ris_y"": 0.0, ""c0_db"": -30.0, ""alpha_bu"": 4.5, ""alpha_br"": 2.2, ""alpha_ru"": 2.2, ""rician_k"": 3.0, ""channel_scale"": 100000.0, ""direct_link_attenuation"": 0.25, ""include_direct_intercell"": true, ""inter_ris_attenuation"": 1.0, ""ris_size_model"": ""growing_aperture"", ""ris_reference_N"": 32, ""radius_floor"": 1e-10, ""estimation_snr_db"": 10.0, ""nmse_db"": null}",07d58baf677568b6408a12178b03b7f2717b1255adf53503c918072c8e8148d7,761348361,10.0,,0.1,0.09989961820839889,-10.004361715368049,2000,empirically calibrated per-slot radius; Gaussian errors are unbounded; no deterministic or horizon guarantee,0.34147255400795173,0.3706673251670468,0.3541763923981692,0.37985340276415824,0.37732815415501286,0.40083268239955583,0.40083268239955583
52003,physical_pilot,32,2,3,2898717562,"{""L"": 2, ""K"": 3, ""M"": 12, ""N"": 32, ""bits"": 2, ""bs_x"": [-100.0, 100.0], ""bs_y"": [0.0, 0.0], ""ue_center_x"": [-15.0, 15.0], ""ue_center_y"": [0.0, 0.0], ""ue_radius"": 7.0, ""ris_x"": 0.0, ""ris_y"": 0.0, ""c0_db"": -30.0, ""alpha_bu"": 4.5, ""alpha_br"": 2.2, ""alpha_ru"": 2.2, ""rician_k"": 3.0, ""channel_scale"": 100000.0, ""direct_link_attenuation"": 0.25, ""include_direct_intercell"": true, ""inter_ris_attenuation"": 1.0, ""ris_size_model"": ""growing_aperture"", ""ris_reference_N"": 32, ""radius_floor"": 1e-10, ""estimation_snr_db"": 10.0, ""nmse_db"": null}",07d58baf677568b6408a12178b03b7f2717b1255adf53503c918072c8e8148d7,761348361,10.0,,0.1,0.12967076184389334,-8.871579375729695,2000,empirically calibrated per-slot radius; Gaussian errors are unbounded; no deterministic or horizon guarantee,0.45135224706925986,0.5869005385517789,0.5057265302791729,0.6330356462973755,0.6234683587841685,0.7447135203324101,0.7447135203324101
52003,isotropic_effective,32,2,3,2898717562,"{""L"": 2, ""K"": 3, ""M"": 12, ""N"": 32, ""bits"": 2, ""bs_x"": [-100.0, 100.0], ""bs_y"": [0.0, 0.0], ""ue_center_x"": [-15.0, 15.0], ""ue_center_y"": [0.0, 0.0], ""ue_radius"": 7.0, ""ris_x"": 0.0, ""ris_y"": 0.0, ""c0_db"": -30.0, ""alpha_bu"": 4.5, ""alpha_br"": 2.2, ""alpha_ru"": 2.2, ""rician_k"": 3.0, ""channel_scale"": 100000.0, ""direct_link_attenuation"": 0.25, ""include_direct_intercell"": true, ""inter_ris_attenuation"": 1.0, ""ris_size_model"": ""growing_aperture"", ""ris_reference_N"": 32, ""radius_floor"": 1e-10, ""estimation_snr_db"": 20.0, ""nmse_db"": null}",345040f061628437e8991ccd8739e4b7528854e57c2ec00c828e1c08d015dc49,1820352081,20.0,,0.01,0.009991855771727782,-20.003538434484554,2000,empirically calibrated per-slot radius; Gaussian errors are unbounded; no deterministic or horizon guarantee,0.11183919718102515,0.12089401740287105,0.11565847237929412,0.12361353928023709,0.12319628858358217,0.12949567542487805,0.12949567542487805
52003,physical_pilot,32,2,3,2898717562,"{""L"": 2, ""K"": 3, ""M"": 12, ""N"": 32, ""bits"": 2, ""bs_x"": [-100.0, 100.0], ""bs_y"": [0.0, 0.0], ""ue_center_x"": [-15.0, 15.0], ""ue_center_y"": [0.0, 0.0], ""ue_radius"": 7.0, ""ris_x"": 0.0, ""ris_y"": 0.0, ""c0_db"": -30.0, ""alpha_bu"": 4.5, ""alpha_br"": 2.2, ""alpha_ru"": 2.2, ""rician_k"": 3.0, ""channel_scale"": 100000.0, ""direct_link_attenuation"": 0.25, ""include_direct_intercell"": true, ""inter_ris_attenuation"": 1.0, ""ris_size_model"": ""growing_aperture"", ""ris_reference_N"": 32, ""radius_floor"": 1e-10, ""estimation_snr_db"": 20.0, ""nmse_db"": null}",345040f061628437e8991ccd8739e4b7528854e57c2ec00c828e1c08d015dc49,1820352081,20.0,,0.01,0.01306263579303289,-18.839691817997355,2000,empirically calibrated per-slot radius; Gaussian errors are unbounded; no deterministic or horizon guarantee,0.14877450629655936,0.1856016448928263,0.16337791295453621,0.2011446168287066,0.19817001420116662,0.2319249490039765,0.2319249490039765
52003,isotropic_effective,32,2,3,2898717562,"{""L"": 2, ""K"": 3, ""M"": 12, ""N"": 32, ""bits"": 2, ""bs_x"": [-100.0, 100.0], ""bs_y"": [0.0, 0.0], ""ue_center_x"": [-15.0, 15.0], ""ue_center_y"": [0.0, 0.0], ""ue_radius"": 7.0, ""ris_x"": 0.0, ""ris_y"": 0.0, ""c0_db"": -30.0, ""alpha_bu"": 4.5, ""alpha_br"": 2.2, ""alpha_ru"": 2.2, ""rician_k"": 3.0, ""channel_scale"": 100000.0, ""direct_link_attenuation"": 0.25, ""include_direct_intercell"": true, ""inter_ris_attenuation"": 1.0, ""ris_size_model"": ""growing_aperture"", ""ris_reference_N"": 32, ""radius_floor"": 1e-10, ""estimation_snr_db"": 30.0, ""nmse_db"": null}",6015bb61bf9007951c65e44e9d000cfca71bbafb116223581c68e5af0ccce872,2283985691,30.0,,0.001,0.0010015309880834322,-29.993356087813506,2000,empirically calibrated per-slot radius; Gaussian errors are unbounded; no deterministic or horizon guarantee,0.035570809534343745,0.03835634814381535,0.036844351314922384,0.039161694945808456,0.03900326966384467,0.04106519056494843,0.04106519056494843
52003,physical_pilot,32,2,3,2898717562,"{""L"": 2, ""K"": 3, ""M"": 12, ""N"": 32, ""bits"": 2, ""bs_x"": [-100.0, 100.0], ""bs_y"": [0.0, 0.0], ""ue_center_x"": [-15.0, 15.0], ""ue_center_y"": [0.0, 0.0], ""ue_radius"": 7.0, ""ris_x"": 0.0, ""ris_y"": 0.0, ""c0_db"": -30.0, ""alpha_bu"": 4.5, ""alpha_br"": 2.2, ""alpha_ru"": 2.2, ""rician_k"": 3.0, ""channel_scale"": 100000.0, ""direct_link_attenuation"": 0.25, ""include_direct_intercell"": true, ""inter_ris_attenuation"": 1.0, ""ris_size_model"": ""growing_aperture"", ""ris_reference_N"": 32, ""radius_floor"": 1e-10, ""estimation_snr_db"": 30.0, ""nmse_db"": null}",6015bb61bf9007951c65e44e9d000cfca71bbafb116223581c68e5af0ccce872,2283985691,30.0,,0.001,0.0013048445484133968,-28.844412245613974,2000,empirically calibrated per-slot radius; Gaussian errors are unbounded; no deterministic or horizon guarantee,0.047539761820437995,0.058909348326602474,0.05217829652727942,0.06252390940554434,0.062059164217679874,0.06959895602520295,0.06959895602520295
52003,isotropic_effective,32,2,3,2898717562,"{""L"": 2, ""K"": 3, ""M"": 12, ""N"": 32, ""bits"": 2, ""bs_x"": [-100.0, 100.0], ""bs_y"": [0.0, 0.0], ""ue_center_x"": [-15.0, 15.0], ""ue_center_y"": [0.0, 0.0], ""ue_radius"": 7.0, ""ris_x"": 0.0, ""ris_y"": 0.0, ""c0_db"": -30.0, ""alpha_bu"": 4.5, ""alpha_br"": 2.2, ""alpha_ru"": 2.2, ""rician_k"": 3.0, ""channel_scale"": 100000.0, ""direct_link_attenuation"": 0.25, ""include_direct_intercell"": true, ""inter_ris_attenuation"": 1.0, ""ris_size_model"": ""growing_aperture"", ""ris_reference_N"": 32, ""radius_floor"": 1e-10, ""estimation_snr_db"": 40.0, ""nmse_db"": null}",3080a6c61690f2af638ad0b379044abc6a35745d85d5738086bc4095287eae88,553298406,40.0,,0.0001,0.00010008992713442622,-39.99609626916821,2000,empirically calibrated per-slot radius; Gaussian errors are unbounded; no deterministic or horizon guarantee,0.011281777748297453,0.012176822007987002,0.011678801303361235,0.01246864222685008,0.0124135882923834,0.013108235589847127,0.013108235589847127
52003,physical_pilot,32,2,3,2898717562,"{""L"": 2, ""K"": 3, ""M"": 12, ""N"": 32, ""bits"": 2, ""bs_x"": [-100.0, 100.0], ""bs_y"": [0.0, 0.0], ""ue_center_x"": [-15.0, 15.0], ""ue_center_y"": [0.0, 0.0], ""ue_radius"": 7.0, ""ris_x"": 0.0, ""ris_y"": 0.0, ""c0_db"": -30.0, ""alpha_bu"": 4.5, ""alpha_br"": 2.2, ""alpha_ru"": 2.2, ""rician_k"": 3.0, ""channel_scale"": 100000.0, ""direct_link_attenuation"": 0.25, ""include_direct_intercell"": true, ""inter_ris_attenuation"": 1.0, ""ris_size_model"": ""growing_aperture"", ""ris_reference_N"": 32, ""radius_floor"": 1e-10, ""estimation_snr_db"": 40.0, ""nmse_db"": null}",3080a6c61690f2af638ad0b379044abc6a35745d85d5738086bc4095287eae88,553298406,40.0,,0.0001,0.00012894513685388965,-38.89595032567125,2000,empirically calibrated per-slot radius; Gaussian errors are unbounded; no deterministic or horizon guarantee,0.014847051428700792,0.01823136914170424,0.01635909781374939,0.01948251382278873,0.019171443567070883,0.02302524325890069,0.02302524325890069
52004,isotropic_effective,32,2,0,2640045482,"{""L"": 2, ""K"": 3, ""M"": 12, ""N"": 32, ""bits"": 2, ""bs_x"": [-100.0, 100.0], ""bs_y"": [0.0, 0.0], ""ue_center_x"": [-15.0, 15.0], ""ue_center_y"": [0.0, 0.0], ""ue_radius"": 7.0, ""ris_x"": 0.0, ""ris_y"": 0.0, ""c0_db"": -30.0, ""alpha_bu"": 4.5, ""alpha_br"": 2.2, ""alpha_ru"": 2.2, ""rician_k"": 3.0, ""channel_scale"": 100000.0, ""direct_link_attenuation"": 0.25, ""include_direct_intercell"": true, ""inter_ris_attenuation"": 1.0, ""ris_size_model"": ""growing_aperture"", ""ris_reference_N"": 32, ""radius_floor"": 1e-10, ""estimation_snr_db"": 10.0, ""nmse_db"": null}",07d58baf677568b6408a12178b03b7f2717b1255adf53503c918072c8e8148d7,2477468768,10.0,,0.1,0.10015635337181308,-9.993214962275923,2000,empirically calibrated per-slot radius; Gaussian errors are unbounded; no deterministic or horizon guarantee,0.3409676480351233,0.36908432305828526,0.3531191798375531,0.37907264593519496,0.37583053712478043,0.4004483911797795,0.4004483911797795
52004,physical_pilot,32,2,0,2640045482,"{""L"": 2, ""K"": 3, ""M"": 12, ""N"": 32, ""bits"": 2, ""bs_x"": [-100.0, 100.0], ""bs_y"": [0.0, 0.0], ""ue_center_x"": [-15.0, 15.0], ""ue_center_y"": [0.0, 0.0], ""ue_radius"": 7.0, ""ris_x"": 0.0, ""ris_y"": 0.0, ""c0_db"": -30.0, ""alpha_bu"": 4.5, ""alpha_br"": 2.2, ""alpha_ru"": 2.2, ""rician_k"": 3.0, ""channel_scale"": 100000.0, ""direct_link_attenuation"": 0.25, ""include_direct_intercell"": true, ""inter_ris_attenuation"": 1.0, ""ris_size_model"": ""growing_aperture"", ""ris_reference_N"": 32, ""radius_floor"": 1e-10, ""estimation_snr_db"": 10.0, ""nmse_db"": null}",07d58baf677568b6408a12178b03b7f2717b1255adf53503c918072c8e8148d7,2477468768,10.0,,0.1,0.14008168544692087,-8.5361864151132,2000,empirically calibrated per-slot radius; Gaussian errors are unbounded; no deterministic or horizon guarantee,0.5009485182919079,0.6595700806729267,0.5656324830981652,0.7131565036543597,0.7036749321874912,0.8877908425212212,0.8877908425212212
52004,isotropic_effective,32,2,0,2640045482,"{""L"": 2, ""K"": 3, ""M"": 12, ""N"": 32, ""bits"": 2, ""bs_x"": [-100.0, 100.0], ""bs_y"": [0.0, 0.0], ""ue_center_x"": [-15.0, 15.0], ""ue_center_y"": [0.0, 0.0], ""ue_radius"": 7.0, ""ris_x"": 0.0, ""ris_y"": 0.0, ""c0_db"": -30.0, ""alpha_bu"": 4.5, ""alpha_br"": 2.2, ""alpha_ru"": 2.2, ""rician_k"": 3.0, ""channel_scale"": 100000.0, ""direct_link_attenuation"": 0.25, ""include_direct_intercell"": true, ""inter_ris_attenuation"": 1.0, ""ris_size_model"": ""growing_aperture"", ""ris_reference_N"": 32, ""radius_floor"": 1e-10, ""estimation_snr_db"": 20.0, ""nmse_db"": null}",345040f061628437e8991ccd8739e4b7528854e57c2ec00c828e1c08d015dc49,973857599,20.0,,0.01,0.009999143143919169,-20.000372143811603,2000,empirically calibrated per-slot radius; Gaussian errors are unbounded; no deterministic or horizon guarantee,0.1119222879729695,0.12136500778534678,0.11597354745316604,0.12437383268520324,0.12369044729520536,0.1296315232327333,0.1296315232327333
52004,physical_pilot,32,2,0,2640045482,"{""L"": 2, ""K"": 3, ""M"": 12, ""N"": 32, ""bits"": 2, ""bs_x"": [-100.0, 100.0], ""bs_y"": [0.0, 0.0], ""ue_center_x"": [-15.0, 15.0], ""ue_center_y"": [0.0, 0.0], ""ue_radius"": 7.0, ""ris_x"": 0.0, ""ris_y"": 0.0, ""c0_db"": -30.0, ""alpha_bu"": 4.5, ""alpha_br"": 2.2, ""alpha_ru"": 2.2, ""rician_k"": 3.0, ""channel_scale"": 100000.0, ""direct_link_attenuation"": 0.25, ""include_direct_intercell"": true, ""inter_ris_attenuation"": 1.0, ""ris_size_model"": ""growing_aperture"", ""ris_reference_N"": 32, ""radius_floor"": 1e-10, ""estimation_snr_db"": 20.0, ""nmse_db"": null}",345040f061628437e8991ccd8739e4b7528854e57c2ec00c828e1c08d015dc49,973857599,20.0,,0.01,0.014201157092190076,-18.47676268414102,2000,empirically calibrated per-slot radius; Gaussian errors are unbounded; no deterministic or horizon guarantee,0.17015681444438177,0.2134213430644007,0.1884439801139284,0.2314904533593311,0.22653026204540228,0.2588101997675323,0.2588101997675323
52004,isotropic_effective,32,2,0,2640045482,"{""L"": 2, ""K"": 3, ""M"": 12, ""N"": 32, ""bits"": 2, ""bs_x"": [-100.0, 100.0], ""bs_y"": [0.0, 0.0], ""ue_center_x"": [-15.0, 15.0], ""ue_center_y"": [0.0, 0.0], ""ue_radius"": 7.0, ""ris_x"": 0.0, ""ris_y"": 0.0, ""c0_db"": -30.0, ""alpha_bu"": 4.5, ""alpha_br"": 2.2, ""alpha_ru"": 2.2, ""rician_k"": 3.0, ""channel_scale"": 100000.0, ""direct_link_attenuation"": 0.25, ""include_direct_intercell"": true, ""inter_ris_attenuation"": 1.0, ""ris_size_model"": ""growing_aperture"", ""ris_reference_N"": 32, ""radius_floor"": 1e-10, ""estimation_snr_db"": 30.0, ""nmse_db"": null}",6015bb61bf9007951c65e44e9d000cfca71bbafb116223581c68e5af0ccce872,4014518033,30.0,,0.001,0.0009992906202995699,-30.003081890139146,2000,empirically calibrated per-slot radius; Gaussian errors are unbounded; no deterministic or horizon guarantee,0.035568895990060675,0.0382458114734893,0.03672807127516833,0.03936542841847269,0.03911876210881157,0.04147568305324451,0.04147568305324451
52004,physical_pilot,32,2,0,2640045482,"{""L"": 2, ""K"": 3, ""M"": 12, ""N"": 32, ""bits"": 2, ""bs_x"": [-100.0, 100.0], ""bs_y"": [0.0, 0.0], ""ue_center_x"": [-15.0, 15.0], ""ue_center_y"": [0.0, 0.0], ""ue_radius"": 7.0, ""ris_x"": 0.0, ""ris_y"": 0.0, ""c0_db"": -30.0, ""alpha_bu"": 4.5, ""alpha_br"": 2.2, ""alpha_ru"": 2.2, ""rician_k"": 3.0, ""channel_scale"": 100000.0, ""direct_link_attenuation"": 0.25, ""include_direct_intercell"": true, ""inter_ris_attenuation"": 1.0, ""ris_size_model"": ""growing_aperture"", ""ris_reference_N"": 32, ""radius_floor"": 1e-10, ""estimation_snr_db"": 30.0, ""nmse_db"": null}",6015bb61bf9007951c65e44e9d000cfca71bbafb116223581c68e5af0ccce872,4014518033,30.0,,0.001,0.0014157016786023864,-28.490282529926105,2000,empirically calibrated per-slot radius; Gaussian errors are unbounded; no deterministic or horizon guarantee,0.05437160100757467,0.06789494682399456,0.05974673263453112,0.07224338010281676,0.07114729567341112,0.0849162878006987,0.0849162878006987
52004,isotropic_effective,32,2,0,2640045482,"{""L"": 2, ""K"": 3, ""M"": 12, ""N"": 32, ""bits"": 2, ""bs_x"": [-100.0, 100.0], ""bs_y"": [0.0, 0.0], ""ue_center_x"": [-15.0, 15.0], ""ue_center_y"": [0.0, 0.0], ""ue_radius"": 7.0, ""ris_x"": 0.0, ""ris_y"": 0.0, ""c0_db"": -30.0, ""alpha_bu"": 4.5, ""alpha_br"": 2.2, ""alpha_ru"": 2.2, ""rician_k"": 3.0, ""channel_scale"": 100000.0, ""direct_link_attenuation"": 0.25, ""include_direct_intercell"": true, ""inter_ris_attenuation"": 1.0, ""ris_size_model"": ""growing_aperture"", ""ris_reference_N"": 32, ""radius_floor"": 1e-10, ""estimation_snr_db"": 40.0, ""nmse_db"": null}",3080a6c61690f2af638ad0b379044abc6a35745d85d5738086bc4095287eae88,2922789569,40.0,,0.0001,0.00010000419993242706,-39.999817603082505,2000,empirically calibrated per-slot radius; Gaussian errors are unbounded; no deterministic or horizon guarantee,0.011265760210241485,0.012159166728179866,0.011653638002187074,0.012419112027421035,0.012356368592822693,0.013029275815969996,0.013029275815969996
52004,physical_pilot,32,2,0,2640045482,"{""L"": 2, ""K"": 3, ""M"": 12, ""N"": 32, ""bits"": 2, ""bs_x"": [-100.0, 100.0], ""bs_y"": [0.0, 0.0], ""ue_center_x"": [-15.0, 15.0], ""ue_center_y"": [0.0, 0.0], ""ue_radius"": 7.0, ""ris_x"": 0.0, ""ris_y"": 0.0, ""c0_db"": -30.0, ""alpha_bu"": 4.5, ""alpha_br"": 2.2, ""alpha_ru"": 2.2, ""rician_k"": 3.0, ""channel_scale"": 100000.0, ""direct_link_attenuation"": 0.25, ""include_direct_intercell"": true, ""inter_ris_attenuation"": 1.0, ""ris_size_model"": ""growing_aperture"", ""ris_reference_N"": 32, ""radius_floor"": 1e-10, ""estimation_snr_db"": 40.0, ""nmse_db"": null}",3080a6c61690f2af638ad0b379044abc6a35745d85d5738086bc4095287eae88,2922789569,40.0,,0.0001,0.00014289949957427446,-38.44969292080351,2000,empirically calibrated per-slot radius; Gaussian errors are unbounded; no deterministic or horizon guarantee,0.017161549554049377,0.021499506415535503,0.01915515946870788,0.0227894721886037,0.022545792404625356,0.026049225127356655,0.026049225127356655
52004,isotropic_effective,32,2,1,647172584,"{""L"": 2, ""K"": 3, ""M"": 12, ""N"": 32, ""bits"": 2, ""bs_x"": [-100.0, 100.0], ""bs_y"": [0.0, 0.0], ""ue_center_x"": [-15.0, 15.0], ""ue_center_y"": [0.0, 0.0], ""ue_radius"": 7.0, ""ris_x"": 0.0, ""ris_y"": 0.0, ""c0_db"": -30.0, ""alpha_bu"": 4.5, ""alpha_br"": 2.2, ""alpha_ru"": 2.2, ""rician_k"": 3.0, ""channel_scale"": 100000.0, ""direct_link_attenuation"": 0.25, ""include_direct_intercell"": true, ""inter_ris_attenuation"": 1.0, ""ris_size_model"": ""growing_aperture"", ""ris_reference_N"": 32, ""radius_floor"": 1e-10, ""estimation_snr_db"": 10.0, ""nmse_db"": null}",07d58baf677568b6408a12178b03b7f2717b1255adf53503c918072c8e8148d7,934381004,10.0,,0.1,0.09983970127691726,-10.006967270805267,2000,empirically calibrated per-slot radius; Gaussian errors are unbounded; no deterministic or horizon guarantee,0.3406334367239113,0.3690001138370928,0.35289795117187234,0.3799166581508917,0.3764764619050169,0.4008007193055218,0.4008007193055218
52004,physical_pilot,32,2,1,647172584,"{""L"": 2, ""K"": 3, ""M"": 12, ""N"": 32, ""bits"": 2, ""bs_x"": [-100.0, 100.0], ""bs_y"": [0.0, 0.0], ""ue_center_x"": [-15.0, 15.0], ""ue_center_y"": [0.0, 0.0], ""ue_radius"": 7.0, ""ris_x"": 0.0, ""ris_y"": 0.0, ""c0_db"": -30.0, ""alpha_bu"": 4.5, ""alpha_br"": 2.2, ""alpha_ru"": 2.2, ""rician_k"": 3.0, ""channel_scale"": 100000.0, ""direct_link_attenuation"": 0.25, ""include_direct_intercell"": true, ""inter_ris_attenuation"": 1.0, ""ris_size_model"": ""growing_aperture"", ""ris_reference_N"": 32, ""radius_floor"": 1e-10, ""estimation_snr_db"": 10.0, ""nmse_db"": null}",07d58baf677568b6408a12178b03b7f2717b1255adf53503c918072c8e8148d7,934381004,10.0,,0.1,0.10525603150671792,-9.777530083185905,2000,empirically calibrated per-slot radius; Gaussian errors are unbounded; no deterministic or horizon guarantee,0.5124996928009548,0.6461985644700192,0.5703787972849468,0.6877168700564111,0.6770368669349955,0.7893598181023089,0.7893598181023089
52004,isotropic_effective,32,2,1,647172584,"{""L"": 2, ""K"": 3, ""M"": 12, ""N"": 32, ""bits"": 2, ""bs_x"": [-100.0, 100.0], ""bs_y"": [0.0, 0.0], ""ue_center_x"": [-15.0, 15.0], ""ue_center_y"": [0.0, 0.0], ""ue_radius"": 7.0, ""ris_x"": 0.0, ""ris_y"": 0.0, ""c0_db"": -30.0, ""alpha_bu"": 4.5, ""alpha_br"": 2.2, ""alpha_ru"": 2.2, ""rician_k"": 3.0, ""channel_scale"": 100000.0, ""direct_link_attenuation"": 0.25, ""include_direct_intercell"": true, ""inter_ris_attenuation"": 1.0, ""ris_size_model"": ""growing_aperture"", ""ris_reference_N"": 32, ""radius_floor"": 1e-10, ""estimation_snr_db"": 20.0, ""nmse_db"": null}",345040f061628437e8991ccd8739e4b7528854e57c2ec00c828e1c08d015dc49,441965675,20.0,,0.01,0.010035842793664197,-19.984461503047065,2000,empirically calibrated per-slot radius; Gaussian errors are unbounded; no deterministic or horizon guarantee,0.11229813894339248,0.12111538848896208,0.1161823472003121,0.12436734556145906,0.12355148849861132,0.13100043877039522,0.13100043877039522
52004,physical_pilot,32,2,1,647172584,"{""L"": 2, ""K"": 3, ""M"": 12, ""N"": 32, ""bits"": 2, ""bs_x"": [-100.0, 100.0], ""bs_y"": [0.0, 0.0], ""ue_center_x"": [-15.0, 15.0], ""ue_center_y"": [0.0, 0.0], ""ue_radius"": 7.0, ""ris_x"": 0.0, ""ris_y"": 0.0, ""c0_db"": -30.0, ""alpha_bu"": 4.5, ""alpha_br"": 2.2, ""alpha_ru"": 2.2, ""rician_k"": 3.0, ""channel_scale"": 100000.0, ""direct_link_attenuation"": 0.25, ""include_direct_intercell"": true, ""inter_ris_attenuation"": 1.0, ""ris_size_model"": ""growing_aperture"", ""ris_reference_N"": 32, ""radius_floor"": 1e-10, ""estimation_snr_db"": 20.0, ""nmse_db"": null}",345040f061628437e8991ccd8739e4b7528854e57c2ec00c828e1c08d015dc49,441965675,20.0,,0.01,0.010679548016600102,-19.71447127274713,2000,empirically calibrated per-slot radius; Gaussian errors are unbounded; no deterministic or horizon guarantee,0.18126006654550372,0.24046481034232733,0.20690696075565387,0.2611996285203106,0.2571624043062198,0.3011350090334156,0.3011350090334156
52004,isotropic_effective,32,2,1,647172584,"{""L"": 2, ""K"": 3, ""M"": 12, ""N"": 32, ""bits"": 2, ""bs_x"": [-100.0, 100.0], ""bs_y"": [0.0, 0.0], ""ue_center_x"": [-15.0, 15.0], ""ue_center_y"": [0.0, 0.0], ""ue_radius"": 7.0, ""ris_x"": 0.0, ""ris_y"": 0.0, ""c0_db"": -30.0, ""alpha_bu"": 4.5, ""alpha_br"": 2.2, ""alpha_ru"": 2.2, ""rician_k"": 3.0, ""channel_scale"": 100000.0, ""direct_link_attenuation"": 0.25, ""include_direct_intercell"": true, ""inter_ris_attenuation"": 1.0, ""ris_size_model"": ""growing_aperture"", ""ris_reference_N"": 32, ""radius_floor"": 1e-10, ""estimation_snr_db"": 30.0, ""nmse_db"": null}",6015bb61bf9007951c65e44e9d000cfca71bbafb116223581c68e5af0ccce872,1338459969,30.0,,0.001,0.0009987677436083336,-30.00535492150805,2000,empirically calibrated per-slot radius; Gaussian errors are unbounded; no deterministic or horizon guarantee,0.03559793175593059,0.03834290588515363,0.036769016455463197,0.03932696860121966,0.039141484614481255,0.04107666261913909,0.04107666261913909
52004,physical_pilot,32,2,1,647172584,"{""L"": 2, ""K"": 3, ""M"": 12, ""N"": 32, ""bits"": 2, ""bs_x"": [-100.0, 100.0], ""bs_y"": [0.0, 0.0], ""ue_center_x"": [-15.0, 15.0], ""ue_center_y"": [0.0, 0.0], ""ue_radius"": 7.0, ""ris_x"": 0.0, ""ris_y"": 0.0, ""c0_db"": -30.0, ""alpha_bu"": 4.5, ""alpha_br"": 2.2, ""alpha_ru"": 2.2, ""rician_k"": 3.0, ""channel_scale"": 100000.0, ""direct_link_attenuation"": 0.25, ""include_direct_intercell"": true, ""inter_ris_attenuation"": 1.0, ""ris_size_model"": ""growing_aperture"", ""ris_reference_N"": 32, ""radius_floor"": 1e-10, ""estimation_snr_db"": 30.0, ""nmse_db"": null}",6015bb61bf9007951c65e44e9d000cfca71bbafb116223581c68e5af0ccce872,1338459969,30.0,,0.001,0.0010667655276887001,-29.719310268933615,2000,empirically calibrated per-slot radius; Gaussian errors are unbounded; no deterministic or horizon guarantee,0.057771877493932144,0.07679542113204622,0.06596735189075217,0.08219036014298736,0.08075984680691016,0.09418560889603379,0.09418560889603379
52004,isotropic_effective,32,2,1,647172584,"{""L"": 2, ""K"": 3, ""M"": 12, ""N"": 32, ""bits"": 2, ""bs_x"": [-100.0, 100.0], ""bs_y"": [0.0, 0.0], ""ue_center_x"": [-15.0, 15.0], ""ue_center_y"": [0.0, 0.0], ""ue_radius"": 7.0, ""ris_x"": 0.0, ""ris_y"": 0.0, ""c0_db"": -30.0, ""alpha_bu"": 4.5, ""alpha_br"": 2.2, ""alpha_ru"": 2.2, ""rician_k"": 3.0, ""channel_scale"": 100000.0, ""direct_link_attenuation"": 0.25, ""include_direct_intercell"": true, ""inter_ris_attenuation"": 1.0, ""ris_size_model"": ""growing_aperture"", ""ris_reference_N"": 32, ""radius_floor"": 1e-10, ""estimation_snr_db"": 40.0, ""nmse_db"": null}",3080a6c61690f2af638ad0b379044abc6a35745d85d5738086bc4095287eae88,962266200,40.0,,0.0001,9.981525768315428e-05,-40.008030677193716,2000,empirically calibrated per-slot radius; Gaussian errors are unbounded; no deterministic or horizon guarantee,0.011261525843760693,0.012152526896960298,0.011633795921637808,0.012451100878064813,0.012399970739200898,0.013047699233950756,0.013047699233950756
52004,physical_pilot,32,2,1,647172584,"{""L"": 2, ""K"": 3, ""M"": 12, ""N"": 32, ""bits"": 2, ""bs_x"": [-100.0, 100.0], ""bs_y"": [0.0, 0.0], ""ue_center_x"": [-15.0, 15.0], ""ue_center_y"": [0.0, 0.0], ""ue_radius"": 7.0, ""ris_x"": 0.0, ""ris_y"": 0.0, ""c0_db"": -30.0, ""alpha_bu"": 4.5, ""alpha_br"": 2.2, ""alpha_ru"": 2.2, ""rician_k"": 3.0, ""channel_scale"": 100000.0, ""direct_link_attenuation"": 0.25, ""include_direct_intercell"": true, ""inter_ris_attenuation"": 1.0, ""ris_size_model"": ""growing_aperture"", ""ris_reference_N"": 32, ""radius_floor"": 1e-10, ""estimation_snr_db"": 40.0, ""nmse_db"": null}",3080a6c61690f2af638ad0b379044abc6a35745d85d5738086bc4095287eae88,962266200,40.0,,0.0001,0.00010659381064676568,-39.72268011819708,2000,empirically calibrated per-slot radius; Gaussian errors are unbounded; no deterministic or horizon guarantee,0.018254906951868773,0.024367584084577693,0.021045655041599207,0.02630994280694045,0.025891023392308646,0.02910986822601209,0.02910986822601209
52004,isotropic_effective,32,2,2,722715513,"{""L"": 2, ""K"": 3, ""M"": 12, ""N"": 32, ""bits"": 2, ""bs_x"": [-100.0, 100.0], ""bs_y"": [0.0, 0.0], ""ue_center_x"": [-15.0, 15.0], ""ue_center_y"": [0.0, 0.0], ""ue_radius"": 7.0, ""ris_x"": 0.0, ""ris_y"": 0.0, ""c0_db"": -30.0, ""alpha_bu"": 4.5, ""alpha_br"": 2.2, ""alpha_ru"": 2.2, ""rician_k"": 3.0, ""channel_scale"": 100000.0, ""direct_link_attenuation"": 0.25, ""include_direct_intercell"": true, ""inter_ris_attenuation"": 1.0, ""ris_size_model"": ""growing_aperture"", ""ris_reference_N"": 32, ""radius_floor"": 1e-10, ""estimation_snr_db"": 10.0, ""nmse_db"": null}",07d58baf677568b6408a12178b03b7f2717b1255adf53503c918072c8e8148d7,33486406,10.0,,0.1,0.10036091634138856,-9.984353820306854,2000,empirically calibrated per-slot radius; Gaussian errors are unbounded; no deterministic or horizon guarantee,0.34196882421810904,0.3707423113866868,0.35486391394016237,0.38041119935085244,0.3786772591877438,0.39785620809102845,0.39785620809102845
52004,physical_pilot,32,2,2,722715513,"{""L"": 2, ""K"": 3, ""M"": 12, ""N"": 32, ""bits"": 2, ""bs_x"": [-100.0, 100.0], ""bs_y"": [0.0, 0.0], ""ue_center_x"": [-15.0, 15.0], ""ue_center_y"": [0.0, 0.0], ""ue_radius"": 7.0, ""ris_x"": 0.0, ""ris_y"": 0.0, ""c0_db"": -30.0, ""alpha_bu"": 4.5, ""alpha_br"": 2.2, ""alpha_ru"": 2.2, ""rician_k"": 3.0, ""channel_scale"": 100000.0, ""direct_link_attenuation"": 0.25, ""include_direct_intercell"": true, ""inter_ris_attenuation"": 1.0, ""ris_size_model"": ""growing_aperture"", ""ris_reference_N"": 32, ""radius_floor"": 1e-10, ""estimation_snr_db"": 10.0, ""nmse_db"": null}",07d58baf677568b6408a12178b03b7f2717b1255adf53503c918072c8e8148d7,33486406,10.0,,0.1,0.14699915644114803,-8.326851574559445,2000,empirically calibrated per-slot radius; Gaussian errors are unbounded; no deterministic or horizon guarantee,0.5580255044931646,0.6885953518526132,0.616545846380135,0.7318819428698795,0.7233978270086848,0.8498214015045666,0.8498214015045666
52004,isotropic_effective,32,2,2,722715513,"{""L"": 2, ""K"": 3, ""M"": 12, ""N"": 32, ""bits"": 2, ""bs_x"": [-100.0, 100.0], ""bs_y"": [0.0, 0.0], ""ue_center_x"": [-15.0, 15.0], ""ue_center_y"": [0.0, 0.0], ""ue_radius"": 7.0, ""ris_x"": 0.0, ""ris_y"": 0.0, ""c0_db"": -30.0, ""alpha_bu"": 4.5, ""alpha_br"": 2.2, ""alpha_ru"": 2.2, ""rician_k"": 3.0, ""channel_scale"": 100000.0, ""direct_link_attenuation"": 0.25, ""include_direct_intercell"": true, ""inter_ris_attenuation"": 1.0, ""ris_size_model"": ""growing_aperture"", ""ris_reference_N"": 32, ""radius_floor"": 1e-10, ""estimation_snr_db"": 20.0, ""nmse_db"": null}",345040f061628437e8991ccd8739e4b7528854e57c2ec00c828e1c08d015dc49,2913257539,20.0,,0.01,0.01002683832856216,-19.988359875099192,2000,empirically calibrated per-slot radius; Gaussian errors are unbounded; no deterministic or horizon guarantee,0.11204483529695902,0.12110115414858463,0.11611088290800238,0.12451519007886007,0.12386647873803087,0.13173788152982788,0.13173788152982788
52004,physical_pilot,32,2,2,722715513,"{""L"": 2, ""K"": 3, ""M"": 12, ""N"": 32, ""bits"": 2, ""bs_x"": [-100.0, 100.0], ""bs_y"": [0.0, 0.0], ""ue_center_x"": [-15.0, 15.0], ""ue_center_y"": [0.0, 0.0], ""ue_radius"": 7.0, ""ris_x"": 0.0, ""ris_y"": 0.0, ""c0_db"": -30.0, ""alpha_bu"": 4.5, ""alpha_br"": 2.2, ""alpha_ru"": 2.2, ""rician_k"": 3.0, ""channel_scale"": 100000.0, ""direct_link_attenuation"": 0.25, ""include_direct_intercell"": true, ""inter_ris_attenuation"": 1.0, ""ris_size_model"": ""growing_aperture"", ""ris_reference_N"": 32, ""radius_floor"": 1e-10, ""estimation_snr_db"": 20.0, ""nmse_db"": null}",345040f061628437e8991ccd8739e4b7528854e57c2ec00c828e1c08d015dc49,2913257539,20.0,,0.01,0.014818483983205857,-18.291962249265943,2000,empirically calibrated per-slot radius; Gaussian errors are unbounded; no deterministic or horizon guarantee,0.20014117342538143,0.26514910343813486,0.2275510400054574,0.2843133805939471,0.2799364472850814,0.3249430374911907,0.3249430374911907
52004,isotropic_effective,32,2,2,722715513,"{""L"": 2, ""K"": 3, ""M"": 12, ""N"": 32, ""bits"": 2, ""bs_x"": [-100.0, 100.0], ""bs_y"": [0.0, 0.0], ""ue_center_x"": [-15.0, 15.0], ""ue_center_y"": [0.0, 0.0], ""ue_radius"": 7.0, ""ris_x"": 0.0, ""ris_y"": 0.0, ""c0_db"": -30.0, ""alpha_bu"": 4.5, ""alpha_br"": 2.2, ""alpha_ru"": 2.2, ""rician_k"": 3.0, ""channel_scale"": 100000.0, ""direct_link_attenuation"": 0.25, ""include_direct_intercell"": true, ""inter_ris_attenuation"": 1.0, ""ris_size_model"": ""growing_aperture"", ""ris_reference_N"": 32, ""radius_floor"": 1e-10, ""estimation_snr_db"": 30.0, ""nmse_db"": null}",6015bb61bf9007951c65e44e9d000cfca71bbafb116223581c68e5af0ccce872,517846854,30.0,,0.001,0.0009964624227112593,-30.01539074200677,2000,empirically calibrated per-slot radius; Gaussian errors are unbounded; no deterministic or horizon guarantee,0.03560094096880597,0.038432246026041554,0.03689370904097161,0.039338682007026574,0.039087262399251615,0.04145624874669128,0.04145624874669128
52004,physical_pilot,32,2,2,722715513,"{""L"": 2, ""K"": 3, ""M"": 12, ""N"": 32, ""bits"": 2, ""bs_x"": [-100.0, 100.0], ""bs_y"": [0.0, 0.0], ""ue_center_x"": [-15.0, 15.0], ""ue_center_y"": [0.0, 0.0], ""ue_radius"": 7.0, ""ris_x"": 0.0, ""ris_y"": 0.0, ""c0_db"": -30.0, ""alpha_bu"": 4.5, ""alpha_br"": 2.2, ""alpha_ru"": 2.2, ""rician_k"": 3.0, ""channel_scale"": 100000.0, ""direct_link_attenuation"": 0.25, ""include_direct_intercell"": true, ""inter_ris_attenuation"": 1.0, ""ris_size_model"": ""growing_aperture"", ""ris_reference_N"": 32, ""radius_floor"": 1e-10, ""estimation_snr_db"": 30.0, ""nmse_db"": null}",6015bb61bf9007951c65e44e9d000cfca71bbafb116223581c68e5af0ccce872,517846854,30.0,,0.001,0.001486344352701507,-28.278805626124512,2000,empirically calibrated per-slot radius; Gaussian errors are unbounded; no deterministic or horizon guarantee,0.06395923819785324,0.08526561845630366,0.07311384486509814,0.09237205293418888,0.09071040266904143,0.10622094510738193,0.10622094510738193
52004,isotropic_effective,32,2,2,722715513,"{""L"": 2, ""K"": 3, ""M"": 12, ""N"": 32, ""bits"": 2, ""bs_x"": [-100.0, 100.0], ""bs_y"": [0.0, 0.0], ""ue_center_x"": [-15.0, 15.0], ""ue_center_y"": [0.0, 0.0], ""ue_radius"": 7.0, ""ris_x"": 0.0, ""ris_y"": 0.0, ""c0_db"": -30.0, ""alpha_bu"": 4.5, ""alpha_br"": 2.2, ""alpha_ru"": 2.2, ""rician_k"": 3.0, ""channel_scale"": 100000.0, ""direct_link_attenuation"": 0.25, ""include_direct_intercell"": true, ""inter_ris_attenuation"": 1.0, ""ris_size_model"": ""growing_aperture"", ""ris_reference_N"": 32, ""radius_floor"": 1e-10, ""estimation_snr_db"": 40.0, ""nmse_db"": null}",3080a6c61690f2af638ad0b379044abc6a35745d85d5738086bc4095287eae88,2393188524,40.0,,0.0001,0.00010013024848647564,-39.994347060740004,2000,empirically calibrated per-slot radius; Gaussian errors are unbounded; no deterministic or horizon guarantee,0.011272638230765155,0.012119118247216345,0.011651174977228167,0.012407395073473463,0.012368234295020368,0.013029199818947967,0.013029199818947967
52004,physical_pilot,32,2,2,722715513,"{""L"": 2, ""K"": 3, ""M"": 12, ""N"": 32, ""bits"": 2, ""bs_x"": [-100.0, 100.0], ""bs_y"": [0.0, 0.0], ""ue_center_x"": [-15.0, 15.0], ""ue_center_y"": [0.0, 0.0], ""ue_radius"": 7.0, ""ris_x"": 0.0, ""ris_y"": 0.0, ""c0_db"": -30.0, ""alpha_bu"": 4.5, ""alpha_br"": 2.2, ""alpha_ru"": 2.2, ""rician_k"": 3.0, ""channel_scale"": 100000.0, ""direct_link_attenuation"": 0.25, ""include_direct_intercell"": true, ""inter_ris_attenuation"": 1.0, ""ris_size_model"": ""growing_aperture"", ""ris_reference_N"": 32, ""radius_floor"": 1e-10, ""estimation_snr_db"": 40.0, ""nmse_db"": null}",3080a6c61690f2af638ad0b379044abc6a35745d85d5738086bc4095287eae88,2393188524,40.0,,0.0001,0.00014661106042311827,-38.33833265032309,2000,empirically calibrated per-slot radius; Gaussian errors are unbounded; no deterministic or horizon guarantee,0.020226828119184404,0.026876927179667293,0.02302170280730765,0.028958798843919987,0.02847732012139018,0.03444991764954819,0.03444991764954819
52004,isotropic_effective,32,2,3,4179435983,"{""L"": 2, ""K"": 3, ""M"": 12, ""N"": 32, ""bits"": 2, ""bs_x"": [-100.0, 100.0], ""bs_y"": [0.0, 0.0], ""ue_center_x"": [-15.0, 15.0], ""ue_center_y"": [0.0, 0.0], ""ue_radius"": 7.0, ""ris_x"": 0.0, ""ris_y"": 0.0, ""c0_db"": -30.0, ""alpha_bu"": 4.5, ""alpha_br"": 2.2, ""alpha_ru"": 2.2, ""rician_k"": 3.0, ""channel_scale"": 100000.0, ""direct_link_attenuation"": 0.25, ""include_direct_intercell"": true, ""inter_ris_attenuation"": 1.0, ""ris_size_model"": ""growing_aperture"", ""ris_reference_N"": 32, ""radius_floor"": 1e-10, ""estimation_snr_db"": 10.0, ""nmse_db"": null}",07d58baf677568b6408a12178b03b7f2717b1255adf53503c918072c8e8148d7,530530594,10.0,,0.1,0.09997136623896724,-10.001243726512604,2000,empirically calibrated per-slot radius; Gaussian errors are unbounded; no deterministic or horizon guarantee,0.34101975871242685,0.3687858897518986,0.3528011868837846,0.37937481162188835,0.37748193156871085,0.3958059062543908,0.3958059062543908
52004,physical_pilot,32,2,3,4179435983,"{""L"": 2, ""K"": 3, ""M"": 12, ""N"": 32, ""bits"": 2, ""bs_x"": [-100.0, 100.0], ""bs_y"": [0.0, 0.0], ""ue_center_x"": [-15.0, 15.0], ""ue_center_y"": [0.0, 0.0], ""ue_radius"": 7.0, ""ris_x"": 0.0, ""ris_y"": 0.0, ""c0_db"": -30.0, ""alpha_bu"": 4.5, ""alpha_br"": 2.2, ""alpha_ru"": 2.2, ""rician_k"": 3.0, ""channel_scale"": 100000.0, ""direct_link_attenuation"": 0.25, ""include_direct_intercell"": true, ""inter_ris_attenuation"": 1.0, ""ris_size_model"": ""growing_aperture"", ""ris_reference_N"": 32, ""radius_floor"": 1e-10, ""estimation_snr_db"": 10.0, ""nmse_db"": null}",07d58baf677568b6408a12178b03b7f2717b1255adf53503c918072c8e8148d7,530530594,10.0,,0.1,0.11021659055682871,-9.577530275807119,2000,empirically calibrated per-slot radius; Gaussian errors are unbounded; no deterministic or horizon guarantee,0.4503222430200352,0.5970989487710869,0.504904780553555,0.6516476337972629,0.6366223905544467,0.7859934064473456,0.7859934064473456
52004,isotropic_effective,32,2,3,4179435983,"{""L"": 2, ""K"": 3, ""M"": 12, ""N"": 32, ""bits"": 2, ""bs_x"": [-100.0, 100.0], ""bs_y"": [0.0, 0.0], ""ue_center_x"": [-15.0, 15.0], ""ue_center_y"": [0.0, 0.0], ""ue_radius"": 7.0, ""ris_x"": 0.0, ""ris_y"": 0.0, ""c0_db"": -30.0, ""alpha_bu"": 4.5, ""alpha_br"": 2.2, ""alpha_ru"": 2.2, ""rician_k"": 3.0, ""channel_scale"": 100000.0, ""direct_link_attenuation"": 0.25, ""include_direct_intercell"": true, ""inter_ris_attenuation"": 1.0, ""ris_size_model"": ""growing_aperture"", ""ris_reference_N"": 32, ""radius_floor"": 1e-10, ""estimation_snr_db"": 20.0, ""nmse_db"": null}",345040f061628437e8991ccd8739e4b7528854e57c2ec00c828e1c08d015dc49,2400238736,20.0,,0.01,0.009996229993670568,-20.001637601653442,2000,empirically calibrated per-slot radius; Gaussian errors are unbounded; no deterministic or horizon guarantee,0.11216985068064701,0.12076410438980552,0.11609531929484443,0.12338080405563533,0.12305163925505756,0.1295682236493007,0.1295682236493007
52004,physical_pilot,32,2,3,4179435983,"{""L"": 2, ""K"": 3, ""M"": 12, ""N"": 32, ""bits"": 2, ""bs_x"": [-100.0, 100.0], ""bs_y"": [0.0, 0.0], ""ue_center_x"": [-15.0, 15.0], ""ue_center_y"": [0.0, 0.0], ""ue_radius"": 7.0, ""ris_x"": 0.0, ""ris_y"": 0.0, ""c0_db"": -30.0, ""alpha_bu"": 4.5, ""alpha_br"": 2.2, ""alpha_ru"": 2.2, ""rician_k"": 3.0, ""channel_scale"": 100000.0, ""direct_link_attenuation"": 0.25, ""include_direct_intercell"": true, ""inter_ris_attenuation"": 1.0, ""ris_size_model"": ""growing_aperture"", ""ris_reference_N"": 32, ""radius_floor"": 1e-10, ""estimation_snr_db"": 20.0, ""nmse_db"": null}",345040f061628437e8991ccd8739e4b7528854e57c2ec00c828e1c08d015dc49,2400238736,20.0,,0.01,0.011120956162085662,-19.538578712013017,2000,empirically calibrated per-slot radius; Gaussian errors are unbounded; no deterministic or horizon guarantee,0.14942171909739646,0.1908889147589061,0.16783904624008852,0.20644450140070927,0.20276872847216365,0.23834294425214964,0.23834294425214964
52004,isotropic_effective,32,2,3,4179435983,"{""L"": 2, ""K"": 3, ""M"": 12, ""N"": 32, ""bits"": 2, ""bs_x"": [-100.0, 100.0], ""bs_y"": [0.0, 0.0], ""ue_center_x"": [-15.0, 15.0], ""ue_center_y"": [0.0, 0.0], ""ue_radius"": 7.0, ""ris_x"": 0.0, ""ris_y"": 0.0, ""c0_db"": -30.0, ""alpha_bu"": 4.5, ""alpha_br"": 2.2, ""alpha_ru"": 2.2, ""rician_k"": 3.0, ""channel_scale"": 100000.0, ""direct_link_attenuation"": 0.25, ""include_direct_intercell"": true, ""inter_ris_attenuation"": 1.0, ""ris_size_model"": ""growing_aperture"", ""ris_reference_N"": 32, ""radius_floor"": 1e-10, ""estimation_snr_db"": 30.0, ""nmse_db"": null}",6015bb61bf9007951c65e44e9d000cfca71bbafb116223581c68e5af0ccce872,1792741950,30.0,,0.001,0.0009972212853705004,-30.012084601920343,2000,empirically calibrated per-slot radius; Gaussian errors are unbounded; no deterministic or horizon guarantee,0.03563805603772548,0.03863388910453364,0.0369251689862543,0.03959288504820336,0.03946190518654346,0.04138622337197349,0.04138622337197349
52004,physical_pilot,32,2,3,4179435983,"{""L"": 2, ""K"": 3, ""M"": 12, ""N"": 32, ""bits"": 2, ""bs_x"": [-100.0, 100.0], ""bs_y"": [0.0, 0.0], ""ue_center_x"": [-15.0, 15.0], ""ue_center_y"": [0.0, 0.0], ""ue_radius"": 7.0, ""ris_x"": 0.0, ""ris_y"": 0.0, ""c0_db"": -30.0, ""alpha_bu"": 4.5, ""alpha_br"": 2.2, ""alpha_ru"": 2.2, ""rician_k"": 3.0, ""channel_scale"": 100000.0, ""direct_link_attenuation"": 0.25, ""include_direct_intercell"": true, ""inter_ris_attenuation"": 1.0, ""ris_size_model"": ""growing_aperture"", ""ris_reference_N"": 32, ""radius_floor"": 1e-10, ""estimation_snr_db"": 30.0, ""nmse_db"": null}",6015bb61bf9007951c65e44e9d000cfca71bbafb116223581c68e5af0ccce872,1792741950,30.0,,0.001,0.0011018333096495774,-29.57884102557779,2000,empirically calibrated per-slot radius; Gaussian errors are unbounded; no deterministic or horizon guarantee,0.04705991014247022,0.059615298902744585,0.05223481877264044,0.06389084984336245,0.06283082688258106,0.07284358353079802,0.07284358353079802
52004,isotropic_effective,32,2,3,4179435983,"{""L"": 2, ""K"": 3, ""M"": 12, ""N"": 32, ""bits"": 2, ""bs_x"": [-100.0, 100.0], ""bs_y"": [0.0, 0.0], ""ue_center_x"": [-15.0, 15.0], ""ue_center_y"": [0.0, 0.0], ""ue_radius"": 7.0, ""ris_x"": 0.0, ""ris_y"": 0.0, ""c0_db"": -30.0, ""alpha_bu"": 4.5, ""alpha_br"": 2.2, ""alpha_ru"": 2.2, ""rician_k"": 3.0, ""channel_scale"": 100000.0, ""direct_link_attenuation"": 0.25, ""include_direct_intercell"": true, ""inter_ris_attenuation"": 1.0, ""ris_size_model"": ""growing_aperture"", ""ris_reference_N"": 32, ""radius_floor"": 1e-10, ""estimation_snr_db"": 40.0, ""nmse_db"": null}",3080a6c61690f2af638ad0b379044abc6a35745d85d5738086bc4095287eae88,1748551,40.0,,0.0001,9.975735237511777e-05,-40.01055085833997,2000,empirically calibrated per-slot radius; Gaussian errors are unbounded; no deterministic or horizon guarantee,0.011242647107261278,0.012165999412541012,0.011657251024724974,0.012426175253342102,0.012397500478149612,0.013046765546263227,0.013046765546263227
52004,physical_pilot,32,2,3,4179435983,"{""L"": 2, ""K"": 3, ""M"": 12, ""N"": 32, ""bits"": 2, ""bs_x"": [-100.0, 100.0], ""bs_y"": [0.0, 0.0], ""ue_center_x"": [-15.0, 15.0], ""ue_center_y"": [0.0, 0.0], ""ue_radius"": 7.0, ""ris_x"": 0.0, ""ris_y"": 0.0, ""c0_db"": -30.0, ""alpha_bu"": 4.5, ""alpha_br"": 2.2, ""alpha_ru"": 2.2, ""rician_k"": 3.0, ""channel_scale"": 100000.0, ""direct_link_attenuation"": 0.25, ""include_direct_intercell"": true, ""inter_ris_attenuation"": 1.0, ""ris_size_model"": ""growing_aperture"", ""ris_reference_N"": 32, ""radius_floor"": 1e-10, ""estimation_snr_db"": 40.0, ""nmse_db"": null}",3080a6c61690f2af638ad0b379044abc6a35745d85d5738086bc4095287eae88,1748551,40.0,,0.0001,0.00011111251459236643,-39.54237023756489,2000,empirically calibrated per-slot radius; Gaussian errors are unbounded; no deterministic or horizon guarantee,0.014879132383443563,0.019248483907683942,0.016566623518266193,0.020744878506488915,0.020380657737844893,0.02418405793541131,0.02418405793541131
52005,isotropic_effective,32,2,0,3375584019,"{""L"": 2, ""K"": 3, ""M"": 12, ""N"": 32, ""bits"": 2, ""bs_x"": [-100.0, 100.0], ""bs_y"": [0.0, 0.0], ""ue_center_x"": [-15.0, 15.0], ""ue_center_y"": [0.0, 0.0], ""ue_radius"": 7.0, ""ris_x"": 0.0, ""ris_y"": 0.0, ""c0_db"": -30.0, ""alpha_bu"": 4.5, ""alpha_br"": 2.2, ""alpha_ru"": 2.2, ""rician_k"": 3.0, ""channel_scale"": 100000.0, ""direct_link_attenuation"": 0.25, ""include_direct_intercell"": true, ""inter_ris_attenuation"": 1.0, ""ris_size_model"": ""growing_aperture"", ""ris_reference_N"": 32, ""radius_floor"": 1e-10, ""estimation_snr_db"": 10.0, ""nmse_db"": null}",07d58baf677568b6408a12178b03b7f2717b1255adf53503c918072c8e8148d7,2871370510,10.0,,0.1,0.10041110319923033,-9.982182613788277,2000,empirically calibrated per-slot radius; Gaussian errors are unbounded; no deterministic or horizon guarantee,0.34170108134126026,0.3712316837421935,0.3536132519060565,0.3810509623770454,0.37888646698329903,0.40106414609195007,0.40106414609195007
52005,physical_pilot,32,2,0,3375584019,"{""L"": 2, ""K"": 3, ""M"": 12, ""N"": 32, ""bits"": 2, ""bs_x"": [-100.0, 100.0], ""bs_y"": [0.0, 0.0], ""ue_center_x"": [-15.0, 15.0], ""ue_center_y"": [0.0, 0.0], ""ue_radius"": 7.0, ""ris_x"": 0.0, ""ris_y"": 0.0, ""c0_db"": -30.0, ""alpha_bu"": 4.5, ""alpha_br"": 2.2, ""alpha_ru"": 2.2, ""rician_k"": 3.0, ""channel_scale"": 100000.0, ""direct_link_attenuation"": 0.25, ""include_direct_intercell"": true, ""inter_ris_attenuation"": 1.0, ""ris_size_model"": ""growing_aperture"", ""ris_reference_N"": 32, ""radius_floor"": 1e-10, ""estimation_snr_db"": 10.0, ""nmse_db"": null}",07d58baf677568b6408a12178b03b7f2717b1255adf53503c918072c8e8148d7,2871370510,10.0,,0.1,0.18883871800558102,-7.2390895658325185,2000,empirically calibrated per-slot radius; Gaussian errors are unbounded; no deterministic or horizon guarantee,0.5576397164918645,0.6962193934672756,0.6127884474817707,0.7478626236520582,0.7314236807815823,0.8279827193360099,0.8279827193360099
52005,isotropic_effective,32,2,0,3375584019,"{""L"": 2, ""K"": 3, ""M"": 12, ""N"": 32, ""bits"": 2, ""bs_x"": [-100.0, 100.0], ""bs_y"": [0.0, 0.0], ""ue_center_x"": [-15.0, 15.0], ""ue_center_y"": [0.0, 0.0], ""ue_radius"": 7.0, ""ris_x"": 0.0, ""ris_y"": 0.0, ""c0_db"": -30.0, ""alpha_bu"": 4.5, ""alpha_br"": 2.2, ""alpha_ru"": 2.2, ""rician_k"": 3.0, ""channel_scale"": 100000.0, ""direct_link_attenuation"": 0.25, ""include_direct_intercell"": true, ""inter_ris_attenuation"": 1.0, ""ris_size_model"": ""growing_aperture"", ""ris_reference_N"": 32, ""radius_floor"": 1e-10, ""estimation_snr_db"": 20.0, ""nmse_db"": null}",345040f061628437e8991ccd8739e4b7528854e57c2ec00c828e1c08d015dc49,3953773801,20.0,,0.01,0.009977391167813035,-20.009830007502565,2000,empirically calibrated per-slot radius; Gaussian errors are unbounded; no deterministic or horizon guarantee,0.11184288465299219,0.12073621618668681,0.11558616740486032,0.12364882407558955,0.1228573767559105,0.1292066996383998,0.1292066996383998
52005,physical_pilot,32,2,0,3375584019,"{""L"": 2, ""K"": 3, ""M"": 12, ""N"": 32, ""bits"": 2, ""bs_x"": [-100.0, 100.0], ""bs_y"": [0.0, 0.0], ""ue_center_x"": [-15.0, 15.0], ""ue_center_y"": [0.0, 0.0], ""ue_radius"": 7.0, ""ris_x"": 0.0, ""ris_y"": 0.0, ""c0_db"": -30.0, ""alpha_bu"": 4.5, ""alpha_br"": 2.2, ""alpha_ru"": 2.2, ""rician_k"": 3.0, ""channel_scale"": 100000.0, ""direct_link_attenuation"": 0.25, ""include_direct_intercell"": true, ""inter_ris_attenuation"": 1.0, ""ris_size_model"": ""growing_aperture"", ""ris_reference_N"": 32, ""radius_floor"": 1e-10, ""estimation_snr_db"": 20.0, ""nmse_db"": null}",345040f061628437e8991ccd8739e4b7528854e57c2ec00c828e1c08d015dc49,3953773801,20.0,,0.01,0.018926941157652834,-17.22919568059085,2000,empirically calibrated per-slot radius; Gaussian errors are unbounded; no deterministic or horizon guarantee,0.19680746601785773,0.2505435914679666,0.2190933199534337,0.2704534012581322,0.2652998358622967,0.3082112101088067,0.3082112101088067
52005,isotropic_effective,32,2,0,3375584019,"{""L"": 2, ""K"": 3, ""M"": 12, ""N"": 32, ""bits"": 2, ""bs_x"": [-100.0, 100.0], ""bs_y"": [0.0, 0.0], ""ue_center_x"": [-15.0, 15.0], ""ue_center_y"": [0.0, 0.0], ""ue_radius"": 7.0, ""ris_x"": 0.0, ""ris_y"": 0.0, ""c0_db"": -30.0, ""alpha_bu"": 4.5, ""alpha_br"": 2.2, ""alpha_ru"": 2.2, ""rician_k"": 3.0, ""channel_scale"": 100000.0, ""direct_link_attenuation"": 0.25, ""include_direct_intercell"": true, ""inter_ris_attenuation"": 1.0, ""ris_size_model"": ""growing_aperture"", ""ris_reference_N"": 32, ""radius_floor"": 1e-10, ""estimation_snr_db"": 30.0, ""nmse_db"": null}",6015bb61bf9007951c65e44e9d000cfca71bbafb116223581c68e5af0ccce872,3138269114,30.0,,0.001,0.0009970115046970013,-30.012998302564526,2000,empirically calibrated per-slot radius; Gaussian errors are unbounded; no deterministic or horizon guarantee,0.035605906400927576,0.03843965913969988,0.036842693900579246,0.03940823611676192,0.039137246541575826,0.04126248555265846,0.04126248555265846
52005,physical_pilot,32,2,0,3375584019,"{""L"": 2, ""K"": 3, ""M"": 12, ""N"": 32, ""bits"": 2, ""bs_x"": [-100.0, 100.0], ""bs_y"": [0.0, 0.0], ""ue_center_x"": [-15.0, 15.0], ""ue_center_y"": [0.0, 0.0], ""ue_radius"": 7.0, ""ris_x"": 0.0, ""ris_y"": 0.0, ""c0_db"": -30.0, ""alpha_bu"": 4.5, ""alpha_br"": 2.2, ""alpha_ru"": 2.2, ""rician_k"": 3.0, ""channel_scale"": 100000.0, ""direct_link_attenuation"": 0.25, ""include_direct_intercell"": true, ""inter_ris_attenuation"": 1.0, ""ris_size_model"": ""growing_aperture"", ""ris_reference_N"": 32, ""radius_floor"": 1e-10, ""estimation_snr_db"": 30.0, ""nmse_db"": null}",6015bb61bf9007951c65e44e9d000cfca71bbafb116223581c68e5af0ccce872,3138269114,30.0,,0.001,0.001871469299686822,-27.278172928273925,2000,empirically calibrated per-slot radius; Gaussian errors are unbounded; no deterministic or horizon guarantee,0.06294739180736351,0.079087877048317,0.0698781526445975,0.08593154203485946,0.08398964039213615,0.09846521210639658,0.09846521210639658
52005,isotropic_effective,32,2,0,3375584019,"{""L"": 2, ""K"": 3, ""M"": 12, ""N"": 32, ""bits"": 2, ""bs_x"": [-100.0, 100.0], ""bs_y"": [0.0, 0.0], ""ue_center_x"": [-15.0, 15.0], ""ue_center_y"": [0.0, 0.0], ""ue_radius"": 7.0, ""ris_x"": 0.0, ""ris_y"": 0.0, ""c0_db"": -30.0, ""alpha_bu"": 4.5, ""alpha_br"": 2.2, ""alpha_ru"": 2.2, ""rician_k"": 3.0, ""channel_scale"": 100000.0, ""direct_link_attenuation"": 0.25, ""include_direct_intercell"": true, ""inter_ris_attenuation"": 1.0, ""ris_size_model"": ""growing_aperture"", ""ris_reference_N"": 32, ""radius_floor"": 1e-10, ""estimation_snr_db"": 40.0, ""nmse_db"": null}",3080a6c61690f2af638ad0b379044abc6a35745d85d5738086bc4095287eae88,2325111185,40.0,,0.0001,0.00010021447651010155,-39.99069537806774,2000,empirically calibrated per-slot radius; Gaussian errors are unbounded; no deterministic or horizon guarantee,0.01128227086901277,0.01217327129765278,0.011664465493856255,0.012476153612033235,0.012427098781166424,0.012971801525874464,0.012971801525874464
52005,physical_pilot,32,2,0,3375584019,"{""L"": 2, ""K"": 3, ""M"": 12, ""N"": 32, ""bits"": 2, ""bs_x"": [-100.0, 100.0], ""bs_y"": [0.0, 0.0], ""ue_center_x"": [-15.0, 15.0], ""ue_center_y"": [0.0, 0.0], ""ue_radius"": 7.0, ""ris_x"": 0.0, ""ris_y"": 0.0, ""c0_db"": -30.0, ""alpha_bu"": 4.5, ""alpha_br"": 2.2, ""alpha_ru"": 2.2, ""rician_k"": 3.0, ""channel_scale"": 100000.0, ""direct_link_attenuation"": 0.25, ""include_direct_intercell"": true, ""inter_ris_attenuation"": 1.0, ""ris_size_model"": ""growing_aperture"", ""ris_reference_N"": 32, ""radius_floor"": 1e-10, ""estimation_snr_db"": 40.0, ""nmse_db"": null}",3080a6c61690f2af638ad0b379044abc6a35745d85d5738086bc4095287eae88,2325111185,40.0,,0.0001,0.00019098421708902484,-37.1900252130914,2000,empirically calibrated per-slot radius; Gaussian errors are unbounded; no deterministic or horizon guarantee,0.019965611321820773,0.025527852359082087,0.022337193886933483,0.02734020483164041,0.026892551363251957,0.03176794921572506,0.03176794921572506
52005,isotropic_effective,32,2,1,3501894907,"{""L"": 2, ""K"": 3, ""M"": 12, ""N"": 32, ""bits"": 2, ""bs_x"": [-100.0, 100.0], ""bs_y"": [0.0, 0.0], ""ue_center_x"": [-15.0, 15.0], ""ue_center_y"": [0.0, 0.0], ""ue_radius"": 7.0, ""ris_x"": 0.0, ""ris_y"": 0.0, ""c0_db"": -30.0, ""alpha_bu"": 4.5, ""alpha_br"": 2.2, ""alpha_ru"": 2.2, ""rician_k"": 3.0, ""channel_scale"": 100000.0, ""direct_link_attenuation"": 0.25, ""include_direct_intercell"": true, ""inter_ris_attenuation"": 1.0, ""ris_size_model"": ""growing_aperture"", ""ris_reference_N"": 32, ""radius_floor"": 1e-10, ""estimation_snr_db"": 10.0, ""nmse_db"": null}",07d58baf677568b6408a12178b03b7f2717b1255adf53503c918072c8e8148d7,723732757,10.0,,0.1,0.10042485688747302,-9.981587784962167,2000,empirically calibrated per-slot radius; Gaussian errors are unbounded; no deterministic or horizon guarantee,0.3412057182556076,0.3714459632787401,0.3541331862009593,0.38171276325658005,0.37937611982358294,0.4006347216769776,0.4006347216769776
52005,physical_pilot,32,2,1,3501894907,"{""L"": 2, ""K"": 3, ""M"": 12, ""N"": 32, ""bits"": 2, ""bs_x"": [-100.0, 100.0], ""bs_y"": [0.0, 0.0], ""ue_center_x"": [-15.0, 15.0], ""ue_center_y"": [0.0, 0.0], ""ue_radius"": 7.0, ""ris_x"": 0.0, ""ris_y"": 0.0, ""c0_db"": -30.0, ""alpha_bu"": 4.5, ""alpha_br"": 2.2, ""alpha_ru"": 2.2, ""rician_k"": 3.0, ""channel_scale"": 100000.0, ""direct_link_attenuation"": 0.25, ""include_direct_intercell"": true, ""inter_ris_attenuation"": 1.0, ""ris_size_model"": ""growing_aperture"", ""ris_reference_N"": 32, ""radius_floor"": 1e-10, ""estimation_snr_db"": 10.0, ""nmse_db"": null}",07d58baf677568b6408a12178b03b7f2717b1255adf53503c918072c8e8148d7,723732757,10.0,,0.1,0.12590985738781466,-8.99940267973543,2000,empirically calibrated per-slot radius; Gaussian errors are unbounded; no deterministic or horizon guarantee,0.5192716238035341,0.6640287955780523,0.5780361713620259,0.7261910676429841,0.7130785284683803,0.8667467775692625,0.8667467775692625
52005,isotropic_effective,32,2,1,3501894907,"{""L"": 2, ""K"": 3, ""M"": 12, ""N"": 32, ""bits"": 2, ""bs_x"": [-100.0, 100.0], ""bs_y"": [0.0, 0.0], ""ue_center_x"": [-15.0, 15.0], ""ue_center_y"": [0.0, 0.0], ""ue_radius"": 7.0, ""ris_x"": 0.0, ""ris_y"": 0.0, ""c0_db"": -30.0, ""alpha_bu"": 4.5, ""alpha_br"": 2.2, ""alpha_ru"": 2.2, ""rician_k"": 3.0, ""channel_scale"": 100000.0, ""direct_link_attenuation"": 0.25, ""include_direct_intercell"": true, ""inter_ris_attenuation"": 1.0, ""ris_size_model"": ""growing_aperture"", ""ris_reference_N"": 32, ""radius_floor"": 1e-10, ""estimation_snr_db"": 20.0, ""nmse_db"": null}",345040f061628437e8991ccd8739e4b7528854e57c2ec00c828e1c08d015dc49,2163875823,20.0,,0.01,0.010013212219861102,-19.99426579306717,2000,empirically calibrated per-slot radius; Gaussian errors are unbounded; no deterministic or horizon guarantee,0.11225559399296803,0.12121002295609533,0.11616688832082356,0.12417129005169754,0.12354109311741694,0.13059529746560236,0.13059529746560236
52005,physical_pilot,32,2,1,3501894907,"{""L"": 2, ""K"": 3, ""M"": 12, ""N"": 32, ""bits"": 2, ""bs_x"": [-100.0, 100.0], ""bs_y"": [0.0, 0.0], ""ue_center_x"": [-15.0, 15.0], ""ue_center_y"": [0.0, 0.0], ""ue_radius"": 7.0, ""ris_x"": 0.0, ""ris_y"": 0.0, ""c0_db"": -30.0, ""alpha_bu"": 4.5, ""alpha_br"": 2.2, ""alpha_ru"": 2.2, ""rician_k"": 3.0, ""channel_scale"": 100000.0, ""direct_link_attenuation"": 0.25, ""include_direct_intercell"": true, ""inter_ris_attenuation"": 1.0, ""ris_size_model"": ""growing_aperture"", ""ris_reference_N"": 32, ""radius_floor"": 1e-10, ""estimation_snr_db"": 20.0, ""nmse_db"": null}",345040f061628437e8991ccd8739e4b7528854e57c2ec00c828e1c08d015dc49,2163875823,20.0,,0.01,0.012604031351419699,-18.99490525227359,2000,empirically calibrated per-slot radius; Gaussian errors are unbounded; no deterministic or horizon guarantee,0.17515400256765457,0.22178990437101723,0.19368993318836722,0.2385194390695849,0.23503166306842518,0.2739480235144255,0.2739480235144255
52005,isotropic_effective,32,2,1,3501894907,"{""L"": 2, ""K"": 3, ""M"": 12, ""N"": 32, ""bits"": 2, ""bs_x"": [-100.0, 100.0], ""bs_y"": [0.0, 0.0], ""ue_center_x"": [-15.0, 15.0], ""ue_center_y"": [0.0, 0.0], ""ue_radius"": 7.0, ""ris_x"": 0.0, ""ris_y"": 0.0, ""c0_db"": -30.0, ""alpha_bu"": 4.5, ""alpha_br"": 2.2, ""alpha_ru"": 2.2, ""rician_k"": 3.0, ""channel_scale"": 100000.0, ""direct_link_attenuation"": 0.25, ""include_direct_intercell"": true, ""inter_ris_attenuation"": 1.0, ""ris_size_model"": ""growing_aperture"", ""ris_reference_N"": 32, ""radius_floor"": 1e-10, ""estimation_snr_db"": 30.0, ""nmse_db"": null}",6015bb61bf9007951c65e44e9d000cfca71bbafb116223581c68e5af0ccce872,2023930648,30.0,,0.001,0.000999416931541675,-30.002532972660237,2000,empirically calibrated per-slot radius; Gaussian errors are unbounded; no deterministic or horizon guarantee,0.03558071081661297,0.0384245006942792,0.036811230017147555,0.03935737290014369,0.039144475546686715,0.04111365553199439,0.04111365553199439
52005,physical_pilot,32,2,1,3501894907,"{""L"": 2, ""K"": 3, ""M"": 12, ""N"": 32, ""bits"": 2, ""bs_x"": [-100.0, 100.0], ""bs_y"": [0.0, 0.0], ""ue_center_x"": [-15.0, 15.0], ""ue_center_y"": [0.0, 0.0], ""ue_radius"": 7.0, ""ris_x"": 0.0, ""ris_y"": 0.0, ""c0_db"": -30.0, ""alpha_bu"": 4.5, ""alpha_br"": 2.2, ""alpha_ru"": 2.2, ""rician_k"": 3.0, ""channel_scale"": 100000.0, ""direct_link_attenuation"": 0.25, ""include_direct_intercell"": true, ""inter_ris_attenuation"": 1.0, ""ris_size_model"": ""growing_aperture"", ""ris_reference_N"": 32, ""radius_floor"": 1e-10, ""estimation_snr_db"": 30.0, ""nmse_db"": null}",6015bb61bf9007951c65e44e9d000cfca71bbafb116223581c68e5af0ccce872,2023930648,30.0,,0.001,0.0012560614615412047,-29.00989109201428,2000,empirically calibrated per-slot radius; Gaussian errors are unbounded; no deterministic or horizon guarantee,0.055947216909476856,0.07194384798495958,0.062484600704592774,0.076811263674475,0.07580757752478384,0.08647415986951336,0.08647415986951336
52005,isotropic_effective,32,2,1,3501894907,"{""L"": 2, ""K"": 3, ""M"": 12, ""N"": 32, ""bits"": 2, ""bs_x"": [-100.0, 100.0], ""bs_y"": [0.0, 0.0], ""ue_center_x"": [-15.0, 15.0], ""ue_center_y"": [0.0, 0.0], ""ue_radius"": 7.0, ""ris_x"": 0.0, ""ris_y"": 0.0, ""c0_db"": -30.0, ""alpha_bu"": 4.5, ""alpha_br"": 2.2, ""alpha_ru"": 2.2, ""rician_k"": 3.0, ""channel_scale"": 100000.0, ""direct_link_attenuation"": 0.25, ""include_direct_intercell"": true, ""inter_ris_attenuation"": 1.0, ""ris_size_model"": ""growing_aperture"", ""ris_reference_N"": 32, ""radius_floor"": 1e-10, ""estimation_snr_db"": 40.0, ""nmse_db"": null}",3080a6c61690f2af638ad0b379044abc6a35745d85d5738086bc4095287eae88,1008231090,40.0,,0.0001,0.00010030365184821773,-39.986832549291506,2000,empirically calibrated per-slot radius; Gaussian errors are unbounded; no deterministic or horizon guarantee,0.011241603276694679,0.012138530461053683,0.011668089092950026,0.012442001785348234,0.012382763180031977,0.013015869149232815,0.013015869149232815
52005,physical_pilot,32,2,1,3501894907,"{""L"": 2, ""K"": 3, ""M"": 12, ""N"": 32, ""bits"": 2, ""bs_x"": [-100.0, 100.0], ""bs_y"": [0.0, 0.0], ""ue_center_x"": [-15.0, 15.0], ""ue_center_y"": [0.0, 0.0], ""ue_radius"": 7.0, ""ris_x"": 0.0, ""ris_y"": 0.0, ""c0_db"": -30.0, ""alpha_bu"": 4.5, ""alpha_br"": 2.2, ""alpha_ru"": 2.2, ""rician_k"": 3.0, ""channel_scale"": 100000.0, ""direct_link_attenuation"": 0.25, ""include_direct_intercell"": true, ""inter_ris_attenuation"": 1.0, ""ris_size_model"": ""growing_aperture"", ""ris_reference_N"": 32, ""radius_floor"": 1e-10, ""estimation_snr_db"": 40.0, ""nmse_db"": null}",3080a6c61690f2af638ad0b379044abc6a35745d85d5738086bc4095287eae88,1008231090,40.0,,0.0001,0.0001240098946412519,-39.06543661477627,2000,empirically calibrated per-slot radius; Gaussian errors are unbounded; no deterministic or horizon guarantee,0.01768437696669957,0.022470205180615647,0.019745400059470633,0.024378243791566605,0.023834887743701617,0.028894884867156787,0.028894884867156787
52005,isotropic_effective,32,2,2,2905840724,"{""L"": 2, ""K"": 3, ""M"": 12, ""N"": 32, ""bits"": 2, ""bs_x"": [-100.0, 100.0], ""bs_y"": [0.0, 0.0], ""ue_center_x"": [-15.0, 15.0], ""ue_center_y"": [0.0, 0.0], ""ue_radius"": 7.0, ""ris_x"": 0.0, ""ris_y"": 0.0, ""c0_db"": -30.0, ""alpha_bu"": 4.5, ""alpha_br"": 2.2, ""alpha_ru"": 2.2, ""rician_k"": 3.0, ""channel_scale"": 100000.0, ""direct_link_attenuation"": 0.25, ""include_direct_intercell"": true, ""inter_ris_attenuation"": 1.0, ""ris_size_model"": ""growing_aperture"", ""ris_reference_N"": 32, ""radius_floor"": 1e-10, ""estimation_snr_db"": 10.0, ""nmse_db"": null}",07d58baf677568b6408a12178b03b7f2717b1255adf53503c918072c8e8148d7,1541523276,10.0,,0.1,0.10039503863820486,-9.982877487974754,2000,empirically calibrated per-slot radius; Gaussian errors are unbounded; no deterministic or horizon guarantee,0.34130564999872015,0.36926410968706425,0.3530913991090914,0.3787324660160862,0.3769574031866927,0.4014312996279938,0.4014312996279938
52005,physical_pilot,32,2,2,2905840724,"{""L"": 2, ""K"": 3, ""M"": 12, ""N"": 32, ""bits"": 2, ""bs_x"": [-100.0, 100.0], ""bs_y"": [0.0, 0.0], ""ue_center_x"": [-15.0, 15.0], ""ue_center_y"": [0.0, 0.0], ""ue_radius"": 7.0, ""ris_x"": 0.0, ""ris_y"": 0.0, ""c0_db"": -30.0, ""alpha_bu"": 4.5, ""alpha_br"": 2.2, ""alpha_ru"": 2.2, ""rician_k"": 3.0, ""channel_scale"": 100000.0, ""direct_link_attenuation"": 0.25, ""include_direct_intercell"": true, ""inter_ris_attenuation"": 1.0, ""ris_size_model"": ""growing_aperture"", ""ris_reference_N"": 32, ""radius_floor"": 1e-10, ""estimation_snr_db"": 10.0, ""nmse_db"": null}",07d58baf677568b6408a12178b03b7f2717b1255adf53503c918072c8e8148d7,1541523276,10.0,,0.1,0.1412790243998626,-8.499223127700397,2000,empirically calibrated per-slot radius; Gaussian errors are unbounded; no deterministic or horizon guarantee,0.4848289686166815,0.6229429312820897,0.5374081245770566,0.6727121000496034,0.6632770815829487,0.7862171024893192,0.7862171024893192
52005,isotropic_effective,32,2,2,2905840724,"{""L"": 2, ""K"": 3, ""M"": 12, ""N"": 32, ""bits"": 2, ""bs_x"": [-100.0, 100.0], ""bs_y"": [0.0, 0.0], ""ue_center_x"": [-15.0, 15.0], ""ue_center_y"": [0.0, 0.0], ""ue_radius"": 7.0, ""ris_x"": 0.0, ""ris_y"": 0.0, ""c0_db"": -30.0, ""alpha_bu"": 4.5, ""alpha_br"": 2.2, ""alpha_ru"": 2.2, ""rician_k"": 3.0, ""channel_scale"": 100000.0, ""direct_link_attenuation"": 0.25, ""include_direct_intercell"": true, ""inter_ris_attenuation"": 1.0, ""ris_size_model"": ""growing_aperture"", ""ris_reference_N"": 32, ""radius_floor"": 1e-10, ""estimation_snr_db"": 20.0, ""nmse_db"": null}",345040f061628437e8991ccd8739e4b7528854e57c2ec00c828e1c08d015dc49,3056345768,20.0,,0.01,0.010017798102656754,-19.992277252703467,2000,empirically calibrated per-slot radius; Gaussian errors are unbounded; no deterministic or horizon guarantee,0.11212345260961142,0.12072362443547473,0.11600754720677053,0.12464095698951227,0.12380840301492359,0.13025311969683154,0.13025311969683154
52005,physical_pilot,32,2,2,2905840724,"{""L"": 2, ""K"": 3, ""M"": 12, ""N"": 32, ""bits"": 2, ""bs_x"": [-100.0, 100.0], ""bs_y"": [0.0, 0.0], ""ue_center_x"": [-15.0, 15.0], ""ue_center_y"": [0.0, 0.0], ""ue_radius"": 7.0, ""ris_x"": 0.0, ""ris_y"": 0.0, ""c0_db"": -30.0, ""alpha_bu"": 4.5, ""alpha_br"": 2.2, ""alpha_ru"": 2.2, ""rician_k"": 3.0, ""channel_scale"": 100000.0, ""direct_link_attenuation"": 0.25, ""include_direct_intercell"": true, ""inter_ris_attenuation"": 1.0, ""ris_size_model"": ""growing_aperture"", ""ris_reference_N"": 32, ""radius_floor"": 1e-10, ""estimation_snr_db"": 20.0, ""nmse_db"": null}",345040f061628437e8991ccd8739e4b7528854e57c2ec00c828e1c08d015dc49,3056345768,20.0,,0.01,0.0141888913937551,-18.480515355068,2000,empirically calibrated per-slot radius; Gaussian errors are unbounded; no deterministic or horizon guarantee,0.1607104168725857,0.19795489312957082,0.17473112674496086,0.2133603687743618,0.20947398695496097,0.23745463911856324,0.23745463911856324
52005,isotropic_effective,32,2,2,2905840724,"{""L"": 2, ""K"": 3, ""M"": 12, ""N"": 32, ""bits"": 2, ""bs_x"": [-100.0, 100.0], ""bs_y"": [0.0, 0.0], ""ue_center_x"": [-15.0, 15.0], ""ue_center_y"": [0.0, 0.0], ""ue_radius"": 7.0, ""ris_x"": 0.0, ""ris_y"": 0.0, ""c0_db"": -30.0, ""alpha_bu"": 4.5, ""alpha_br"": 2.2, ""alpha_ru"": 2.2, ""rician_k"": 3.0, ""channel_scale"": 100000.0, ""direct_link_attenuation"": 0.25, ""include_direct_intercell"": true, ""inter_ris_attenuation"": 1.0, ""ris_size_model"": ""growing_aperture"", ""ris_reference_N"": 32, ""radius_floor"": 1e-10, ""estimation_snr_db"": 30.0, ""nmse_db"": null}",6015bb61bf9007951c65e44e9d000cfca71bbafb116223581c68e5af0ccce872,4089718211,30.0,,0.001,0.0009966525894043385,-30.01456200562984,2000,empirically calibrated per-slot radius; Gaussian errors are unbounded; no deterministic or horizon guarantee,0.03558974582701133,0.03830609746673356,0.03681043081078132,0.03925884125448007,0.039036451631333347,0.04112641839607762,0.04112641839607762
52005,physical_pilot,32,2,2,2905840724,"{""L"": 2, ""K"": 3, ""M"": 12, ""N"": 32, ""bits"": 2, ""bs_x"": [-100.0, 100.0], ""bs_y"": [0.0, 0.0], ""ue_center_x"": [-15.0, 15.0], ""ue_center_y"": [0.0, 0.0], ""ue_radius"": 7.0, ""ris_x"": 0.0, ""ris_y"": 0.0, ""c0_db"": -30.0, ""alpha_bu"": 4.5, ""alpha_br"": 2.2, ""alpha_ru"": 2.2, ""rician_k"": 3.0, ""channel_scale"": 100000.0, ""direct_link_attenuation"": 0.25, ""include_direct_intercell"": true, ""inter_ris_attenuation"": 1.0, ""ris_size_model"": ""growing_aperture"", ""ris_reference_N"": 32, ""radius_floor"": 1e-10, ""estimation_snr_db"": 30.0, ""nmse_db"": null}",6015bb61bf9007951c65e44e9d000cfca71bbafb116223581c68e5af0ccce872,4089718211,30.0,,0.001,0.001403098372970774,-28.529118789782938,2000,empirically calibrated per-slot radius; Gaussian errors are unbounded; no deterministic or horizon guarantee,0.05043565724771686,0.061934210282377035,0.05529754806280235,0.0659122445571446,0.0647800796051377,0.07468060701243305,0.07468060701243305
52005,isotropic_effective,32,2,2,2905840724,"{""L"": 2, ""K"": 3, ""M"": 12, ""N"": 32, ""bits"": 2, ""bs_x"": [-100.0, 100.0], ""bs_y"": [0.0, 0.0], ""ue_center_x"": [-15.0, 15.0], ""ue_center_y"": [0.0, 0.0], ""ue_radius"": 7.0, ""ris_x"": 0.0, ""ris_y"": 0.0, ""c0_db"": -30.0, ""alpha_bu"": 4.5, ""alpha_br"": 2.2, ""alpha_ru"": 2.2, ""rician_k"": 3.0, ""channel_scale"": 100000.0, ""direct_link_attenuation"": 0.25, ""include_direct_intercell"": true, ""inter_ris_attenuation"": 1.0, ""ris_size_model"": ""growing_aperture"", ""ris_reference_N"": 32, ""radius_floor"": 1e-10, ""estimation_snr_db"": 40.0, ""nmse_db"": null}",3080a6c61690f2af638ad0b379044abc6a35745d85d5738086bc4095287eae88,3834826556,40.0,,0.0001,9.964686938591603e-05,-40.01536341015465,2000,empirically calibrated per-slot radius; Gaussian errors are unbounded; no deterministic or horizon guarantee,0.011248518833572599,0.012102031708416611,0.011625067497024737,0.012415619034743974,0.012355756957747753,0.013031727802738896,0.013031727802738896
52005,physical_pilot,32,2,2,2905840724,"{""L"": 2, ""K"": 3, ""M"": 12, ""N"": 32, ""bits"": 2, ""bs_x"": [-100.0, 100.0], ""bs_y"": [0.0, 0.0], ""ue_center_x"": [-15.0, 15.0], ""ue_center_y"": [0.0, 0.0], ""ue_radius"": 7.0, ""ris_x"": 0.0, ""ris_y"": 0.0, ""c0_db"": -30.0, ""alpha_bu"": 4.5, ""alpha_br"": 2.2, ""alpha_ru"": 2.2, ""rician_k"": 3.0, ""channel_scale"": 100000.0, ""direct_link_attenuation"": 0.25, ""include_direct_intercell"": true, ""inter_ris_attenuation"": 1.0, ""ris_size_model"": ""growing_aperture"", ""ris_reference_N"": 32, ""radius_floor"": 1e-10, ""estimation_snr_db"": 40.0, ""nmse_db"": null}",3080a6c61690f2af638ad0b379044abc6a35745d85d5738086bc4095287eae88,3834826556,40.0,,0.0001,0.00013899548591986158,-38.569993038605,2000,empirically calibrated per-slot radius; Gaussian errors are unbounded; no deterministic or horizon guarantee,0.01597013881540044,0.01957017188697618,0.017528179138924137,0.020837497461241448,0.020637716243720614,0.023496845584331582,0.023496845584331582
52005,isotropic_effective,32,2,3,3554132576,"{""L"": 2, ""K"": 3, ""M"": 12, ""N"": 32, ""bits"": 2, ""bs_x"": [-100.0, 100.0], ""bs_y"": [0.0, 0.0], ""ue_center_x"": [-15.0, 15.0], ""ue_center_y"": [0.0, 0.0], ""ue_radius"": 7.0, ""ris_x"": 0.0, ""ris_y"": 0.0, ""c0_db"": -30.0, ""alpha_bu"": 4.5, ""alpha_br"": 2.2, ""alpha_ru"": 2.2, ""rician_k"": 3.0, ""channel_scale"": 100000.0, ""direct_link_attenuation"": 0.25, ""include_direct_intercell"": true, ""inter_ris_attenuation"": 1.0, ""ris_size_model"": ""growing_aperture"", ""ris_reference_N"": 32, ""radius_floor"": 1e-10, ""estimation_snr_db"": 10.0, ""nmse_db"": null}",07d58baf677568b6408a12178b03b7f2717b1255adf53503c918072c8e8148d7,3618554610,10.0,,0.1,0.10016199742017519,-9.992970233917267,2000,empirically calibrated per-slot radius; Gaussian errors are unbounded; no deterministic or horizon guarantee,0.34025997150718135,0.3716222394190177,0.35335488111562935,0.3817319744492064,0.380159435167542,0.4016615156224288,0.4016615156224288
52005,physical_pilot,32,2,3,3554132576,"{""L"": 2, ""K"": 3, ""M"": 12, ""N"": 32, ""bits"": 2, ""bs_x"": [-100.0, 100.0], ""bs_y"": [0.0, 0.0], ""ue_center_x"": [-15.0, 15.0], ""ue_center_y"": [0.0, 0.0], ""ue_radius"": 7.0, ""ris_x"": 0.0, ""ris_y"": 0.0, ""c0_db"": -30.0, ""alpha_bu"": 4.5, ""alpha_br"": 2.2, ""alpha_ru"": 2.2, ""rician_k"": 3.0, ""channel_scale"": 100000.0, ""direct_link_attenuation"": 0.25, ""include_direct_intercell"": true, ""inter_ris_attenuation"": 1.0, ""ris_size_model"": ""growing_aperture"", ""ris_reference_N"": 32, ""radius_floor"": 1e-10, ""estimation_snr_db"": 10.0, ""nmse_db"": null}",07d58baf677568b6408a12178b03b7f2717b1255adf53503c918072c8e8148d7,3618554610,10.0,,0.1,0.10009657591120284,-9.995807785476991,2000,empirically calibrated per-slot radius; Gaussian errors are unbounded; no deterministic or horizon guarantee,0.4237793271990086,0.5501142512803286,0.4716346046584712,0.6003484809907195,0.588065383734725,0.7073486378225512,0.7073486378225512
52005,isotropic_effective,32,2,3,3554132576,"{""L"": 2, ""K"": 3, ""M"": 12, ""N"": 32, ""bits"": 2, ""bs_x"": [-100.0, 100.0], ""bs_y"": [0.0, 0.0], ""ue_center_x"": [-15.0, 15.0], ""ue_center_y"": [0.0, 0.0], ""ue_radius"": 7.0, ""ris_x"": 0.0, ""ris_y"": 0.0, ""c0_db"": -30.0, ""alpha_bu"": 4.5, ""alpha_br"": 2.2, ""alpha_ru"": 2.2, ""rician_k"": 3.0, ""channel_scale"": 100000.0, ""direct_link_attenuation"": 0.25, ""include_direct_intercell"": true, ""inter_ris_attenuation"": 1.0, ""ris_size_model"": ""growing_aperture"", ""ris_reference_N"": 32, ""radius_floor"": 1e-10, ""estimation_snr_db"": 20.0, ""nmse_db"": null}",345040f061628437e8991ccd8739e4b7528854e57c2ec00c828e1c08d015dc49,800193429,20.0,,0.01,0.010006517054255266,-19.99717060116585,2000,empirically calibrated per-slot radius; Gaussian errors are unbounded; no deterministic or horizon guarantee,0.11216455895132225,0.12118454409166317,0.11611597510998796,0.12385544484550233,0.12310535585483938,0.1298453537651786,0.1298453537651786
52005,physical_pilot,32,2,3,3554132576,"{""L"": 2, ""K"": 3, ""M"": 12, ""N"": 32, ""bits"": 2, ""bs_x"": [-100.0, 100.0], ""bs_y"": [0.0, 0.0], ""ue_center_x"": [-15.0, 15.0], ""ue_center_y"": [0.0, 0.0], ""ue_radius"": 7.0, ""ris_x"": 0.0, ""ris_y"": 0.0, ""c0_db"": -30.0, ""alpha_bu"": 4.5, ""alpha_br"": 2.2, ""alpha_ru"": 2.2, ""rician_k"": 3.0, ""channel_scale"": 100000.0, ""direct_link_attenuation"": 0.25, ""include_direct_intercell"": true, ""inter_ris_attenuation"": 1.0, ""ris_size_model"": ""growing_aperture"", ""ris_reference_N"": 32, ""radius_floor"": 1e-10, ""estimation_snr_db"": 20.0, ""nmse_db"": null}",345040f061628437e8991ccd8739e4b7528854e57c2ec00c828e1c08d015dc49,800193429,20.0,,0.01,0.009788920144895207,-20.09265214323479,2000,empirically calibrated per-slot radius; Gaussian errors are unbounded; no deterministic or horizon guarantee,0.13612847085541654,0.17049112395187171,0.15046724409509912,0.18397287417346675,0.18069751014807278,0.21099350173568013,0.21099350173568013
52005,isotropic_effective,32,2,3,3554132576,"{""L"": 2, ""K"": 3, ""M"": 12, ""N"": 32, ""bits"": 2, ""bs_x"": [-100.0, 100.0], ""bs_y"": [0.0, 0.0], ""ue_center_x"": [-15.0, 15.0], ""ue_center_y"": [0.0, 0.0], ""ue_radius"": 7.0, ""ris_x"": 0.0, ""ris_y"": 0.0, ""c0_db"": -30.0, ""alpha_bu"": 4.5, ""alpha_br"": 2.2, ""alpha_ru"": 2.2, ""rician_k"": 3.0, ""channel_scale"": 100000.0, ""direct_link_attenuation"": 0.25, ""include_direct_intercell"": true, ""inter_ris_attenuation"": 1.0, ""ris_size_model"": ""growing_aperture"", ""ris_reference_N"": 32, ""radius_floor"": 1e-10, ""estimation_snr_db"": 30.0, ""nmse_db"": null}",6015bb61bf9007951c65e44e9d000cfca71bbafb116223581c68e5af0ccce872,3100568098,30.0,,0.001,0.0009998920033448132,-30.000469048842426,2000,empirically calibrated per-slot radius; Gaussian errors are unbounded; no deterministic or horizon guarantee,0.03560162425700523,0.038291990341725736,0.036748950365285304,0.03920192459494271,0.03894748455162179,0.04101013205341277,0.04101013205341277
52005,physical_pilot,32,2,3,3554132576,"{""L"": 2, ""K"": 3, ""M"": 12, ""N"": 32, ""bits"": 2, ""bs_x"": [-100.0, 100.0], ""bs_y"": [0.0, 0.0], ""ue_center_x"": [-15.0, 15.0], ""ue_center_y"": [0.0, 0.0], ""ue_radius"": 7.0, ""ris_x"": 0.0, ""ris_y"": 0.0, ""c0_db"": -30.0, ""alpha_bu"": 4.5, ""alpha_br"": 2.2, ""alpha_ru"": 2.2, ""rician_k"": 3.0, ""channel_scale"": 100000.0, ""direct_link_attenuation"": 0.25, ""include_direct_intercell"": true, ""inter_ris_attenuation"": 1.0, ""ris_size_model"": ""growing_aperture"", ""ris_reference_N"": 32, ""radius_floor"": 1e-10, ""estimation_snr_db"": 30.0, ""nmse_db"": null}",6015bb61bf9007951c65e44e9d000cfca71bbafb116223581c68e5af0ccce872,3100568098,30.0,,0.001,0.0009891910012656486,-30.047198430976884,2000,empirically calibrated per-slot radius; Gaussian errors are unbounded; no deterministic or horizon guarantee,0.04351780527637342,0.05387978037446748,0.04774308969765688,0.05727386427970247,0.0565095997185124,0.0649376497991923,0.0649376497991923
52005,isotropic_effective,32,2,3,3554132576,"{""L"": 2, ""K"": 3, ""M"": 12, ""N"": 32, ""bits"": 2, ""bs_x"": [-100.0, 100.0], ""bs_y"": [0.0, 0.0], ""ue_center_x"": [-15.0, 15.0], ""ue_center_y"": [0.0, 0.0], ""ue_radius"": 7.0, ""ris_x"": 0.0, ""ris_y"": 0.0, ""c0_db"": -30.0, ""alpha_bu"": 4.5, ""alpha_br"": 2.2, ""alpha_ru"": 2.2, ""rician_k"": 3.0, ""channel_scale"": 100000.0, ""direct_link_attenuation"": 0.25, ""include_direct_intercell"": true, ""inter_ris_attenuation"": 1.0, ""ris_size_model"": ""growing_aperture"", ""ris_reference_N"": 32, ""radius_floor"": 1e-10, ""estimation_snr_db"": 40.0, ""nmse_db"": null}",3080a6c61690f2af638ad0b379044abc6a35745d85d5738086bc4095287eae88,4212789366,40.0,,0.0001,9.961639993204159e-05,-40.01669157422951,2000,empirically calibrated per-slot radius; Gaussian errors are unbounded; no deterministic or horizon guarantee,0.011237699836772095,0.01216182812225006,0.011628445474080025,0.012430271271598549,0.01236451960273953,0.0131155998837012,0.0131155998837012
52005,physical_pilot,32,2,3,3554132576,"{""L"": 2, ""K"": 3, ""M"": 12, ""N"": 32, ""bits"": 2, ""bs_x"": [-100.0, 100.0], ""bs_y"": [0.0, 0.0], ""ue_center_x"": [-15.0, 15.0], ""ue_center_y"": [0.0, 0.0], ""ue_radius"": 7.0, ""ris_x"": 0.0, ""ris_y"": 0.0, ""c0_db"": -30.0, ""alpha_bu"": 4.5, ""alpha_br"": 2.2, ""alpha_ru"": 2.2, ""rician_k"": 3.0, ""channel_scale"": 100000.0, ""direct_link_attenuation"": 0.25, ""include_direct_intercell"": true, ""inter_ris_attenuation"": 1.0, ""ris_size_model"": ""growing_aperture"", ""ris_reference_N"": 32, ""radius_floor"": 1e-10, ""estimation_snr_db"": 40.0, ""nmse_db"": null}",3080a6c61690f2af638ad0b379044abc6a35745d85d5738086bc4095287eae88,4212789366,40.0,,0.0001,9.87012945602407e-05,-40.05677151112714,2000,empirically calibrated per-slot radius; Gaussian errors are unbounded; no deterministic or horizon guarantee,0.013749303059893175,0.01703018142549875,0.015157595063791874,0.018351283490374886,0.01805628382816562,0.020770055582455097,0.020770055582455097
